FIR_ID,Crime_Type,Area,Latitude,Longitude,Date,Time,Severity,Status,Victim_Age,Victim_Gender,Day_of_Week,Hour
FIR00001,6,1,12.913652,77.574747,2025-05-24,1900-01-01 09:36:26,0,2,66,1,2,9
FIR00002,6,11,12.957863,77.697165,2024-09-10,1900-01-01 20:27:59,0,0,22,0,5,20
FIR00003,0,11,12.958266,77.702141,2025-06-19,1900-01-01 03:53:52,2,1,56,0,4,3
FIR00004,1,10,13.006425,77.574383,2025-11-09,1900-01-01 05:20:16,2,0,19,1,3,5
FIR00005,1,6,12.976155,77.64148,2026-05-17,1900-01-01 13:33:43,2,0,63,0,3,13
FIR00006,0,8,12.934499,77.626361,2025-03-05,1900-01-01 14:30:59,2,2,34,1,6,14
FIR00007,1,5,13.0348,77.601925,2024-11-27,1900-01-01 00:14:23,2,2,24,2,6,0
FIR00008,8,11,12.958083,77.692599,2024-09-02,1900-01-01 19:01:13,1,2,40,2,1,19
FIR00009,4,2,12.932259,77.671669,2025-11-01,1900-01-01 23:24:39,2,0,68,2,2,23
FIR00010,7,10,13.007356,77.573251,2025-03-10,1900-01-01 15:38:55,0,0,49,2,1,15
FIR00011,2,9,12.970931,77.604898,2025-07-29,1900-01-01 09:02:51,2,2,36,0,5,9
FIR00012,9,0,12.913897,77.609635,2025-03-26,1900-01-01 13:29:50,1,1,61,2,6,13
FIR00013,6,2,12.92388,77.672165,2024-07-23,1900-01-01 15:16:32,0,1,55,1,5,15
FIR00014,8,1,12.913959,77.575396,2025-11-21,1900-01-01 00:14:48,1,0,69,0,0,0
FIR00015,5,5,13.037536,77.599752,2026-05-13,1900-01-01 06:10:50,0,1,60,2,6,6
FIR00016,6,11,12.960742,77.69585,2025-06-22,1900-01-01 14:33:14,0,1,70,1,3,14
FIR00017,0,12,12.993552,77.557153,2025-10-13,1900-01-01 07:37:43,2,0,62,0,1,7
FIR00018,6,1,12.918729,77.577587,2025-12-04,1900-01-01 13:46:17,0,1,32,1,4,13
FIR00019,9,1,12.91966,77.576466,2025-03-11,1900-01-01 12:06:33,1,0,41,1,5,12
FIR00020,6,13,12.966013,77.749323,2025-05-18,1900-01-01 02:20:27,0,2,31,2,3,2
FIR00021,6,5,13.031093,77.599608,2026-02-09,1900-01-01 05:35:15,0,0,58,1,1,5
FIR00022,4,14,13.1031,77.593195,2024-12-13,1900-01-01 03:58:30,2,2,70,0,0,3
FIR00023,4,14,13.098023,77.601171,2026-06-06,1900-01-01 03:05:57,2,0,20,1,2,3
FIR00024,9,6,12.980697,77.643153,2024-10-15,1900-01-01 11:31:47,1,2,35,2,5,11
FIR00025,9,9,12.973462,77.600937,2024-12-10,1900-01-01 06:39:32,1,2,35,2,5,6
FIR00026,9,6,12.98094,77.638555,2024-11-16,1900-01-01 02:28:10,1,0,27,2,2,2
FIR00027,4,9,12.975702,77.607496,2025-07-09,1900-01-01 06:14:45,2,1,41,2,6,6
FIR00028,7,9,12.976406,77.608535,2024-11-09,1900-01-01 02:07:43,0,1,23,0,2,2
FIR00029,3,11,12.957666,77.696324,2025-05-02,1900-01-01 01:36:15,2,2,44,1,0,1
FIR00030,8,6,12.97768,77.636002,2026-01-24,1900-01-01 22:25:33,1,1,56,0,2,22
FIR00031,9,14,13.104953,77.599803,2026-04-08,1900-01-01 08:18:40,1,2,19,1,6,8
FIR00032,1,4,12.915006,77.649393,2025-12-15,1900-01-01 07:53:19,2,1,61,0,1,7
FIR00033,8,10,13.006535,77.57034,2026-01-13,1900-01-01 21:17:09,1,0,31,0,5,21
FIR00034,5,2,12.931094,77.676251,2026-06-05,1900-01-01 06:32:23,0,0,22,0,0,6
FIR00035,3,14,13.105555,77.597127,2025-06-07,1900-01-01 06:05:34,2,2,46,0,2,6
FIR00036,5,13,12.968441,77.749823,2024-10-06,1900-01-01 04:57:23,0,2,45,0,3,4
FIR00037,4,10,13.001888,77.574333,2025-08-14,1900-01-01 12:03:16,2,2,53,1,4,12
FIR00038,7,8,12.935362,77.621359,2025-04-20,1900-01-01 01:11:06,0,2,49,0,3,1
FIR00039,3,5,13.035471,77.594576,2026-07-19,1900-01-01 23:07:40,2,0,23,2,3,23
FIR00040,6,12,12.99037,77.551741,2024-12-19,1900-01-01 00:13:55,0,1,29,0,4,0
FIR00041,4,8,12.937789,77.622348,2024-12-09,1900-01-01 00:52:38,2,2,47,2,1,0
FIR00042,0,2,12.924901,77.672097,2025-03-07,1900-01-01 20:27:43,2,0,30,0,0,20
FIR00043,1,4,12.906813,77.64322,2025-11-25,1900-01-01 07:10:19,2,2,32,0,5,7
FIR00044,2,5,13.039194,77.597305,2026-01-01,1900-01-01 20:48:29,2,2,58,2,4,20
FIR00045,3,9,12.977121,77.605752,2024-08-22,1900-01-01 19:37:53,2,1,54,0,4,19
FIR00046,6,11,12.957256,77.700151,2025-07-24,1900-01-01 08:41:08,0,2,57,1,4,8
FIR00047,9,5,13.034852,77.595753,2024-11-21,1900-01-01 22:21:05,1,2,33,1,4,22
FIR00048,6,10,13.007104,77.565639,2025-08-26,1900-01-01 09:28:42,0,2,63,2,5,9
FIR00049,8,13,12.969199,77.748118,2025-11-05,1900-01-01 14:14:43,1,2,70,1,6,14
FIR00050,2,7,12.926559,77.588919,2025-11-18,1900-01-01 10:39:12,2,2,30,2,5,10
FIR00051,2,2,12.92822,77.674622,2024-10-08,1900-01-01 17:42:17,2,2,46,1,5,17
FIR00052,0,2,12.931094,77.672787,2025-03-31,1900-01-01 06:54:35,2,0,53,1,1,6
FIR00053,5,3,12.840478,77.680244,2024-10-07,1900-01-01 03:32:02,0,2,20,0,1,3
FIR00054,9,3,12.843995,77.676998,2025-06-06,1900-01-01 09:54:33,1,1,47,2,0,9
FIR00055,8,0,12.913128,77.610116,2025-03-25,1900-01-01 11:08:58,1,1,21,2,5,11
FIR00056,9,4,12.907201,77.647605,2026-04-07,1900-01-01 21:45:57,1,2,68,0,5,21
FIR00057,7,4,12.914787,77.644903,2025-03-09,1900-01-01 21:37:12,0,0,41,1,3,21
FIR00058,1,7,12.924768,77.592749,2026-01-17,1900-01-01 09:51:58,2,2,24,0,2,9
FIR00059,5,9,12.979325,77.605949,2025-12-29,1900-01-01 18:58:00,0,2,65,1,1,18
FIR00060,2,2,12.927693,77.673002,2025-01-16,1900-01-01 00:06:48,2,2,64,1,4,0
FIR00061,0,5,13.039109,77.596187,2025-06-03,1900-01-01 10:03:23,2,2,46,2,5,10
FIR00062,8,14,13.100005,77.59132,2025-01-14,1900-01-01 20:09:29,1,2,34,1,5,20
FIR00063,1,5,13.033763,77.595192,2025-09-09,1900-01-01 03:16:40,2,1,48,0,5,3
FIR00064,5,12,12.992694,77.559339,2024-11-09,1900-01-01 04:29:14,0,2,30,0,2,4
FIR00065,8,7,12.92398,77.598659,2025-05-16,1900-01-01 14:49:32,1,2,26,2,0,14
FIR00066,3,11,12.961741,77.700099,2024-11-29,1900-01-01 18:47:07,2,0,65,2,0,18
FIR00067,9,11,12.960683,77.696255,2025-08-25,1900-01-01 05:30:48,1,2,33,2,1,5
FIR00068,8,12,12.99051,77.551724,2025-06-19,1900-01-01 18:41:28,1,2,54,0,4,18
FIR00069,6,9,12.977032,77.600573,2026-07-18,1900-01-01 23:14:06,0,1,50,0,2,23
FIR00070,0,8,12.930333,77.629311,2025-11-03,1900-01-01 08:39:24,2,1,46,1,1,8
FIR00071,0,0,12.920688,77.605201,2026-05-11,1900-01-01 21:09:28,2,2,54,0,1,21
FIR00072,3,12,12.987934,77.55719,2026-01-21,1900-01-01 13:09:38,2,1,54,1,6,13
FIR00073,9,3,12.840185,77.673289,2026-02-10,1900-01-01 16:40:52,1,0,54,1,5,16
FIR00074,0,2,12.92739,77.679663,2026-03-12,1900-01-01 03:56:12,2,2,18,1,4,3
FIR00075,2,7,12.925777,77.593472,2026-06-09,1900-01-01 21:24:06,2,0,21,1,5,21
FIR00076,0,0,12.916033,77.608155,2025-06-01,1900-01-01 02:59:31,2,1,23,0,3,2
FIR00077,0,6,12.976149,77.639267,2025-12-01,1900-01-01 09:30:58,2,0,55,2,1,9
FIR00078,7,3,12.840126,77.672957,2025-08-05,1900-01-01 22:07:30,0,1,63,0,5,22
FIR00079,8,11,12.956095,77.700581,2026-04-25,1900-01-01 14:11:14,1,0,53,2,2,14
FIR00080,2,9,12.974594,77.605224,2024-12-26,1900-01-01 23:56:42,2,0,51,1,4,23
FIR00081,7,12,12.994627,77.554515,2025-01-29,1900-01-01 03:28:58,0,2,40,2,6,3
FIR00082,0,2,12.930705,77.68053,2025-05-11,1900-01-01 18:40:08,2,2,59,1,3,18
FIR00083,3,14,13.095898,77.600473,2025-03-27,1900-01-01 19:04:56,2,1,32,2,4,19
FIR00084,0,1,12.91386,77.568904,2025-11-23,1900-01-01 14:38:35,2,2,43,0,3,14
FIR00085,8,5,13.034949,77.597855,2025-09-05,1900-01-01 14:25:42,1,2,37,2,0,14
FIR00086,0,8,12.934172,77.625133,2026-01-15,1900-01-01 07:56:48,2,1,47,2,4,7
FIR00087,8,0,12.913294,77.609105,2026-02-05,1900-01-01 22:02:25,1,2,24,2,4,22
FIR00088,4,14,13.100979,77.60098,2025-08-05,1900-01-01 14:20:18,2,2,65,1,5,14
FIR00089,6,0,12.921278,77.606078,2025-03-27,1900-01-01 08:57:34,0,2,55,0,4,8
FIR00090,7,1,12.91848,77.568625,2026-04-09,1900-01-01 15:46:29,0,2,20,2,4,15
FIR00091,3,3,12.840179,77.67655,2026-04-18,1900-01-01 20:31:34,2,2,51,1,2,20
FIR00092,4,13,12.971461,77.751723,2026-06-18,1900-01-01 15:51:14,2,1,67,0,4,15
FIR00093,7,2,12.932558,77.678115,2026-07-18,1900-01-01 05:19:54,0,1,30,1,2,5
FIR00094,5,5,13.031974,77.600249,2026-04-15,1900-01-01 05:11:34,0,0,43,1,6,5
FIR00095,9,4,12.907301,77.649087,2024-10-04,1900-01-01 15:25:02,1,2,30,1,0,15
FIR00096,4,12,12.995016,77.549537,2026-01-12,1900-01-01 04:15:27,2,1,47,1,1,4
FIR00097,3,0,12.919986,77.612003,2024-09-09,1900-01-01 16:42:32,2,1,60,1,1,16
FIR00098,3,1,12.92215,77.570813,2024-10-12,1900-01-01 23:12:45,2,1,50,2,2,23
FIR00099,2,11,12.954955,77.698599,2025-06-21,1900-01-01 22:29:41,2,1,41,1,2,22
FIR00100,5,8,12.932717,77.626761,2024-10-28,1900-01-01 12:42:17,0,1,57,2,1,12
FIR00101,2,13,12.971344,77.754384,2025-03-19,1900-01-01 00:48:07,2,2,41,1,6,0
FIR00102,0,10,13.000832,77.569138,2024-09-22,1900-01-01 03:55:31,2,2,67,0,3,3
FIR00103,0,3,12.837577,77.67275,2025-11-22,1900-01-01 21:01:12,2,1,36,2,2,21
FIR00104,2,10,13.004905,77.572235,2025-02-15,1900-01-01 13:33:54,2,2,70,1,2,13
FIR00105,1,5,13.039011,77.596246,2025-04-26,1900-01-01 08:13:05,2,1,37,1,2,8
FIR00106,8,10,13.002125,77.568108,2025-09-13,1900-01-01 23:37:17,1,2,19,1,2,23
FIR00107,0,7,12.92172,77.59508,2026-06-11,1900-01-01 16:55:41,2,0,48,2,4,16
FIR00108,1,8,12.935329,77.6289,2025-07-08,1900-01-01 23:16:13,2,2,36,0,5,23
FIR00109,9,6,12.9773,77.641894,2024-08-19,1900-01-01 03:08:10,1,2,59,1,1,3
FIR00110,0,1,12.923093,77.573428,2026-06-29,1900-01-01 12:57:06,2,1,48,2,1,12
FIR00111,9,1,12.918834,77.575227,2024-12-10,1900-01-01 15:27:50,1,2,52,0,5,15
FIR00112,2,14,13.099945,77.599152,2025-04-27,1900-01-01 19:18:16,2,0,48,0,3,19
FIR00113,0,12,12.989602,77.550255,2026-05-08,1900-01-01 07:35:45,2,1,57,0,0,7
FIR00114,8,12,12.98837,77.552897,2024-12-10,1900-01-01 01:58:46,1,1,21,2,5,1
FIR00115,0,8,12.930716,77.622027,2025-07-01,1900-01-01 21:26:07,2,2,46,0,5,21
FIR00116,7,7,12.927544,77.592454,2026-05-30,1900-01-01 16:44:33,0,1,51,2,2,16
FIR00117,1,7,12.92278,77.598245,2026-05-29,1900-01-01 15:55:46,2,0,27,2,0,15
FIR00118,2,8,12.93046,77.623435,2024-11-02,1900-01-01 13:56:44,2,1,44,0,2,13
FIR00119,0,14,13.102114,77.598629,2024-09-05,1900-01-01 00:06:19,2,0,34,2,4,0
FIR00120,8,6,12.98233,77.639566,2026-05-01,1900-01-01 08:09:53,1,2,28,2,0,8
FIR00121,7,6,12.976966,77.641856,2025-06-26,1900-01-01 22:24:01,0,1,55,1,4,22
FIR00122,4,1,12.920247,77.576683,2026-01-22,1900-01-01 19:36:35,2,0,38,1,4,19
FIR00123,4,5,13.036054,77.596089,2026-04-15,1900-01-01 11:50:30,2,2,32,2,6,11
FIR00124,9,0,12.92064,77.614214,2025-02-09,1900-01-01 15:56:59,1,0,35,0,3,15
FIR00125,7,1,12.920509,77.568796,2025-01-09,1900-01-01 22:59:32,0,0,45,0,4,22
FIR00126,5,1,12.921017,77.575387,2026-02-05,1900-01-01 02:08:30,0,2,41,0,4,2
FIR00127,4,0,12.916264,77.607112,2024-10-27,1900-01-01 20:18:11,2,1,26,2,3,20
FIR00128,3,11,12.955744,77.697328,2025-11-23,1900-01-01 16:22:42,2,0,38,2,3,16
FIR00129,3,12,12.987918,77.557119,2025-01-12,1900-01-01 23:58:11,2,2,69,2,3,23
FIR00130,1,10,13.001755,77.56862,2026-02-12,1900-01-01 03:31:31,2,2,56,1,4,3
FIR00131,5,4,12.91132,77.646934,2025-06-28,1900-01-01 13:42:49,0,2,40,2,2,13
FIR00132,1,0,12.913025,77.613093,2024-10-24,1900-01-01 12:21:16,2,1,20,0,4,12
FIR00133,0,8,12.930838,77.624174,2025-02-28,1900-01-01 12:58:03,2,2,67,1,0,12
FIR00134,0,12,12.988927,77.553027,2025-03-23,1900-01-01 10:07:41,2,0,60,0,3,10
FIR00135,1,11,12.954937,77.699828,2026-01-04,1900-01-01 21:02:28,2,2,57,2,3,21
FIR00136,4,12,12.986555,77.553762,2026-02-27,1900-01-01 15:36:13,2,2,46,1,0,15
FIR00137,0,11,12.956249,77.696609,2025-12-29,1900-01-01 08:39:08,2,0,42,2,1,8
FIR00138,4,6,12.979637,77.644314,2026-02-20,1900-01-01 00:21:50,2,0,29,0,0,0
FIR00139,8,10,12.999462,77.568266,2025-03-25,1900-01-01 06:40:50,1,0,41,1,5,6
FIR00140,3,13,12.969009,77.745389,2024-09-20,1900-01-01 06:01:14,2,2,59,1,0,6
FIR00141,5,0,12.91455,77.605262,2024-08-07,1900-01-01 07:46:27,0,1,60,2,6,7
FIR00142,6,1,12.91758,77.574831,2025-01-23,1900-01-01 09:08:12,0,2,40,1,4,9
FIR00143,4,0,12.919929,77.614215,2025-09-10,1900-01-01 10:39:32,2,1,37,0,6,10
FIR00144,3,2,12.931123,77.67764,2025-07-27,1900-01-01 19:02:25,2,2,59,2,3,19
FIR00145,3,5,13.034181,77.601877,2025-06-26,1900-01-01 05:05:00,2,1,54,1,4,5
FIR00146,2,13,12.972343,77.751957,2026-02-12,1900-01-01 09:40:39,2,2,60,2,4,9
FIR00147,6,11,12.958034,77.697062,2024-09-12,1900-01-01 22:34:32,0,2,39,1,4,22
FIR00148,1,10,13.001622,77.566023,2025-07-23,1900-01-01 23:27:10,2,0,43,0,6,23
FIR00149,3,8,12.935997,77.623487,2025-03-29,1900-01-01 07:14:44,2,0,62,0,2,7
FIR00150,7,9,12.971712,77.602158,2025-06-19,1900-01-01 07:53:44,0,2,34,0,4,7
FIR00151,7,5,13.031985,77.594894,2025-06-11,1900-01-01 18:04:03,0,2,37,1,6,18
FIR00152,1,11,12.961218,77.698795,2024-10-22,1900-01-01 15:46:21,2,0,34,1,5,15
FIR00153,6,13,12.96871,77.750535,2026-01-29,1900-01-01 06:30:36,0,2,55,0,4,6
FIR00154,9,12,12.989012,77.549845,2026-01-31,1900-01-01 09:49:07,1,0,58,0,2,9
FIR00155,1,11,12.956395,77.699691,2025-08-04,1900-01-01 16:33:40,2,2,22,1,1,16
FIR00156,4,1,12.923307,77.570618,2026-06-23,1900-01-01 08:39:04,2,1,60,1,5,8
FIR00157,6,3,12.836459,77.678641,2025-09-14,1900-01-01 07:02:33,0,0,60,2,3,7
FIR00158,0,7,12.925633,77.594081,2025-12-01,1900-01-01 15:32:46,2,0,24,2,1,15
FIR00159,5,7,12.926939,77.594987,2025-12-10,1900-01-01 17:01:30,0,2,60,0,6,17
FIR00160,9,1,12.92003,77.571481,2025-01-27,1900-01-01 16:03:59,1,0,44,0,1,16
FIR00161,7,2,12.927701,77.676169,2026-04-23,1900-01-01 18:04:24,0,0,37,2,4,18
FIR00162,4,2,12.930242,77.671947,2026-05-29,1900-01-01 16:50:28,2,1,58,1,0,16
FIR00163,4,6,12.974206,77.645124,2026-04-09,1900-01-01 05:48:35,2,0,45,0,4,5
FIR00164,1,3,12.837389,77.6721,2026-03-22,1900-01-01 03:28:29,2,1,21,2,3,3
FIR00165,0,10,13.002687,77.568086,2024-12-27,1900-01-01 12:04:52,2,0,66,2,0,12
FIR00166,7,3,12.837701,77.677133,2026-06-22,1900-01-01 09:09:35,0,0,52,1,1,9
FIR00167,3,5,13.036792,77.594608,2025-07-17,1900-01-01 02:44:47,2,0,19,2,4,2
FIR00168,1,13,12.968367,77.754395,2025-05-21,1900-01-01 08:38:45,2,2,31,2,6,8
FIR00169,8,2,12.930891,77.678193,2026-03-07,1900-01-01 07:51:20,1,1,54,1,2,7
FIR00170,5,8,12.93984,77.621439,2025-03-04,1900-01-01 12:02:03,0,2,66,2,5,12
FIR00171,9,3,12.839717,77.676353,2026-02-22,1900-01-01 11:09:54,1,1,34,1,3,11
FIR00172,0,2,12.923474,77.674997,2025-10-03,1900-01-01 11:21:15,2,1,31,2,0,11
FIR00173,9,13,12.972982,77.752368,2024-11-24,1900-01-01 23:57:45,1,1,55,2,3,23
FIR00174,8,0,12.915436,77.608065,2026-01-30,1900-01-01 10:28:43,1,1,36,0,0,10
FIR00175,2,13,12.972946,77.751956,2025-05-09,1900-01-01 12:15:06,2,1,49,1,0,12
FIR00176,1,12,12.989259,77.559436,2026-05-20,1900-01-01 12:53:56,2,0,58,0,6,12
FIR00177,5,4,12.913138,77.648905,2024-09-19,1900-01-01 13:05:34,0,2,21,2,4,13
FIR00178,3,5,13.038832,77.601323,2024-10-07,1900-01-01 06:17:12,2,1,34,1,1,6
FIR00179,2,2,12.927336,77.674925,2025-06-05,1900-01-01 04:21:16,2,1,59,2,4,4
FIR00180,0,1,12.917849,77.570777,2025-06-13,1900-01-01 06:10:23,2,2,50,1,0,6
FIR00181,2,8,12.934752,77.627789,2025-06-19,1900-01-01 13:47:50,2,2,29,2,4,13
FIR00182,5,2,12.931093,77.675766,2025-09-22,1900-01-01 09:57:23,0,1,70,1,1,9
FIR00183,7,13,12.974217,77.753812,2026-06-29,1900-01-01 20:47:34,0,2,42,1,1,20
FIR00184,8,11,12.960353,77.696623,2024-07-30,1900-01-01 23:15:26,1,0,34,2,5,23
FIR00185,6,11,12.956088,77.696969,2025-03-13,1900-01-01 13:34:57,0,0,21,2,4,13
FIR00186,3,7,12.926694,77.59807,2025-08-24,1900-01-01 17:11:43,2,1,60,2,3,17
FIR00187,0,11,12.95635,77.6932,2024-08-25,1900-01-01 14:53:47,2,1,35,0,3,14
FIR00188,9,0,12.914176,77.613395,2025-11-22,1900-01-01 04:11:09,1,1,63,1,2,4
FIR00189,5,9,12.974875,77.601564,2025-02-20,1900-01-01 00:31:14,0,2,42,2,4,0
FIR00190,5,7,12.925903,77.596443,2025-06-13,1900-01-01 08:16:58,0,0,58,1,0,8
FIR00191,6,0,12.917136,77.611714,2026-01-20,1900-01-01 07:21:14,0,0,44,0,5,7
FIR00192,5,2,12.927672,77.676305,2026-01-31,1900-01-01 02:24:09,0,1,21,1,2,2
FIR00193,2,12,12.993142,77.550205,2025-11-11,1900-01-01 04:59:09,2,2,67,2,5,4
FIR00194,3,12,12.994875,77.554989,2025-06-18,1900-01-01 19:11:02,2,1,62,2,6,19
FIR00195,7,0,12.920806,77.610949,2026-06-06,1900-01-01 04:02:56,0,2,39,0,2,4
FIR00196,5,4,12.909805,77.644605,2026-06-06,1900-01-01 13:09:37,0,2,60,2,2,13
FIR00197,1,2,12.927247,77.674625,2026-04-01,1900-01-01 08:29:34,2,0,56,1,6,8
FIR00198,6,13,12.968194,77.753519,2024-11-19,1900-01-01 23:09:41,0,0,48,0,5,23
FIR00199,9,13,12.973594,77.753714,2025-12-19,1900-01-01 15:42:17,1,2,38,0,0,15
FIR00200,2,1,12.913517,77.570946,2024-11-12,1900-01-01 19:16:49,2,2,35,2,5,19
FIR00201,9,12,12.992742,77.557382,2024-10-30,1900-01-01 15:36:49,1,0,23,2,6,15
FIR00202,5,5,13.035004,77.593184,2025-03-01,1900-01-01 08:28:35,0,2,23,0,2,8
FIR00203,2,5,13.032428,77.601607,2026-03-11,1900-01-01 06:57:05,2,0,29,2,6,6
FIR00204,9,11,12.963673,77.697821,2025-12-13,1900-01-01 05:28:02,1,1,26,0,2,5
FIR00205,1,4,12.912747,77.651902,2026-04-25,1900-01-01 08:10:16,2,1,35,2,2,8
FIR00206,6,8,12.937806,77.622749,2025-07-21,1900-01-01 16:20:31,0,0,51,2,1,16
FIR00207,0,12,12.995123,77.552744,2024-12-14,1900-01-01 22:54:31,2,0,22,1,2,22
FIR00208,1,11,12.959869,77.695544,2025-10-14,1900-01-01 05:38:29,2,2,59,2,5,5
FIR00209,1,8,12.940058,77.620511,2025-08-13,1900-01-01 20:37:21,2,0,19,2,6,20
FIR00210,4,0,12.912266,77.608109,2025-02-15,1900-01-01 16:17:30,2,0,40,0,2,16
FIR00211,6,10,13.001605,77.571928,2025-08-29,1900-01-01 21:14:41,0,2,53,2,0,21
FIR00212,6,2,12.923357,77.673889,2026-02-09,1900-01-01 20:44:45,0,0,34,0,1,20
FIR00213,1,1,12.91352,77.573626,2025-12-05,1900-01-01 18:12:50,2,0,58,0,0,18
FIR00214,6,9,12.978174,77.60778,2026-05-17,1900-01-01 08:55:32,0,0,20,2,3,8
FIR00215,9,14,13.101881,77.600478,2025-01-16,1900-01-01 01:14:30,1,1,22,0,4,1
FIR00216,0,9,12.978363,77.602832,2024-08-22,1900-01-01 06:18:39,2,2,38,2,4,6
FIR00217,0,7,12.927239,77.59183,2026-02-02,1900-01-01 14:05:49,2,0,39,2,1,14
FIR00218,7,10,13.007668,77.565981,2025-07-05,1900-01-01 18:38:38,0,0,55,2,2,18
FIR00219,3,5,13.037611,77.601647,2025-05-02,1900-01-01 05:15:13,2,0,41,0,0,5
FIR00220,5,7,12.923691,77.595897,2026-01-21,1900-01-01 21:28:16,0,1,19,2,6,21
FIR00221,6,7,12.925287,77.589944,2026-01-23,1900-01-01 13:47:49,0,1,24,0,0,13
FIR00222,3,5,13.031364,77.601456,2024-08-23,1900-01-01 09:18:41,2,1,64,1,0,9
FIR00223,7,5,13.036946,77.600557,2026-06-30,1900-01-01 08:05:51,0,0,47,1,5,8
FIR00224,1,3,12.840764,77.673227,2024-08-13,1900-01-01 10:36:34,2,2,39,0,5,10
FIR00225,2,2,12.928744,77.672606,2024-10-04,1900-01-01 11:19:34,2,1,29,2,0,11
FIR00226,3,10,13.005905,77.569062,2025-12-23,1900-01-01 11:01:57,2,2,52,0,5,11
FIR00227,1,5,13.035901,77.60164,2024-09-04,1900-01-01 20:14:23,2,2,32,1,6,20
FIR00228,1,1,12.923081,77.576898,2024-09-04,1900-01-01 14:44:27,2,2,41,0,6,14
FIR00229,5,14,13.101488,77.591478,2026-05-10,1900-01-01 13:15:24,0,2,54,2,3,13
FIR00230,3,14,13.101533,77.598819,2026-05-19,1900-01-01 05:06:08,2,0,34,2,5,5
FIR00231,0,3,12.835377,77.674606,2025-04-16,1900-01-01 08:51:20,2,1,25,1,6,8
FIR00232,8,0,12.914889,77.605298,2026-04-23,1900-01-01 09:21:51,1,2,19,2,4,9
FIR00233,0,1,12.918477,77.576776,2025-04-24,1900-01-01 20:02:20,2,0,19,0,4,20
FIR00234,3,7,12.925321,77.59241,2025-09-11,1900-01-01 02:14:12,2,0,39,2,4,2
FIR00235,3,1,12.923395,77.570189,2025-03-18,1900-01-01 09:58:21,2,2,37,1,5,9
FIR00236,7,10,13.003383,77.568856,2025-08-03,1900-01-01 10:09:34,0,2,46,2,3,10
FIR00237,3,5,13.040726,77.60118,2024-10-31,1900-01-01 23:23:50,2,1,26,1,4,23
FIR00238,8,6,12.97477,77.641253,2025-12-01,1900-01-01 17:40:15,1,2,36,1,1,17
FIR00239,2,7,12.923023,77.596058,2026-06-02,1900-01-01 01:10:05,2,2,20,2,5,1
FIR00240,3,8,12.933822,77.627947,2026-04-15,1900-01-01 19:55:34,2,2,69,0,6,19
FIR00241,4,12,12.991841,77.551938,2026-05-22,1900-01-01 06:27:03,2,0,65,0,0,6
FIR00242,8,3,12.843266,77.68071,2026-05-08,1900-01-01 08:55:54,1,1,55,0,0,8
FIR00243,1,4,12.908591,77.64567,2025-05-15,1900-01-01 13:22:11,2,2,66,2,4,13
FIR00244,9,9,12.972552,77.608301,2024-09-17,1900-01-01 06:35:59,1,0,43,0,5,6
FIR00245,4,5,13.040291,77.60113,2024-11-27,1900-01-01 03:34:55,2,1,39,1,6,3
FIR00246,3,4,12.911021,77.648809,2026-03-22,1900-01-01 05:45:13,2,0,47,0,3,5
FIR00247,5,13,12.965669,77.753613,2026-01-02,1900-01-01 21:29:43,0,0,65,0,0,21
FIR00248,4,0,12.921024,77.608795,2024-11-25,1900-01-01 16:10:56,2,1,46,1,1,16
FIR00249,0,10,13.000274,77.566016,2025-03-20,1900-01-01 11:49:06,2,1,44,2,4,11
FIR00250,7,7,12.921301,77.591254,2025-01-02,1900-01-01 22:53:52,0,0,29,1,4,22
FIR00251,9,7,12.926245,77.593448,2025-12-29,1900-01-01 18:35:30,1,2,64,0,1,18
FIR00252,1,13,12.965889,77.749756,2026-07-11,1900-01-01 17:12:19,2,0,26,0,2,17
FIR00253,4,13,12.970237,77.746767,2024-12-21,1900-01-01 23:45:30,2,0,32,0,2,23
FIR00254,1,12,12.994652,77.551782,2025-01-21,1900-01-01 22:41:15,2,1,31,1,5,22
FIR00255,3,6,12.982093,77.644868,2025-08-30,1900-01-01 13:01:05,2,2,33,2,2,13
FIR00256,0,7,12.920092,77.596875,2025-11-11,1900-01-01 07:06:37,2,2,45,1,5,7
FIR00257,6,4,12.909347,77.64522,2024-11-29,1900-01-01 07:38:46,0,1,65,2,0,7
FIR00258,1,10,13.003459,77.572254,2025-04-12,1900-01-01 05:58:01,2,0,51,0,2,5
FIR00259,3,7,12.921951,77.591733,2025-01-05,1900-01-01 21:16:30,2,2,49,2,3,21
FIR00260,4,3,12.84254,77.672337,2025-11-04,1900-01-01 15:32:29,2,0,60,1,5,15
FIR00261,2,12,12.988044,77.549586,2024-09-11,1900-01-01 12:02:33,2,1,56,2,6,12
FIR00262,1,11,12.954644,77.695738,2024-12-25,1900-01-01 02:28:15,2,0,59,0,6,2
FIR00263,2,2,12.92617,77.678292,2025-05-28,1900-01-01 13:33:51,2,1,21,0,6,13
FIR00264,4,14,13.099312,77.600608,2026-06-15,1900-01-01 01:12:28,2,1,56,1,1,1
FIR00265,8,2,12.930597,77.674661,2026-07-23,1900-01-01 16:15:23,1,1,47,2,4,16
FIR00266,1,7,12.922779,77.593058,2026-07-12,1900-01-01 02:37:53,2,0,37,2,3,2
FIR00267,4,8,12.939873,77.624191,2025-01-14,1900-01-01 21:56:57,2,0,30,0,5,21
FIR00268,0,4,12.907761,77.643176,2026-03-21,1900-01-01 21:03:00,2,0,54,2,2,21
FIR00269,5,4,12.915919,77.651448,2026-07-21,1900-01-01 19:50:57,0,1,51,0,5,19
FIR00270,3,10,13.002759,77.573181,2025-02-26,1900-01-01 20:09:42,2,2,68,2,6,20
FIR00271,1,3,12.837013,77.673181,2025-05-08,1900-01-01 11:47:32,2,1,64,2,4,11
FIR00272,5,10,13.003226,77.57322,2026-06-05,1900-01-01 22:52:34,0,2,61,1,0,22
FIR00273,1,2,12.930102,77.680939,2025-12-16,1900-01-01 06:29:48,2,2,35,0,5,6
FIR00274,0,8,12.939454,77.624962,2025-04-21,1900-01-01 12:29:19,2,0,20,0,1,12
FIR00275,4,10,13.003622,77.570909,2025-06-23,1900-01-01 15:45:13,2,2,53,1,1,15
FIR00276,9,12,12.99225,77.556349,2025-05-06,1900-01-01 07:32:16,1,0,65,1,5,7
FIR00277,9,7,12.923603,77.593434,2025-06-27,1900-01-01 17:12:11,1,2,20,0,0,17
FIR00278,2,0,12.913812,77.611853,2025-07-26,1900-01-01 04:53:28,2,1,26,0,2,4
FIR00279,2,5,13.032088,77.596572,2026-06-29,1900-01-01 09:23:19,2,2,52,0,1,9
FIR00280,6,0,12.913995,77.61012,2026-02-08,1900-01-01 18:32:48,0,1,60,1,3,18
FIR00281,5,7,12.926629,77.589789,2026-06-13,1900-01-01 20:20:02,0,0,65,2,2,20
FIR00282,5,9,12.975372,77.601704,2025-01-18,1900-01-01 00:36:37,0,2,23,2,2,0
FIR00283,3,0,12.916561,77.613513,2026-03-26,1900-01-01 15:40:03,2,1,34,0,4,15
FIR00284,3,3,12.843394,77.67354,2024-09-05,1900-01-01 14:48:47,2,2,47,1,4,14
FIR00285,2,7,12.927225,77.596336,2025-08-02,1900-01-01 10:20:53,2,2,20,2,2,10
FIR00286,2,2,12.927951,77.675157,2024-09-09,1900-01-01 07:02:45,2,0,25,1,1,7
FIR00287,2,12,12.991347,77.555458,2024-11-19,1900-01-01 15:23:34,2,2,20,2,5,15
FIR00288,0,0,12.915769,77.613323,2025-02-07,1900-01-01 01:04:55,2,1,50,2,0,1
FIR00289,3,9,12.977336,77.600992,2025-07-20,1900-01-01 13:55:23,2,0,53,0,3,13
FIR00290,2,8,12.931394,77.626505,2024-11-09,1900-01-01 13:42:06,2,1,62,2,2,13
FIR00291,1,6,12.977845,77.639665,2026-06-28,1900-01-01 03:51:49,2,1,23,2,3,3
FIR00292,0,13,12.966252,77.74837,2026-06-24,1900-01-01 06:48:14,2,2,63,0,6,6
FIR00293,0,5,13.035376,77.595712,2026-06-27,1900-01-01 03:47:48,2,1,41,1,2,3
FIR00294,3,7,12.921326,77.59394,2025-07-08,1900-01-01 14:27:34,2,1,67,0,5,14
FIR00295,5,13,12.967178,77.746125,2025-11-09,1900-01-01 07:35:58,0,0,47,0,3,7
FIR00296,0,5,13.036035,77.601996,2025-10-15,1900-01-01 18:01:46,2,1,50,2,6,18
FIR00297,8,8,12.939589,77.619708,2026-04-01,1900-01-01 06:57:52,1,1,26,1,6,6
FIR00298,3,2,12.932682,77.676278,2024-10-17,1900-01-01 10:06:11,2,1,66,2,4,10
FIR00299,4,2,12.927058,77.67506,2024-09-24,1900-01-01 10:13:17,2,1,20,1,5,10
FIR00300,2,14,13.102558,77.599215,2026-03-18,1900-01-01 07:33:06,2,2,28,2,6,7
FIR00301,6,1,12.916024,77.570567,2024-11-14,1900-01-01 23:18:23,0,1,19,0,4,23
FIR00302,8,11,12.963766,77.6964,2026-05-15,1900-01-01 12:22:02,1,2,62,0,0,12
FIR00303,8,3,12.844183,77.672467,2025-03-30,1900-01-01 06:50:55,1,2,52,0,3,6
FIR00304,4,5,13.03752,77.59422,2026-06-07,1900-01-01 15:37:44,2,0,36,0,3,15
FIR00305,2,11,12.962282,77.694028,2025-11-10,1900-01-01 06:11:28,2,0,36,2,1,6
FIR00306,6,4,12.909235,77.644282,2025-06-20,1900-01-01 14:53:01,0,0,61,2,0,14
FIR00307,2,3,12.844516,77.676656,2025-07-25,1900-01-01 17:50:29,2,2,65,1,0,17
FIR00308,9,12,12.992241,77.551248,2026-02-09,1900-01-01 13:44:09,1,2,20,0,1,13
FIR00309,7,6,12.980224,77.63938,2025-06-22,1900-01-01 00:29:17,0,1,27,2,3,0
FIR00310,2,5,13.035218,77.60048,2024-11-24,1900-01-01 05:39:28,2,0,18,1,3,5
FIR00311,0,10,13.002161,77.568244,2025-05-14,1900-01-01 00:08:31,2,1,37,2,6,0
FIR00312,5,12,12.995143,77.554604,2025-12-30,1900-01-01 14:17:31,0,0,52,2,5,14
FIR00313,9,14,13.103895,77.596915,2026-04-12,1900-01-01 20:32:33,1,0,53,2,3,20
FIR00314,9,12,12.991504,77.55671,2026-02-03,1900-01-01 19:14:22,1,2,38,0,5,19
FIR00315,2,2,12.926015,77.680415,2025-12-27,1900-01-01 17:05:07,2,1,38,2,2,17
FIR00316,9,4,12.908444,77.650166,2024-09-15,1900-01-01 11:55:17,1,2,41,1,3,11
FIR00317,3,0,12.917255,77.612142,2026-06-07,1900-01-01 02:33:58,2,0,55,1,3,2
FIR00318,2,11,12.956862,77.700687,2025-04-28,1900-01-01 12:55:48,2,1,53,0,1,12
FIR00319,1,14,13.104598,77.60084,2025-05-03,1900-01-01 09:22:57,2,1,19,1,2,9
FIR00320,3,10,12.999278,77.568679,2026-05-18,1900-01-01 03:27:59,2,1,26,0,1,3
FIR00321,8,6,12.97396,77.636325,2025-09-20,1900-01-01 15:09:36,1,1,65,1,2,15
FIR00322,4,6,12.980351,77.641731,2025-12-10,1900-01-01 07:04:38,2,0,33,0,6,7
FIR00323,5,12,12.991775,77.558395,2026-07-06,1900-01-01 07:28:40,0,1,28,2,1,7
FIR00324,9,12,12.994961,77.550914,2025-01-07,1900-01-01 02:05:29,1,1,62,2,5,2
FIR00325,3,12,12.996349,77.552146,2026-06-03,1900-01-01 22:41:08,2,1,23,0,6,22
FIR00326,5,11,12.954823,77.699054,2026-02-01,1900-01-01 19:43:39,0,0,30,0,3,19
FIR00327,6,3,12.838595,77.675355,2024-12-23,1900-01-01 16:47:23,0,1,31,2,1,16
FIR00328,0,12,12.992793,77.552484,2024-10-29,1900-01-01 16:15:54,2,0,51,2,5,16
FIR00329,9,3,12.84454,77.681129,2026-01-01,1900-01-01 04:02:01,1,2,24,2,4,4
FIR00330,2,4,12.90826,77.648691,2025-06-19,1900-01-01 08:15:53,2,0,34,1,4,8
FIR00331,2,4,12.911532,77.64906,2024-10-09,1900-01-01 00:45:47,2,0,39,0,6,0
FIR00332,9,6,12.978027,77.643298,2026-01-31,1900-01-01 18:30:56,1,2,38,1,2,18
FIR00333,6,12,12.994046,77.552691,2024-08-19,1900-01-01 06:20:22,0,1,59,0,1,6
FIR00334,5,14,13.105393,77.600414,2025-02-24,1900-01-01 16:15:25,0,2,45,1,1,16
FIR00335,5,6,12.980688,77.638163,2026-02-25,1900-01-01 13:57:20,0,0,59,0,6,13
FIR00336,2,4,12.912755,77.642613,2024-09-14,1900-01-01 09:50:25,2,0,39,2,2,9
FIR00337,0,7,12.929215,77.593635,2026-01-11,1900-01-01 00:34:39,2,0,38,2,3,0
FIR00338,7,8,12.939294,77.621444,2025-05-27,1900-01-01 15:20:31,0,1,37,2,5,15
FIR00339,9,8,12.935306,77.627189,2025-03-05,1900-01-01 13:41:21,1,2,21,0,6,13
FIR00340,1,0,12.91892,77.612621,2026-02-22,1900-01-01 04:52:30,2,1,20,2,3,4
FIR00341,7,0,12.920388,77.613178,2026-04-01,1900-01-01 08:44:34,0,0,62,1,6,8
FIR00342,8,7,12.927329,77.593381,2025-07-13,1900-01-01 07:45:11,1,2,25,2,3,7
FIR00343,6,11,12.958984,77.702005,2025-01-30,1900-01-01 12:53:42,0,1,38,0,4,12
FIR00344,2,9,12.978514,77.608655,2026-03-28,1900-01-01 05:25:25,2,1,35,0,2,5
FIR00345,7,10,13.002996,77.565718,2024-08-26,1900-01-01 12:08:18,0,2,49,2,1,12
FIR00346,7,13,12.970769,77.753299,2026-01-25,1900-01-01 01:41:21,0,1,33,2,3,1
FIR00347,0,2,12.929573,77.67956,2026-04-05,1900-01-01 07:32:35,2,2,57,0,3,7
FIR00348,8,11,12.961301,77.695557,2025-10-09,1900-01-01 16:31:43,1,0,64,2,4,16
FIR00349,7,11,12.955437,77.693794,2024-11-25,1900-01-01 18:38:00,0,1,56,0,1,18
FIR00350,4,11,12.963248,77.693164,2025-02-10,1900-01-01 09:19:12,2,0,23,2,1,9
FIR00351,9,12,12.994097,77.554255,2026-05-26,1900-01-01 14:20:13,1,1,25,2,5,14
FIR00352,1,1,12.922043,77.570514,2024-12-03,1900-01-01 15:19:25,2,0,44,1,5,15
FIR00353,3,9,12.973468,77.609606,2026-02-18,1900-01-01 00:54:29,2,1,24,2,6,0
FIR00354,8,13,12.966685,77.751022,2024-08-08,1900-01-01 05:06:50,1,0,61,0,4,5
FIR00355,3,12,12.993363,77.552585,2026-04-25,1900-01-01 04:43:05,2,1,60,0,2,4
FIR00356,6,9,12.974128,77.609726,2025-03-10,1900-01-01 10:02:01,0,2,30,1,1,10
FIR00357,5,0,12.919467,77.610474,2025-08-22,1900-01-01 18:07:38,0,1,59,1,0,18
FIR00358,7,13,12.965501,77.753941,2025-02-01,1900-01-01 02:42:46,0,2,64,0,2,2
FIR00359,7,0,12.913816,77.608515,2025-05-08,1900-01-01 04:09:37,0,2,63,1,4,4
FIR00360,9,3,12.843907,77.68041,2025-02-17,1900-01-01 18:59:06,1,2,51,2,1,18
FIR00361,0,0,12.918479,77.610684,2024-08-30,1900-01-01 17:36:45,2,2,32,0,0,17
FIR00362,1,6,12.982382,77.641663,2025-08-20,1900-01-01 21:12:09,2,0,38,0,6,21
FIR00363,3,14,13.098621,77.596275,2026-04-21,1900-01-01 13:17:26,2,2,31,1,5,13
FIR00364,9,4,12.915956,77.649988,2025-09-07,1900-01-01 11:41:20,1,1,61,0,3,11
FIR00365,5,4,12.908419,77.645252,2026-05-17,1900-01-01 09:01:42,0,1,29,0,3,9
FIR00366,8,7,12.929353,77.590636,2024-11-22,1900-01-01 09:20:35,1,1,32,1,0,9
FIR00367,2,4,12.913806,77.645182,2025-05-30,1900-01-01 15:03:09,2,1,55,0,0,15
FIR00368,8,9,12.979417,77.601489,2024-08-02,1900-01-01 12:36:56,1,0,68,1,0,12
FIR00369,4,0,12.918595,77.610644,2025-07-31,1900-01-01 18:16:16,2,1,27,2,4,18
FIR00370,8,5,13.037584,77.59733,2024-10-16,1900-01-01 23:55:47,1,1,18,1,6,23
FIR00371,6,5,13.040053,77.599165,2025-11-25,1900-01-01 18:55:04,0,1,69,0,5,18
FIR00372,3,4,12.910008,77.643879,2026-01-26,1900-01-01 19:31:46,2,1,57,1,1,19
FIR00373,1,7,12.920286,77.595773,2026-06-21,1900-01-01 04:25:24,2,0,49,0,3,4
FIR00374,4,6,12.982147,77.642653,2025-03-14,1900-01-01 20:32:54,2,2,58,1,0,20
FIR00375,8,14,13.105321,77.595625,2026-02-08,1900-01-01 07:28:24,1,2,69,1,3,7
FIR00376,6,13,12.974129,77.750266,2025-02-23,1900-01-01 18:05:47,0,1,42,0,3,18
FIR00377,1,13,12.972096,77.754534,2026-07-10,1900-01-01 04:22:11,2,1,63,1,0,4
FIR00378,7,6,12.97834,77.638174,2025-05-13,1900-01-01 13:07:19,0,1,29,2,5,13
FIR00379,5,2,12.930958,77.672477,2025-07-10,1900-01-01 20:26:55,0,1,50,2,4,20
FIR00380,1,13,12.970496,77.751574,2025-11-23,1900-01-01 21:13:57,2,0,22,0,3,21
FIR00381,8,4,12.911568,77.648132,2025-02-28,1900-01-01 18:50:40,1,1,67,0,0,18
FIR00382,8,6,12.982104,77.644606,2025-04-11,1900-01-01 14:14:59,1,1,68,0,0,14
FIR00383,8,11,12.954891,77.695169,2025-05-26,1900-01-01 10:38:37,1,1,26,1,1,10
FIR00384,9,8,12.934463,77.62451,2025-03-15,1900-01-01 06:51:58,1,2,37,0,2,6
FIR00385,6,1,12.914169,77.578094,2025-10-06,1900-01-01 02:33:57,0,0,40,2,1,2
FIR00386,4,9,12.977481,77.604707,2026-02-08,1900-01-01 18:07:04,2,1,21,0,3,18
FIR00387,5,12,12.987687,77.555194,2025-10-16,1900-01-01 20:17:42,0,1,21,2,4,20
FIR00388,1,4,12.911855,77.650908,2025-08-20,1900-01-01 21:44:11,2,1,37,0,6,21
FIR00389,0,1,12.913652,77.573502,2026-05-28,1900-01-01 00:02:50,2,0,32,0,4,0
FIR00390,0,2,12.922983,77.67607,2026-06-22,1900-01-01 05:21:17,2,1,58,2,1,5
FIR00391,5,11,12.957096,77.699673,2025-10-16,1900-01-01 08:19:39,0,1,51,1,4,8
FIR00392,3,8,12.932664,77.620024,2026-02-17,1900-01-01 09:07:17,2,0,32,0,5,9
FIR00393,3,12,12.991165,77.559273,2025-04-11,1900-01-01 10:07:21,2,0,31,0,0,10
FIR00394,2,12,12.987271,77.556048,2024-10-08,1900-01-01 00:10:57,2,0,38,1,5,0
FIR00395,8,3,12.844072,77.67891,2026-04-07,1900-01-01 06:40:35,1,1,31,2,5,6
FIR00396,1,14,13.097866,77.595906,2026-01-17,1900-01-01 17:25:08,2,2,39,0,2,17
FIR00397,6,5,13.036024,77.598301,2026-02-05,1900-01-01 09:49:42,0,0,64,0,4,9
FIR00398,1,6,12.982405,77.641478,2025-10-25,1900-01-01 23:21:25,2,1,31,0,2,23
FIR00399,6,4,12.911576,77.651586,2025-11-19,1900-01-01 09:24:06,0,0,30,2,6,9
FIR00400,5,12,12.989419,77.556608,2026-02-26,1900-01-01 03:47:44,0,2,29,1,4,3
FIR00401,6,5,13.037772,77.598868,2024-09-14,1900-01-01 12:42:25,0,1,36,0,2,12
FIR00402,4,6,12.978223,77.645441,2026-04-23,1900-01-01 13:46:27,2,1,25,0,4,13
FIR00403,6,4,12.907219,77.642432,2026-06-12,1900-01-01 17:11:46,0,1,65,0,0,17
FIR00404,2,11,12.958386,77.69686,2025-01-11,1900-01-01 12:14:42,2,2,66,2,2,12
FIR00405,6,10,13.007704,77.569336,2026-05-13,1900-01-01 02:34:32,0,2,67,2,6,2
FIR00406,5,13,12.968329,77.749998,2026-03-23,1900-01-01 09:26:32,0,0,48,1,1,9
FIR00407,5,6,12.982849,77.643206,2024-11-02,1900-01-01 06:46:50,0,2,26,0,2,6
FIR00408,6,5,13.033895,77.593581,2025-08-01,1900-01-01 05:05:40,0,0,38,2,0,5
FIR00409,1,6,12.974078,77.639134,2026-07-22,1900-01-01 10:01:35,2,1,25,1,6,10
FIR00410,1,14,13.095822,77.591425,2024-09-13,1900-01-01 04:58:46,2,1,32,1,0,4
FIR00411,1,2,12.931367,77.67369,2025-04-02,1900-01-01 20:47:59,2,0,23,2,6,20
FIR00412,7,8,12.931462,77.621026,2024-12-09,1900-01-01 23:46:51,0,0,69,2,1,23
FIR00413,9,7,12.926139,77.592673,2025-03-23,1900-01-01 13:18:00,1,0,43,2,3,13
FIR00414,6,13,12.967789,77.745024,2026-01-26,1900-01-01 15:14:15,0,0,52,1,1,15
FIR00415,3,6,12.973728,77.641866,2024-09-28,1900-01-01 15:05:37,2,1,40,0,2,15
FIR00416,6,2,12.926076,77.676874,2026-04-27,1900-01-01 04:40:57,0,0,24,0,1,4
FIR00417,9,6,12.983273,77.638161,2025-06-21,1900-01-01 22:15:56,1,1,60,1,2,22
FIR00418,3,0,12.920794,77.61353,2025-04-30,1900-01-01 15:42:46,2,0,37,0,6,15
FIR00419,8,1,12.914014,77.572998,2024-12-31,1900-01-01 22:38:05,1,2,63,1,5,22
FIR00420,9,10,13.004844,77.567969,2026-01-01,1900-01-01 22:19:07,1,1,52,2,4,22
FIR00421,8,8,12.935786,77.628665,2024-09-20,1900-01-01 13:59:14,1,0,70,1,0,13
FIR00422,8,0,12.920281,77.608139,2025-07-28,1900-01-01 11:28:16,1,0,57,1,1,11
FIR00423,0,8,12.935514,77.626971,2025-06-07,1900-01-01 08:16:40,2,0,50,1,2,8
FIR00424,1,11,12.96175,77.694492,2026-01-09,1900-01-01 13:11:56,2,0,64,2,0,13
FIR00425,1,12,12.993076,77.553587,2025-12-03,1900-01-01 11:47:21,2,2,29,0,6,11
FIR00426,7,14,13.097482,77.598606,2026-04-01,1900-01-01 12:05:07,0,0,55,0,6,12
FIR00427,9,13,12.971763,77.752804,2024-11-12,1900-01-01 10:28:45,1,1,38,0,5,10
FIR00428,7,9,12.97713,77.606799,2025-04-07,1900-01-01 12:48:33,0,0,69,2,1,12
FIR00429,6,0,12.913873,77.611632,2025-06-18,1900-01-01 17:31:32,0,2,30,1,6,17
FIR00430,4,1,12.92083,77.574146,2026-01-20,1900-01-01 05:28:20,2,1,47,2,5,5
FIR00431,0,8,12.939024,77.621238,2024-08-11,1900-01-01 01:41:11,2,1,52,2,3,1
FIR00432,8,3,12.844812,77.680418,2025-12-20,1900-01-01 19:54:36,1,0,46,0,2,19
FIR00433,7,0,12.917059,77.613132,2026-07-02,1900-01-01 10:08:36,0,2,57,2,4,10
FIR00434,8,9,12.970777,77.607657,2024-09-01,1900-01-01 09:30:02,1,1,55,2,3,9
FIR00435,5,3,12.842548,77.680521,2025-02-17,1900-01-01 22:26:40,0,0,39,2,1,22
FIR00436,3,12,12.995358,77.555793,2026-03-22,1900-01-01 18:13:03,2,2,54,1,3,18
FIR00437,1,10,13.001613,77.574928,2025-04-02,1900-01-01 22:18:45,2,1,47,1,6,22
FIR00438,6,8,12.934785,77.619888,2025-07-21,1900-01-01 14:53:59,0,2,59,1,1,14
FIR00439,3,5,13.037349,77.597257,2024-08-21,1900-01-01 03:46:11,2,1,56,1,6,3
FIR00440,3,2,12.926573,77.67538,2025-06-30,1900-01-01 12:47:51,2,1,29,2,1,12
FIR00441,8,12,12.987217,77.554245,2025-06-24,1900-01-01 11:53:09,1,2,20,1,5,11
FIR00442,8,1,12.919104,77.577092,2024-09-26,1900-01-01 02:50:24,1,0,33,1,4,2
FIR00443,6,11,12.963079,77.692463,2025-12-13,1900-01-01 09:59:58,0,2,63,0,2,9
FIR00444,3,1,12.916032,77.573168,2026-02-16,1900-01-01 10:22:54,2,2,61,2,1,10
FIR00445,3,0,12.916642,77.611117,2025-12-12,1900-01-01 08:37:25,2,0,46,1,0,8
FIR00446,5,2,12.926305,77.680336,2025-08-13,1900-01-01 22:46:50,0,1,60,0,6,22
FIR00447,5,14,13.100266,77.597473,2025-05-09,1900-01-01 17:37:58,0,0,25,0,0,17
FIR00448,4,13,12.970095,77.751829,2025-04-02,1900-01-01 17:25:44,2,2,26,1,6,17
FIR00449,6,6,12.979973,77.639215,2026-06-28,1900-01-01 10:52:55,0,1,54,2,3,10
FIR00450,0,2,12.930156,77.677624,2025-04-23,1900-01-01 10:34:48,2,1,21,2,6,10
FIR00451,6,11,12.955174,77.69752,2025-02-17,1900-01-01 14:01:12,0,0,56,0,1,14
FIR00452,4,11,12.955982,77.696689,2024-09-20,1900-01-01 16:16:22,2,2,43,1,0,16
FIR00453,5,3,12.838589,77.677974,2025-07-06,1900-01-01 23:34:45,0,2,49,0,3,23
FIR00454,9,10,13.002966,77.571332,2025-01-17,1900-01-01 12:50:09,1,0,50,0,0,12
FIR00455,9,7,12.920616,77.593693,2025-01-22,1900-01-01 20:49:43,1,0,33,2,6,20
FIR00456,7,2,12.925217,77.679724,2025-04-18,1900-01-01 18:10:39,0,1,25,0,0,18
FIR00457,1,11,12.95503,77.692996,2025-11-17,1900-01-01 21:49:13,2,2,67,1,1,21
FIR00458,4,6,12.97961,77.642528,2024-12-13,1900-01-01 22:06:14,2,0,31,2,0,22
FIR00459,3,12,12.986709,77.55866,2024-10-22,1900-01-01 09:52:13,2,1,23,1,5,9
FIR00460,5,5,13.034437,77.592168,2025-05-18,1900-01-01 03:07:58,0,2,67,1,3,3
FIR00461,6,1,12.922022,77.572344,2024-09-29,1900-01-01 18:28:06,0,2,31,1,3,18
FIR00462,8,12,12.9934,77.556161,2024-10-10,1900-01-01 00:10:34,1,1,43,0,4,0
FIR00463,4,11,12.961067,77.69869,2025-05-07,1900-01-01 17:15:23,2,1,44,2,6,17
FIR00464,9,10,13.003674,77.569137,2026-06-20,1900-01-01 07:33:29,1,2,60,1,2,7
FIR00465,9,14,13.099665,77.600825,2025-10-11,1900-01-01 06:33:44,1,2,61,1,2,6
FIR00466,7,12,12.989057,77.555528,2026-03-05,1900-01-01 21:50:22,0,1,61,0,4,21
FIR00467,9,0,12.91889,77.613981,2026-04-28,1900-01-01 15:45:54,1,2,52,1,5,15
FIR00468,9,4,12.90831,77.645738,2025-01-11,1900-01-01 11:35:49,1,0,51,2,2,11
FIR00469,6,13,12.97307,77.752898,2026-03-04,1900-01-01 23:04:48,0,1,67,2,6,23
FIR00470,8,9,12.973485,77.606155,2025-01-16,1900-01-01 11:01:24,1,2,65,0,4,11
FIR00471,4,2,12.925524,77.671218,2025-05-16,1900-01-01 11:14:59,2,0,59,1,0,11
FIR00472,5,12,12.991056,77.55917,2025-08-03,1900-01-01 23:35:29,0,1,42,2,3,23
FIR00473,8,14,13.103545,77.598369,2025-02-02,1900-01-01 02:48:44,1,2,29,0,3,2
FIR00474,0,2,12.926962,77.671431,2024-09-11,1900-01-01 18:55:07,2,0,57,0,6,18
FIR00475,6,9,12.976418,77.603561,2025-12-20,1900-01-01 09:52:04,0,2,67,2,2,9
FIR00476,9,2,12.931472,77.673819,2024-09-17,1900-01-01 13:29:26,1,2,52,0,5,13
FIR00477,6,5,13.039505,77.593854,2026-01-24,1900-01-01 17:47:12,0,1,23,1,2,17
FIR00478,7,9,12.979604,77.602022,2025-12-22,1900-01-01 10:43:26,0,1,42,1,1,10
FIR00479,2,3,12.842008,77.677825,2025-10-21,1900-01-01 08:49:58,2,1,29,2,5,8
FIR00480,2,7,12.927794,77.597613,2024-08-04,1900-01-01 03:20:43,2,2,57,2,3,3
FIR00481,4,2,12.93157,77.672269,2025-09-24,1900-01-01 16:03:07,2,1,30,1,6,16
FIR00482,5,1,12.915202,77.572919,2025-02-14,1900-01-01 04:11:13,0,1,25,2,0,4
FIR00483,4,11,12.962078,77.698883,2026-01-26,1900-01-01 15:23:35,2,2,23,1,1,15
FIR00484,5,2,12.925459,77.680794,2024-11-04,1900-01-01 04:17:50,0,0,34,1,1,4
FIR00485,9,4,12.908503,77.642529,2025-09-30,1900-01-01 05:07:47,1,2,39,1,5,5
FIR00486,7,3,12.842372,77.677645,2025-09-10,1900-01-01 03:38:39,0,0,67,0,6,3
FIR00487,2,14,13.102606,77.599184,2026-06-22,1900-01-01 09:44:55,2,1,69,0,1,9
FIR00488,5,7,12.924789,77.59849,2026-03-25,1900-01-01 03:34:51,0,0,58,1,6,3
FIR00489,8,11,12.95864,77.699832,2025-09-19,1900-01-01 05:57:57,1,0,45,1,0,5
FIR00490,6,13,12.965343,77.748028,2025-02-16,1900-01-01 16:17:23,0,0,65,0,3,16
FIR00491,6,4,12.907589,77.651194,2026-04-17,1900-01-01 03:18:49,0,2,40,2,0,3
FIR00492,5,13,12.972286,77.747075,2025-12-28,1900-01-01 23:26:26,0,1,70,1,3,23
FIR00493,5,0,12.916539,77.609964,2026-04-25,1900-01-01 13:52:47,0,1,66,1,2,13
FIR00494,0,13,12.966808,77.753639,2025-09-12,1900-01-01 12:35:26,2,2,30,2,0,12
FIR00495,7,5,13.034072,77.601516,2025-04-11,1900-01-01 07:00:47,0,0,53,2,0,7
FIR00496,0,8,12.935344,77.628073,2026-03-27,1900-01-01 20:55:31,2,0,27,1,0,20
FIR00497,5,4,12.914413,77.648594,2025-06-30,1900-01-01 07:21:40,0,1,56,1,1,7
FIR00498,6,13,12.966365,77.751175,2025-01-31,1900-01-01 22:58:38,0,1,57,2,0,22
FIR00499,6,7,12.923278,77.598434,2026-06-25,1900-01-01 03:50:34,0,2,30,0,4,3
FIR00500,4,1,12.921216,77.571591,2024-09-18,1900-01-01 03:30:19,2,0,60,2,6,3
FIR00501,6,3,12.836749,77.681915,2026-02-19,1900-01-01 00:36:39,0,2,27,2,4,0
FIR00502,5,12,12.991538,77.553824,2026-03-18,1900-01-01 06:42:51,0,1,35,1,6,6
FIR00503,3,0,12.91477,77.612775,2025-04-12,1900-01-01 07:53:01,2,0,41,2,2,7
FIR00504,5,10,13.00035,77.568447,2026-02-04,1900-01-01 09:20:15,0,1,54,0,6,9
FIR00505,1,7,12.929832,77.58996,2024-09-04,1900-01-01 02:26:16,2,0,66,1,6,2
FIR00506,0,8,12.938821,77.627587,2025-06-08,1900-01-01 08:22:54,2,2,24,1,3,8
FIR00507,4,5,13.040743,77.598017,2025-07-06,1900-01-01 19:19:41,2,2,32,1,3,19
FIR00508,6,11,12.95951,77.695127,2026-05-29,1900-01-01 08:50:40,0,1,18,0,0,8
FIR00509,0,4,12.907552,77.649388,2024-08-23,1900-01-01 08:40:18,2,0,38,0,0,8
FIR00510,8,3,12.83639,77.67257,2025-06-14,1900-01-01 17:38:31,1,0,62,1,2,17
FIR00511,7,1,12.915823,77.576524,2024-08-21,1900-01-01 06:33:53,0,1,21,2,6,6
FIR00512,4,14,13.10493,77.594762,2025-02-24,1900-01-01 18:54:00,2,2,57,1,1,18
FIR00513,4,4,12.909854,77.643609,2025-03-06,1900-01-01 23:49:45,2,2,54,2,4,23
FIR00514,1,5,13.038963,77.597135,2024-08-02,1900-01-01 09:29:53,2,2,32,2,0,9
FIR00515,6,3,12.844671,77.674433,2025-08-17,1900-01-01 20:11:31,0,1,43,0,3,20
FIR00516,9,2,12.92857,77.675858,2025-09-02,1900-01-01 01:18:03,1,1,60,1,5,1
FIR00517,3,7,12.929569,77.595292,2025-07-12,1900-01-01 14:31:28,2,1,36,1,2,14
FIR00518,8,8,12.932509,77.62737,2026-02-13,1900-01-01 09:16:41,1,1,54,1,0,9
FIR00519,4,1,12.916775,77.576198,2025-01-23,1900-01-01 23:53:41,2,2,49,0,4,23
FIR00520,7,10,13.007026,77.572956,2025-09-25,1900-01-01 08:24:59,0,0,68,1,4,8
FIR00521,9,0,12.912801,77.607346,2025-08-16,1900-01-01 23:15:37,1,2,59,2,2,23
FIR00522,0,9,12.97094,77.606269,2024-10-18,1900-01-01 01:32:00,2,2,39,2,0,1
FIR00523,3,8,12.936514,77.62027,2025-06-30,1900-01-01 00:02:43,2,2,20,2,1,0
FIR00524,0,6,12.977016,77.642053,2026-07-21,1900-01-01 10:19:25,2,2,70,2,5,10
FIR00525,0,5,13.034658,77.598701,2025-05-05,1900-01-01 09:40:32,2,0,33,1,1,9
FIR00526,0,11,12.960913,77.697655,2025-04-18,1900-01-01 07:04:28,2,0,21,2,0,7
FIR00527,1,6,12.975867,77.64489,2026-05-18,1900-01-01 19:28:28,2,0,21,1,1,19
FIR00528,7,8,12.936423,77.620336,2025-07-13,1900-01-01 14:17:55,0,2,53,1,3,14
FIR00529,9,6,12.977081,77.643207,2025-09-19,1900-01-01 22:29:35,1,1,65,0,0,22
FIR00530,2,2,12.930898,77.674466,2025-01-21,1900-01-01 17:08:29,2,2,28,2,5,17
FIR00531,2,10,12.999948,77.571126,2025-11-30,1900-01-01 16:56:55,2,1,67,0,3,16
FIR00532,1,0,12.917137,77.608887,2025-06-24,1900-01-01 11:29:13,2,2,67,2,5,11
FIR00533,3,4,12.907381,77.646957,2024-11-20,1900-01-01 17:56:24,2,2,25,0,6,17
FIR00534,3,4,12.915036,77.651653,2025-01-03,1900-01-01 04:32:37,2,1,43,1,0,4
FIR00535,9,14,13.101359,77.593673,2025-09-01,1900-01-01 10:33:48,1,0,38,0,1,10
FIR00536,0,5,13.036847,77.592001,2025-09-11,1900-01-01 11:32:23,2,2,59,2,4,11
FIR00537,6,1,12.913522,77.571452,2026-01-29,1900-01-01 12:25:12,0,1,38,2,4,12
FIR00538,4,8,12.937525,77.619683,2025-06-19,1900-01-01 12:36:26,2,2,34,2,4,12
FIR00539,7,5,13.03857,77.592053,2025-01-12,1900-01-01 17:53:01,0,2,31,1,3,17
FIR00540,4,2,12.932137,77.676611,2024-11-22,1900-01-01 15:25:43,2,2,52,2,0,15
FIR00541,8,13,12.974016,77.746655,2024-08-08,1900-01-01 01:21:48,1,2,59,1,4,1
FIR00542,5,0,12.912614,77.608148,2025-06-20,1900-01-01 19:14:29,0,1,46,1,0,19
FIR00543,2,1,12.920671,77.571597,2025-08-05,1900-01-01 16:13:57,2,2,35,2,5,16
FIR00544,5,0,12.921506,77.607714,2025-04-23,1900-01-01 11:10:28,0,1,23,1,6,11
FIR00545,1,5,13.032769,77.593563,2025-06-05,1900-01-01 10:49:22,2,2,34,1,4,10
FIR00546,2,12,12.989298,77.553654,2025-08-03,1900-01-01 00:21:17,2,2,42,2,3,0
FIR00547,4,13,12.968963,77.752064,2025-12-07,1900-01-01 06:13:44,2,2,38,2,3,6
FIR00548,6,10,13.005229,77.565779,2025-04-18,1900-01-01 15:27:16,0,2,46,0,0,15
FIR00549,4,8,12.933598,77.627391,2025-11-20,1900-01-01 15:26:18,2,1,45,2,4,15
FIR00550,9,5,13.031843,77.592975,2025-03-26,1900-01-01 06:28:32,1,0,20,1,6,6
FIR00551,0,5,13.032485,77.599307,2025-02-12,1900-01-01 14:24:04,2,2,70,1,6,14
FIR00552,8,12,12.993682,77.55514,2025-08-02,1900-01-01 22:59:10,1,2,50,2,2,22
FIR00553,9,11,12.954991,77.6998,2026-02-24,1900-01-01 22:08:31,1,2,49,1,5,22
FIR00554,8,0,12.919608,77.609717,2026-06-26,1900-01-01 22:56:57,1,0,34,0,0,22
FIR00555,7,8,12.9318,77.62735,2024-09-06,1900-01-01 15:35:01,0,0,65,1,0,15
FIR00556,7,5,13.034839,77.593442,2025-08-26,1900-01-01 18:55:04,0,0,50,1,5,18
FIR00557,9,1,12.917095,77.572114,2025-10-21,1900-01-01 15:03:50,1,2,52,1,5,15
FIR00558,3,4,12.911247,77.646207,2024-12-22,1900-01-01 17:35:16,2,0,69,1,3,17
FIR00559,4,13,12.971541,77.744942,2025-09-25,1900-01-01 22:41:39,2,1,26,1,4,22
FIR00560,2,4,12.912967,77.651493,2025-06-17,1900-01-01 02:09:34,2,0,45,2,5,2
FIR00561,8,7,12.922414,77.595023,2025-03-30,1900-01-01 03:10:39,1,1,67,1,3,3
FIR00562,0,2,12.927997,77.676385,2024-08-30,1900-01-01 12:47:53,2,1,35,2,0,12
FIR00563,9,12,12.991019,77.558936,2025-04-15,1900-01-01 10:31:28,1,2,32,0,5,10
FIR00564,3,9,12.977022,77.606765,2025-09-23,1900-01-01 11:44:09,2,2,27,2,5,11
FIR00565,8,3,12.837025,77.674396,2026-04-09,1900-01-01 04:24:59,1,1,52,2,4,4
FIR00566,9,0,12.919795,77.612072,2024-11-28,1900-01-01 09:46:34,1,2,28,0,4,9
FIR00567,6,9,12.978865,77.600402,2026-04-12,1900-01-01 23:51:23,0,1,22,1,3,23
FIR00568,7,10,12.998874,77.575295,2025-11-30,1900-01-01 01:15:41,0,0,36,0,3,1
FIR00569,8,6,12.975478,77.642526,2025-12-13,1900-01-01 04:42:00,1,0,37,0,2,4
FIR00570,7,6,12.97465,77.63752,2026-07-16,1900-01-01 18:44:09,0,0,52,0,4,18
FIR00571,0,12,12.991582,77.557616,2025-05-16,1900-01-01 23:45:07,2,2,41,2,0,23
FIR00572,6,3,12.835821,77.673529,2025-05-29,1900-01-01 13:15:31,0,1,70,2,4,13
FIR00573,8,5,13.030867,77.59784,2025-05-08,1900-01-01 09:31:37,1,2,48,0,4,9
FIR00574,7,2,12.932537,77.67129,2025-04-10,1900-01-01 01:24:00,0,2,63,1,4,1
FIR00575,5,13,12.972505,77.754081,2024-11-11,1900-01-01 14:09:44,0,1,36,0,1,14
FIR00576,9,14,13.097511,77.597156,2025-04-26,1900-01-01 22:45:03,1,2,32,1,2,22
FIR00577,5,4,12.912975,77.648362,2025-06-08,1900-01-01 01:15:43,0,0,34,0,3,1
FIR00578,9,8,12.931533,77.624552,2026-02-11,1900-01-01 10:16:22,1,2,30,1,6,10
FIR00579,7,11,12.963284,77.695244,2024-09-27,1900-01-01 10:40:44,0,0,63,0,0,10
FIR00580,7,8,12.939684,77.629454,2025-10-26,1900-01-01 19:56:50,0,2,42,2,3,19
FIR00581,5,11,12.95966,77.693256,2025-01-13,1900-01-01 15:27:19,0,2,29,2,1,15
FIR00582,2,7,12.929611,77.589833,2024-12-23,1900-01-01 19:27:32,2,2,65,2,1,19
FIR00583,2,10,13.001083,77.575338,2025-04-24,1900-01-01 23:40:17,2,2,20,1,4,23
FIR00584,5,0,12.917204,77.608988,2026-01-19,1900-01-01 18:23:04,0,1,54,1,1,18
FIR00585,9,8,12.937555,77.626846,2024-09-27,1900-01-01 16:49:33,1,0,38,2,0,16
FIR00586,2,2,12.930753,77.674497,2025-02-09,1900-01-01 14:50:41,2,2,59,1,3,14
FIR00587,2,12,12.994065,77.553743,2025-07-15,1900-01-01 06:08:18,2,1,42,2,5,6
FIR00588,6,4,12.915274,77.645715,2025-10-20,1900-01-01 02:40:04,0,0,57,1,1,2
FIR00589,7,4,12.910114,77.647691,2025-04-24,1900-01-01 04:11:36,0,1,28,1,4,4
FIR00590,0,5,13.038488,77.595296,2025-10-27,1900-01-01 17:34:54,2,0,49,2,1,17
FIR00591,2,2,12.929125,77.67438,2025-12-19,1900-01-01 13:47:06,2,2,42,1,0,13
FIR00592,2,12,12.991388,77.558237,2025-11-05,1900-01-01 21:45:09,2,1,19,2,6,21
FIR00593,8,14,13.09972,77.594961,2024-08-25,1900-01-01 18:30:25,1,0,23,0,3,18
FIR00594,2,4,12.908101,77.644734,2024-12-06,1900-01-01 14:00:31,2,1,32,0,0,14
FIR00595,6,11,12.96223,77.695084,2026-01-08,1900-01-01 14:46:09,0,2,35,1,4,14
FIR00596,3,14,13.102776,77.596997,2025-10-07,1900-01-01 02:29:00,2,0,50,1,5,2
FIR00597,0,5,13.031183,77.601632,2025-08-31,1900-01-01 00:34:14,2,2,28,2,3,0
FIR00598,8,2,12.928089,77.675605,2025-07-21,1900-01-01 08:42:20,1,0,31,1,1,8
FIR00599,9,11,12.959766,77.695511,2025-06-01,1900-01-01 15:57:19,1,0,52,0,3,15
FIR00600,0,8,12.935633,77.620237,2026-05-04,1900-01-01 07:18:38,2,1,41,1,1,7
FIR00601,0,8,12.93978,77.621684,2024-09-30,1900-01-01 01:26:05,2,2,44,0,1,1
FIR00602,0,12,12.987156,77.558656,2024-10-16,1900-01-01 15:23:17,2,0,67,2,6,15
FIR00603,9,12,12.991194,77.559426,2024-07-28,1900-01-01 01:31:54,1,0,25,1,3,1
FIR00604,2,13,12.967612,77.750348,2026-01-16,1900-01-01 01:50:31,2,0,27,0,0,1
FIR00605,4,8,12.936529,77.619646,2025-07-18,1900-01-01 15:33:44,2,1,33,2,0,15
FIR00606,4,0,12.920134,77.607938,2025-06-28,1900-01-01 08:09:07,2,2,19,2,2,8
FIR00607,4,0,12.917448,77.610145,2025-11-18,1900-01-01 20:25:12,2,0,22,1,5,20
FIR00608,5,9,12.972526,77.600709,2026-06-06,1900-01-01 03:46:10,0,1,49,1,2,3
FIR00609,6,14,13.103564,77.599288,2024-10-24,1900-01-01 01:51:17,0,0,23,1,4,1
FIR00610,4,12,12.987763,77.552792,2026-07-06,1900-01-01 07:26:48,2,2,44,2,1,7
FIR00611,5,6,12.978602,77.639802,2025-06-01,1900-01-01 10:36:56,0,2,67,0,3,10
FIR00612,2,1,12.921091,77.572904,2026-05-27,1900-01-01 13:18:12,2,1,70,0,6,13
FIR00613,1,6,12.98242,77.638139,2025-04-09,1900-01-01 13:07:29,2,2,24,2,6,13
FIR00614,2,11,12.954962,77.698901,2024-12-01,1900-01-01 18:08:37,2,2,55,1,3,18
FIR00615,5,12,12.994933,77.554477,2025-05-19,1900-01-01 23:27:47,0,1,53,2,1,23
FIR00616,4,2,12.925751,77.676809,2026-02-22,1900-01-01 22:04:12,2,0,65,2,3,22
FIR00617,7,5,13.040631,77.593632,2025-03-31,1900-01-01 21:38:56,0,0,30,1,1,21
FIR00618,1,6,12.974298,77.641355,2026-04-07,1900-01-01 19:27:10,2,1,31,1,5,19
FIR00619,3,3,12.836908,77.68009,2026-02-10,1900-01-01 04:40:49,2,2,56,2,5,4
FIR00620,9,9,12.970662,77.600715,2026-04-28,1900-01-01 09:20:53,1,0,24,0,5,9
FIR00621,3,1,12.916563,77.569264,2024-10-20,1900-01-01 09:26:03,2,2,35,1,3,9
FIR00622,4,6,12.975887,77.640257,2024-11-01,1900-01-01 22:40:50,2,0,70,2,0,22
FIR00623,0,1,12.919573,77.576248,2024-09-13,1900-01-01 16:34:49,2,2,39,1,0,16
FIR00624,8,12,12.988049,77.552203,2026-04-03,1900-01-01 15:02:21,1,0,33,1,0,15
FIR00625,6,10,13.000066,77.569726,2026-04-16,1900-01-01 15:36:09,0,1,53,1,4,15
FIR00626,9,11,12.958665,77.697306,2025-03-05,1900-01-01 02:18:41,1,2,21,1,6,2
FIR00627,3,7,12.92517,77.590516,2026-02-08,1900-01-01 23:48:53,2,2,47,0,3,23
FIR00628,6,11,12.960035,77.696941,2025-05-02,1900-01-01 23:59:05,0,2,35,1,0,23
FIR00629,6,0,12.916606,77.612308,2026-05-04,1900-01-01 17:52:08,0,2,37,0,1,17
FIR00630,8,0,12.913397,77.611182,2025-01-08,1900-01-01 16:14:48,1,1,27,0,6,16
FIR00631,3,1,12.920322,77.571895,2026-02-11,1900-01-01 04:48:58,2,0,51,2,6,4
FIR00632,0,5,13.032223,77.599393,2025-08-27,1900-01-01 21:34:51,2,2,30,0,6,21
FIR00633,7,11,12.963147,77.693793,2025-08-07,1900-01-01 05:42:48,0,2,47,2,4,5
FIR00634,5,8,12.933953,77.624772,2026-01-29,1900-01-01 14:58:34,0,0,50,1,4,14
FIR00635,6,12,12.994932,77.557207,2025-08-06,1900-01-01 23:08:00,0,1,34,2,6,23
FIR00636,7,0,12.920035,77.610812,2025-12-28,1900-01-01 11:17:44,0,0,40,1,3,11
FIR00637,6,5,13.032082,77.595375,2026-05-16,1900-01-01 09:11:27,0,1,56,0,2,9
FIR00638,9,8,12.940195,77.62391,2025-01-14,1900-01-01 17:46:46,1,2,52,1,5,17
FIR00639,4,3,12.837431,77.676267,2024-12-05,1900-01-01 08:26:29,2,0,54,1,4,8
FIR00640,0,4,12.909601,77.645463,2025-06-08,1900-01-01 16:33:10,2,2,70,0,3,16
FIR00641,9,9,12.978244,77.606633,2024-11-08,1900-01-01 21:51:58,1,2,60,1,0,21
FIR00642,6,12,12.992295,77.558571,2025-08-14,1900-01-01 00:47:10,0,1,51,1,4,0
FIR00643,1,5,13.033639,77.597071,2026-07-10,1900-01-01 01:05:43,2,2,28,0,0,1
FIR00644,0,5,13.035558,77.601569,2024-11-07,1900-01-01 12:22:16,2,0,51,0,4,12
FIR00645,4,10,13.006614,77.572635,2025-07-20,1900-01-01 12:41:31,2,2,65,0,3,12
FIR00646,6,12,12.988522,77.554497,2025-09-23,1900-01-01 07:53:03,0,1,56,2,5,7
FIR00647,5,14,13.100357,77.591863,2026-04-28,1900-01-01 17:04:18,0,0,41,1,5,17
FIR00648,9,6,12.980373,77.643369,2026-05-14,1900-01-01 10:36:19,1,0,70,2,4,10
FIR00649,7,9,12.970953,77.608797,2024-07-30,1900-01-01 12:40:30,0,2,23,1,5,12
FIR00650,7,13,12.970034,77.751381,2024-12-27,1900-01-01 12:30:20,0,1,66,1,0,12
FIR00651,3,14,13.095864,77.597009,2025-08-22,1900-01-01 05:23:11,2,0,55,1,0,5
FIR00652,0,7,12.927311,77.595178,2025-02-13,1900-01-01 12:43:18,2,0,61,2,4,12
FIR00653,6,5,13.039328,77.594122,2026-04-27,1900-01-01 12:22:31,0,0,53,2,1,12
FIR00654,9,4,12.915523,77.65098,2025-12-13,1900-01-01 05:34:21,1,0,33,1,2,5
FIR00655,2,5,13.037529,77.596226,2026-05-26,1900-01-01 01:17:41,2,0,28,1,5,1
FIR00656,3,9,12.976092,77.605319,2025-08-27,1900-01-01 23:29:43,2,1,52,2,6,23
FIR00657,5,6,12.976482,77.64068,2024-09-09,1900-01-01 22:43:11,0,1,55,2,1,22
FIR00658,4,0,12.914729,77.608147,2025-03-09,1900-01-01 15:26:17,2,1,49,1,3,15
FIR00659,2,11,12.96014,77.700376,2025-01-31,1900-01-01 02:07:07,2,1,45,0,0,2
FIR00660,5,7,12.92519,77.598025,2026-01-13,1900-01-01 02:08:46,0,1,65,1,5,2
FIR00661,8,8,12.935013,77.626891,2025-08-03,1900-01-01 14:34:29,1,0,61,2,3,14
FIR00662,0,8,12.936622,77.625967,2026-03-02,1900-01-01 04:58:32,2,0,23,0,1,4
FIR00663,7,8,12.936222,77.620889,2025-04-05,1900-01-01 06:38:31,0,0,19,2,2,6
FIR00664,4,7,12.922765,77.590601,2026-06-18,1900-01-01 01:32:51,2,2,69,0,4,1
FIR00665,4,1,12.916658,77.577651,2025-05-23,1900-01-01 04:32:46,2,1,26,2,0,4
FIR00666,1,9,12.974542,77.603159,2026-06-12,1900-01-01 01:00:28,2,1,52,1,0,1
FIR00667,5,9,12.97395,77.604326,2025-12-27,1900-01-01 14:20:13,0,2,46,0,2,14
FIR00668,2,2,12.928713,77.680047,2025-03-27,1900-01-01 06:24:37,2,1,36,0,4,6
FIR00669,2,12,12.99305,77.553458,2025-08-08,1900-01-01 19:46:53,2,2,19,2,0,19
FIR00670,5,13,12.967557,77.754467,2025-07-26,1900-01-01 12:02:59,0,0,31,1,2,12
FIR00671,1,3,12.836961,77.67712,2024-10-26,1900-01-01 04:15:11,2,1,56,2,2,4
FIR00672,0,14,13.104849,77.59572,2025-01-21,1900-01-01 05:17:26,2,0,55,0,5,5
FIR00673,1,8,12.939412,77.628355,2025-06-15,1900-01-01 00:40:09,2,2,33,1,3,0
FIR00674,7,11,12.957576,77.699033,2025-12-06,1900-01-01 16:44:21,0,0,63,2,2,16
FIR00675,1,1,12.917122,77.570711,2024-10-08,1900-01-01 10:01:26,2,1,63,2,5,10
FIR00676,1,8,12.934958,77.628761,2025-09-29,1900-01-01 00:08:33,2,0,57,2,1,0
FIR00677,6,8,12.938214,77.623647,2025-01-23,1900-01-01 10:18:19,0,0,20,0,4,10
FIR00678,0,1,12.918711,77.5691,2025-08-22,1900-01-01 09:03:46,2,1,19,0,0,9
FIR00679,1,5,13.039847,77.595938,2024-09-06,1900-01-01 20:31:14,2,2,49,2,0,20
FIR00680,7,13,12.965949,77.752722,2026-02-17,1900-01-01 16:00:43,0,0,40,2,5,16
FIR00681,8,9,12.976471,77.602708,2026-02-12,1900-01-01 11:28:28,1,0,52,1,4,11
FIR00682,3,5,13.034024,77.596664,2024-09-27,1900-01-01 16:23:20,2,1,18,2,0,16
FIR00683,1,10,13.006029,77.567634,2026-02-04,1900-01-01 20:26:34,2,1,18,0,6,20
FIR00684,9,2,12.926269,77.68054,2026-05-28,1900-01-01 10:45:30,1,0,57,2,4,10
FIR00685,8,14,13.097561,77.598408,2025-02-18,1900-01-01 18:17:36,1,1,19,2,5,18
FIR00686,1,3,12.840117,77.678194,2025-08-12,1900-01-01 07:01:00,2,2,27,2,5,7
FIR00687,2,10,13.004343,77.573073,2024-09-11,1900-01-01 14:13:25,2,1,56,1,6,14
FIR00688,6,11,12.956474,77.696222,2026-02-16,1900-01-01 11:45:08,0,0,69,1,1,11
FIR00689,7,14,13.101185,77.599505,2025-08-24,1900-01-01 00:14:21,0,0,34,0,3,0
FIR00690,7,8,12.936066,77.620105,2026-05-20,1900-01-01 02:21:16,0,0,35,1,6,2
FIR00691,4,12,12.988923,77.551721,2025-10-06,1900-01-01 12:07:43,2,1,63,2,1,12
FIR00692,8,10,13.004313,77.568013,2024-10-04,1900-01-01 10:40:25,1,1,41,2,0,10
FIR00693,0,5,13.032096,77.597435,2026-05-17,1900-01-01 01:44:00,2,0,24,1,3,1
FIR00694,7,10,13.003422,77.572039,2025-04-14,1900-01-01 04:41:58,0,2,26,1,1,4
FIR00695,4,9,12.973843,77.605058,2026-06-19,1900-01-01 04:39:54,2,0,37,2,0,4
FIR00696,9,13,12.969354,77.754417,2024-08-08,1900-01-01 19:07:05,1,1,58,2,4,19
FIR00697,3,9,12.974358,77.604001,2025-09-20,1900-01-01 02:51:08,2,1,42,1,2,2
FIR00698,4,12,12.987153,77.557393,2026-07-18,1900-01-01 08:19:26,2,2,22,1,2,8
FIR00699,0,4,12.913732,77.647845,2026-03-17,1900-01-01 06:47:16,2,2,33,1,5,6
FIR00700,4,14,13.102966,77.598261,2025-11-21,1900-01-01 09:41:36,2,0,56,0,0,9
FIR00701,7,2,12.931588,77.677494,2025-11-29,1900-01-01 08:28:24,0,2,23,0,2,8
FIR00702,0,12,12.988838,77.55437,2026-05-14,1900-01-01 04:45:34,2,1,59,0,4,4
FIR00703,3,0,12.921006,77.611113,2025-08-17,1900-01-01 06:05:24,2,1,23,2,3,6
FIR00704,3,11,12.95758,77.699461,2025-05-02,1900-01-01 05:24:44,2,0,20,1,0,5
FIR00705,3,6,12.9791,77.642859,2025-12-16,1900-01-01 07:18:24,2,1,33,1,5,7
FIR00706,3,0,12.919696,77.607051,2024-07-24,1900-01-01 18:59:21,2,0,18,1,6,18
FIR00707,9,0,12.919042,77.611197,2026-07-12,1900-01-01 07:34:38,1,2,37,2,3,7
FIR00708,7,4,12.914838,77.644395,2024-11-27,1900-01-01 15:47:24,0,2,33,1,6,15
FIR00709,4,8,12.932548,77.628151,2024-11-16,1900-01-01 08:02:17,2,1,60,0,2,8
FIR00710,5,14,13.104907,77.591979,2025-11-14,1900-01-01 17:43:21,0,0,45,1,0,17
FIR00711,6,8,12.93242,77.625716,2025-11-30,1900-01-01 08:39:25,0,0,67,0,3,8
FIR00712,0,0,12.913228,77.606268,2025-04-02,1900-01-01 09:06:33,2,1,51,1,6,9
FIR00713,3,10,13.005133,77.567561,2025-10-23,1900-01-01 15:44:39,2,2,53,1,4,15
FIR00714,0,10,12.998659,77.573085,2024-10-19,1900-01-01 03:51:04,2,0,45,0,2,3
FIR00715,7,10,13.002282,77.572729,2024-09-10,1900-01-01 06:00:23,0,2,46,1,5,6
FIR00716,4,5,13.04066,77.598277,2025-10-07,1900-01-01 04:10:27,2,2,52,0,5,4
FIR00717,3,12,12.986539,77.555011,2025-02-12,1900-01-01 18:12:31,2,1,58,1,6,18
FIR00718,5,13,12.971117,77.753548,2026-02-28,1900-01-01 00:35:36,0,2,25,2,2,0
FIR00719,2,14,13.096431,77.597438,2024-10-25,1900-01-01 22:09:24,2,1,18,0,0,22
FIR00720,9,10,13.002008,77.570809,2026-03-09,1900-01-01 00:16:09,1,0,51,1,1,0
FIR00721,0,3,12.84012,77.681973,2025-10-12,1900-01-01 05:06:07,2,0,50,2,3,5
FIR00722,5,14,13.103996,77.599774,2025-07-20,1900-01-01 19:33:44,0,2,31,0,3,19
FIR00723,4,14,13.098321,77.594522,2024-10-24,1900-01-01 10:32:42,2,2,42,2,4,10
FIR00724,8,2,12.92885,77.675076,2024-08-31,1900-01-01 12:57:40,1,0,50,2,2,12
FIR00725,5,7,12.925151,77.591592,2025-02-16,1900-01-01 14:05:52,0,0,22,1,3,14
FIR00726,5,13,12.969393,77.745888,2025-10-24,1900-01-01 04:44:21,0,1,23,1,0,4
FIR00727,9,3,12.83709,77.678892,2026-04-07,1900-01-01 05:49:36,1,2,63,1,5,5
FIR00728,5,5,13.032019,77.598228,2025-08-21,1900-01-01 07:34:48,0,2,30,1,4,7
FIR00729,0,13,12.96952,77.746516,2024-09-26,1900-01-01 10:53:21,2,2,40,1,4,10
FIR00730,1,13,12.970661,77.752097,2026-02-10,1900-01-01 22:32:38,2,2,59,2,5,22
FIR00731,8,0,12.919954,77.605931,2025-11-06,1900-01-01 11:52:44,1,0,51,2,4,11
FIR00732,7,2,12.927925,77.676339,2024-12-07,1900-01-01 03:41:05,0,2,48,0,2,3
FIR00733,2,9,12.978277,77.607665,2025-03-15,1900-01-01 23:11:42,2,0,31,2,2,23
FIR00734,0,5,13.0381,77.599511,2026-03-13,1900-01-01 04:38:13,2,2,40,0,0,4
FIR00735,0,9,12.9719,77.603928,2025-09-16,1900-01-01 00:23:45,2,0,38,1,5,0
FIR00736,2,11,12.957317,77.696504,2024-12-15,1900-01-01 18:57:59,2,1,55,0,3,18
FIR00737,8,11,12.957702,77.702172,2025-06-15,1900-01-01 06:31:04,1,1,37,0,3,6
FIR00738,4,8,12.933402,77.623721,2025-04-11,1900-01-01 11:32:56,2,2,29,1,0,11
FIR00739,7,5,13.035451,77.593995,2026-04-10,1900-01-01 13:25:12,0,1,35,0,0,13
FIR00740,9,13,12.971473,77.745788,2025-07-02,1900-01-01 07:43:49,1,2,67,0,6,7
FIR00741,2,3,12.835594,77.679888,2026-06-23,1900-01-01 12:35:57,2,1,69,2,5,12
FIR00742,1,9,12.976069,77.600049,2025-12-15,1900-01-01 10:58:20,2,2,29,1,1,10
FIR00743,6,1,12.922786,77.572509,2025-03-10,1900-01-01 01:08:58,0,1,51,0,1,1
FIR00744,3,11,12.956027,77.695135,2025-07-25,1900-01-01 14:23:18,2,1,25,0,0,14
FIR00745,4,10,13.004399,77.567201,2025-12-17,1900-01-01 15:47:31,2,1,30,2,6,15
FIR00746,2,12,12.992118,77.553189,2024-11-28,1900-01-01 23:36:53,2,0,37,0,4,23
FIR00747,3,13,12.97304,77.746239,2025-08-24,1900-01-01 19:19:33,2,1,33,1,3,19
FIR00748,7,5,13.039356,77.600029,2026-05-23,1900-01-01 09:45:37,0,1,40,2,2,9
FIR00749,4,3,12.839382,77.672468,2026-07-01,1900-01-01 11:12:26,2,1,47,0,6,11
FIR00750,1,8,12.937874,77.628323,2026-02-23,1900-01-01 04:50:29,2,0,49,1,1,4
FIR00751,9,0,12.914646,77.607621,2025-03-05,1900-01-01 02:39:33,1,0,33,2,6,2
FIR00752,0,14,13.101273,77.592923,2024-11-09,1900-01-01 08:18:47,2,0,30,0,2,8
FIR00753,5,14,13.095899,77.592325,2025-04-05,1900-01-01 11:10:37,0,1,20,0,2,11
FIR00754,2,8,12.938315,77.622383,2025-07-12,1900-01-01 22:09:44,2,1,29,2,2,22
FIR00755,1,9,12.975489,77.608872,2025-09-01,1900-01-01 11:39:53,2,0,39,0,1,11
FIR00756,8,0,12.914592,77.613895,2025-01-04,1900-01-01 02:13:55,1,2,56,0,2,2
FIR00757,6,12,12.986793,77.5509,2025-05-03,1900-01-01 17:05:00,0,1,55,2,2,17
FIR00758,2,12,12.992339,77.555865,2025-10-25,1900-01-01 05:46:48,2,0,62,1,2,5
FIR00759,3,5,13.034688,77.595533,2024-11-23,1900-01-01 22:50:31,2,0,34,0,2,22
FIR00760,1,11,12.955694,77.6969,2025-04-22,1900-01-01 01:11:43,2,0,41,0,5,1
FIR00761,2,4,12.915595,77.650698,2025-11-19,1900-01-01 08:11:46,2,0,37,1,6,8
FIR00762,1,11,12.959478,77.699199,2025-08-25,1900-01-01 11:52:16,2,1,35,2,1,11
FIR00763,5,0,12.913411,77.611621,2025-05-05,1900-01-01 05:00:40,0,0,19,1,1,5
FIR00764,2,6,12.974881,77.641184,2025-06-15,1900-01-01 02:01:16,2,0,52,2,3,2
FIR00765,8,4,12.907088,77.652334,2026-07-02,1900-01-01 11:29:30,1,0,23,0,4,11
FIR00766,4,1,12.913576,77.568591,2025-10-26,1900-01-01 23:00:56,2,0,20,0,3,23
FIR00767,8,4,12.912155,77.650859,2025-09-24,1900-01-01 13:12:12,1,1,48,2,6,13
FIR00768,3,4,12.906964,77.647579,2025-01-15,1900-01-01 08:58:19,2,2,69,2,6,8
FIR00769,6,14,13.099442,77.592213,2025-04-17,1900-01-01 13:53:28,0,0,41,2,4,13
FIR00770,4,7,12.920284,77.594022,2024-08-14,1900-01-01 19:09:18,2,0,36,1,6,19
FIR00771,4,14,13.099439,77.59137,2025-06-03,1900-01-01 16:04:16,2,0,69,0,5,16
FIR00772,3,11,12.954274,77.69452,2026-02-12,1900-01-01 03:54:53,2,1,58,2,4,3
FIR00773,2,9,12.978397,77.607403,2025-08-31,1900-01-01 04:29:26,2,2,54,2,3,4
FIR00774,6,11,12.957163,77.696275,2026-01-31,1900-01-01 04:21:49,0,0,36,1,2,4
FIR00775,5,7,12.927402,77.592761,2026-06-18,1900-01-01 17:33:25,0,1,40,1,4,17
FIR00776,3,4,12.913908,77.647849,2025-04-26,1900-01-01 12:53:35,2,1,31,0,2,12
FIR00777,5,9,12.974327,77.604795,2026-06-13,1900-01-01 21:58:06,0,1,44,0,2,21
FIR00778,0,9,12.971804,77.609541,2025-05-10,1900-01-01 12:50:09,2,2,28,2,2,12
FIR00779,5,0,12.913841,77.611517,2024-08-08,1900-01-01 07:56:40,0,2,60,2,4,7
FIR00780,7,13,12.966097,77.750754,2026-02-20,1900-01-01 22:28:02,0,1,70,2,0,22
FIR00781,1,3,12.835458,77.675967,2026-01-08,1900-01-01 07:02:13,2,2,68,1,4,7
FIR00782,6,9,12.975239,77.60659,2026-05-24,1900-01-01 02:38:37,0,0,50,0,3,2
FIR00783,6,0,12.918933,77.605207,2026-05-25,1900-01-01 07:09:01,0,2,61,0,1,7
FIR00784,7,14,13.10499,77.594838,2025-05-26,1900-01-01 05:47:20,0,2,45,0,1,5
FIR00785,2,13,12.966898,77.751233,2025-09-06,1900-01-01 00:33:47,2,1,59,2,2,0
FIR00786,4,2,12.927682,77.678257,2026-06-01,1900-01-01 19:01:54,2,1,48,2,1,19
FIR00787,3,8,12.93795,77.625949,2024-10-22,1900-01-01 02:16:18,2,0,27,1,5,2
FIR00788,7,12,12.99326,77.552945,2026-04-14,1900-01-01 01:37:52,0,2,70,0,5,1
FIR00789,9,5,13.03694,77.599529,2025-08-18,1900-01-01 04:46:36,1,2,20,2,1,4
FIR00790,3,12,12.996323,77.553473,2025-09-03,1900-01-01 22:58:50,2,1,43,0,6,22
FIR00791,3,3,12.838481,77.676292,2026-05-05,1900-01-01 00:01:41,2,0,54,2,5,0
FIR00792,9,7,12.928477,77.592779,2024-11-16,1900-01-01 15:12:22,1,0,51,1,2,15
FIR00793,7,8,12.932374,77.628359,2026-07-15,1900-01-01 04:45:21,0,1,69,1,6,4
FIR00794,9,13,12.971055,77.751401,2026-01-14,1900-01-01 09:05:37,1,1,26,2,6,9
FIR00795,6,11,12.955242,77.700608,2025-01-21,1900-01-01 02:08:00,0,1,37,2,5,2
FIR00796,3,2,12.92345,77.672143,2025-08-01,1900-01-01 20:09:13,2,0,58,0,0,20
FIR00797,1,6,12.979583,77.644652,2024-12-21,1900-01-01 06:26:03,2,0,44,0,2,6
FIR00798,7,3,12.841506,77.673342,2025-10-29,1900-01-01 04:28:56,0,0,43,0,6,4
FIR00799,7,3,12.843878,77.678037,2026-01-12,1900-01-01 06:59:26,0,2,50,1,1,6
FIR00800,6,12,12.987972,77.55108,2025-04-14,1900-01-01 14:20:31,0,2,57,1,1,14
FIR00801,2,5,13.033546,77.595638,2026-04-10,1900-01-01 15:01:23,2,2,70,0,0,15
FIR00802,2,2,12.926471,77.680505,2025-06-30,1900-01-01 02:38:06,2,0,21,2,1,2
FIR00803,4,10,12.998959,77.572822,2025-11-07,1900-01-01 19:17:57,2,1,39,1,0,19
FIR00804,3,6,12.975579,77.642634,2026-04-12,1900-01-01 14:06:03,2,1,54,1,3,14
FIR00805,7,13,12.973262,77.746736,2025-02-20,1900-01-01 15:26:29,0,0,48,2,4,15
FIR00806,1,0,12.919963,77.610471,2025-05-19,1900-01-01 21:07:16,2,2,49,2,1,21
FIR00807,2,12,12.98686,77.55138,2024-08-05,1900-01-01 16:34:27,2,2,27,2,1,16
FIR00808,8,1,12.915903,77.57613,2025-08-29,1900-01-01 23:27:41,1,1,26,0,0,23
FIR00809,7,14,13.101981,77.597005,2024-10-13,1900-01-01 10:46:10,0,0,27,2,3,10
FIR00810,6,2,12.93282,77.674657,2025-09-19,1900-01-01 05:46:29,0,0,39,2,0,5
FIR00811,7,11,12.95557,77.700632,2025-05-12,1900-01-01 21:49:38,0,0,33,2,1,21
FIR00812,3,10,13.002185,77.569244,2026-06-03,1900-01-01 17:43:18,2,1,61,2,6,17
FIR00813,9,14,13.102084,77.597724,2025-08-20,1900-01-01 01:20:52,1,0,60,2,6,1
FIR00814,4,1,12.920307,77.571159,2024-08-11,1900-01-01 10:55:46,2,1,65,0,3,10
FIR00815,2,7,12.927627,77.59846,2024-08-29,1900-01-01 16:05:04,2,0,24,2,4,16
FIR00816,2,5,13.031129,77.595708,2026-01-19,1900-01-01 14:27:10,2,2,59,0,1,14
FIR00817,8,9,12.978908,77.603414,2025-06-07,1900-01-01 06:58:18,1,2,29,1,2,6
FIR00818,7,1,12.922423,77.572516,2026-07-07,1900-01-01 02:04:26,0,0,22,0,5,2
FIR00819,1,14,13.101301,77.598911,2025-05-26,1900-01-01 20:57:02,2,1,20,2,1,20
FIR00820,2,13,12.973356,77.754895,2025-09-11,1900-01-01 10:59:45,2,0,36,0,4,10
FIR00821,2,7,12.929825,77.594101,2026-07-21,1900-01-01 02:33:01,2,0,22,2,5,2
FIR00822,7,6,12.973552,77.640341,2025-01-09,1900-01-01 01:22:59,0,1,51,1,4,1
FIR00823,6,2,12.92689,77.676487,2025-12-05,1900-01-01 03:28:53,0,0,43,1,0,3
FIR00824,3,6,12.975767,77.640907,2025-06-11,1900-01-01 17:34:46,2,2,51,2,6,17
FIR00825,8,3,12.838232,77.677795,2025-01-08,1900-01-01 01:51:32,1,1,29,0,6,1
FIR00826,9,4,12.915393,77.642818,2026-01-28,1900-01-01 03:16:17,1,0,22,1,6,3
FIR00827,2,6,12.973991,77.640489,2026-06-22,1900-01-01 09:15:21,2,2,63,1,1,9
FIR00828,4,1,12.913939,77.569142,2024-11-12,1900-01-01 17:18:41,2,2,58,2,5,17
FIR00829,8,2,12.928282,77.678784,2025-11-22,1900-01-01 23:18:16,1,0,53,2,2,23
FIR00830,2,4,12.913229,77.645359,2025-05-12,1900-01-01 01:34:28,2,1,30,2,1,1
FIR00831,9,7,12.92213,77.588888,2025-07-08,1900-01-01 15:27:33,1,0,69,2,5,15
FIR00832,4,7,12.928586,77.59763,2024-08-12,1900-01-01 19:41:48,2,0,30,1,1,19
FIR00833,0,7,12.927403,77.592377,2025-12-17,1900-01-01 19:40:29,2,2,34,2,6,19
FIR00834,2,8,12.934845,77.619946,2026-07-14,1900-01-01 04:38:27,2,0,33,2,5,4
FIR00835,1,12,12.995243,77.553196,2026-03-25,1900-01-01 00:38:17,2,2,22,1,6,0
FIR00836,7,6,12.975147,77.643658,2025-12-21,1900-01-01 23:10:42,0,1,47,1,3,23
FIR00837,8,6,12.975315,77.638293,2026-04-10,1900-01-01 06:31:17,1,0,56,0,0,6
FIR00838,8,13,12.965634,77.750898,2024-09-13,1900-01-01 23:39:12,1,0,56,1,0,23
FIR00839,6,11,12.961778,77.699777,2024-12-28,1900-01-01 09:59:21,0,1,42,2,2,9
FIR00840,0,1,12.916704,77.5784,2025-03-20,1900-01-01 03:20:59,2,1,47,1,4,3
FIR00841,6,13,12.971393,77.752667,2025-10-20,1900-01-01 10:15:15,0,1,44,2,1,10
FIR00842,8,14,13.100707,77.596274,2024-11-22,1900-01-01 10:16:45,1,0,66,2,0,10
FIR00843,7,1,12.91618,77.577087,2025-09-09,1900-01-01 22:59:12,0,1,60,1,5,22
FIR00844,3,12,12.990899,77.557643,2026-02-22,1900-01-01 14:59:53,2,1,66,2,3,14
FIR00845,9,2,12.926464,77.676525,2025-12-05,1900-01-01 23:38:49,1,1,32,1,0,23
FIR00846,7,10,13.004435,77.56897,2024-10-25,1900-01-01 08:02:14,0,0,50,1,0,8
FIR00847,1,7,12.926483,77.59314,2025-03-02,1900-01-01 17:33:18,2,0,61,1,3,17
FIR00848,6,13,12.970796,77.750244,2024-10-07,1900-01-01 01:02:50,0,1,61,0,1,1
FIR00849,1,4,12.914103,77.64301,2025-03-22,1900-01-01 06:05:33,2,1,20,2,2,6
FIR00850,0,10,13.002304,77.57096,2025-06-13,1900-01-01 23:52:27,2,0,24,0,0,23
FIR00851,6,12,12.994359,77.559389,2024-12-07,1900-01-01 20:11:30,0,1,53,2,2,20
FIR00852,1,8,12.930452,77.623235,2025-06-23,1900-01-01 15:54:56,2,2,20,2,1,15
FIR00853,3,14,13.095728,77.595374,2026-07-09,1900-01-01 01:29:49,2,1,48,1,4,1
FIR00854,3,3,12.836616,77.67347,2025-12-18,1900-01-01 11:47:49,2,0,36,1,4,11
FIR00855,4,2,12.925735,77.674239,2025-08-06,1900-01-01 04:18:51,2,0,49,0,6,4
FIR00856,9,5,13.03496,77.600455,2025-09-11,1900-01-01 15:15:30,1,1,19,2,4,15
FIR00857,1,11,12.954116,77.702251,2026-06-07,1900-01-01 21:49:52,2,0,50,1,3,21
FIR00858,3,14,13.100099,77.600944,2024-11-10,1900-01-01 09:58:30,2,0,49,1,3,9
FIR00859,7,3,12.83759,77.674064,2024-08-16,1900-01-01 14:44:32,0,2,25,1,0,14
FIR00860,3,7,12.921552,77.593706,2025-02-05,1900-01-01 17:05:26,2,0,45,2,6,17
FIR00861,2,6,12.97358,77.643052,2025-06-10,1900-01-01 23:54:21,2,0,46,2,5,23
FIR00862,3,6,12.976175,77.643204,2025-05-30,1900-01-01 05:34:31,2,1,19,1,0,5
FIR00863,5,11,12.954426,77.699221,2025-04-16,1900-01-01 14:04:02,0,0,29,1,6,14
FIR00864,5,3,12.844493,77.680472,2025-05-12,1900-01-01 20:05:21,0,2,47,0,1,20
FIR00865,3,10,12.999508,77.569814,2026-02-26,1900-01-01 14:21:56,2,0,31,0,4,14
FIR00866,6,10,13.006944,77.571834,2025-09-13,1900-01-01 21:29:45,0,0,54,0,2,21
FIR00867,1,0,12.919983,77.61043,2025-03-03,1900-01-01 16:42:39,2,1,48,2,1,16
FIR00868,6,11,12.956796,77.701258,2025-07-03,1900-01-01 07:54:30,0,1,55,1,4,7
FIR00869,2,1,12.919571,77.574716,2026-05-21,1900-01-01 22:13:20,2,1,60,0,4,22
FIR00870,1,10,12.998623,77.572209,2025-04-11,1900-01-01 01:03:42,2,2,27,0,0,1
FIR00871,7,7,12.92819,77.595854,2026-07-14,1900-01-01 22:15:26,0,2,60,2,5,22
FIR00872,1,14,13.103271,77.593518,2026-04-24,1900-01-01 18:22:08,2,1,55,2,0,18
FIR00873,2,7,12.927015,77.595542,2024-08-23,1900-01-01 11:40:38,2,1,49,1,0,11
FIR00874,4,2,12.928744,77.679733,2025-09-27,1900-01-01 03:43:22,2,1,21,1,2,3
FIR00875,5,7,12.926718,77.597663,2025-10-06,1900-01-01 21:13:56,0,1,31,1,1,21
FIR00876,4,12,12.988947,77.555315,2026-06-27,1900-01-01 17:13:44,2,0,51,2,2,17
FIR00877,5,9,12.973016,77.608854,2025-10-09,1900-01-01 12:05:36,0,1,47,0,4,12
FIR00878,8,6,12.97825,77.637557,2026-05-09,1900-01-01 22:28:44,1,1,53,1,2,22
FIR00879,1,2,12.930812,77.672207,2026-01-15,1900-01-01 22:28:43,2,2,60,1,4,22
FIR00880,2,11,12.961054,77.700695,2025-08-28,1900-01-01 14:54:06,2,1,56,2,4,14
FIR00881,6,12,12.99028,77.555766,2026-06-23,1900-01-01 06:23:36,0,2,45,0,5,6
FIR00882,9,8,12.935744,77.622082,2026-05-14,1900-01-01 17:27:31,1,2,37,0,4,17
FIR00883,9,11,12.956877,77.694073,2024-07-25,1900-01-01 19:52:10,1,1,19,1,4,19
FIR00884,0,6,12.983078,77.640962,2025-03-21,1900-01-01 01:13:13,2,2,40,1,0,1
FIR00885,3,4,12.916474,77.645736,2024-11-09,1900-01-01 17:16:26,2,1,49,2,2,17
FIR00886,8,10,13.005558,77.571855,2024-09-20,1900-01-01 04:45:00,1,0,61,2,0,4
FIR00887,8,10,13.00824,77.574052,2026-05-09,1900-01-01 22:55:47,1,2,69,1,2,22
FIR00888,3,12,12.991926,77.553894,2025-09-02,1900-01-01 14:49:00,2,1,35,2,5,14
FIR00889,5,11,12.961267,77.69894,2026-04-19,1900-01-01 21:15:07,0,2,34,2,3,21
FIR00890,0,7,12.923002,77.589751,2026-02-26,1900-01-01 05:17:02,2,2,35,0,4,5
FIR00891,7,8,12.932403,77.623783,2026-06-01,1900-01-01 12:25:43,0,1,70,1,1,12
FIR00892,9,0,12.914586,77.614065,2025-12-09,1900-01-01 03:16:23,1,0,22,0,5,3
FIR00893,5,6,12.975358,77.641811,2025-08-06,1900-01-01 04:07:55,0,2,20,2,6,4
FIR00894,0,8,12.930536,77.626827,2024-12-06,1900-01-01 00:48:15,2,2,42,1,0,0
FIR00895,8,6,12.978389,77.637354,2025-10-10,1900-01-01 01:23:23,1,1,47,0,0,1
FIR00896,6,7,12.926926,77.595416,2026-06-15,1900-01-01 18:22:03,0,1,65,1,1,18
FIR00897,4,11,12.955623,77.69492,2025-05-25,1900-01-01 17:19:14,2,2,54,2,3,17
FIR00898,3,1,12.916085,77.569744,2026-01-19,1900-01-01 12:23:48,2,2,69,1,1,12
FIR00899,9,2,12.926539,77.678236,2026-06-20,1900-01-01 21:28:10,1,0,66,1,2,21
FIR00900,5,12,12.99401,77.557097,2026-04-30,1900-01-01 01:58:07,0,0,55,2,4,1
FIR00901,8,2,12.92304,77.672052,2025-10-05,1900-01-01 03:09:49,1,2,66,1,3,3
FIR00902,4,11,12.955289,77.701378,2025-08-03,1900-01-01 05:56:21,2,2,59,1,3,5
FIR00903,0,4,12.912306,77.651979,2025-11-25,1900-01-01 23:04:01,2,2,53,0,5,23
FIR00904,0,10,13.005004,77.568936,2026-04-17,1900-01-01 12:12:56,2,0,26,2,0,12
FIR00905,2,6,12.983346,77.638915,2025-07-31,1900-01-01 22:36:48,2,0,45,1,4,22
FIR00906,0,7,12.927826,77.594128,2026-02-18,1900-01-01 23:07:15,2,1,20,0,6,23
FIR00907,3,11,12.959038,77.702132,2024-07-27,1900-01-01 11:45:24,2,0,43,1,2,11
FIR00908,4,11,12.956059,77.700331,2026-03-02,1900-01-01 04:58:42,2,0,37,0,1,4
FIR00909,9,11,12.962341,77.697334,2026-02-11,1900-01-01 01:10:41,1,2,37,0,6,1
FIR00910,3,8,12.936181,77.620173,2026-01-24,1900-01-01 10:44:50,2,2,36,1,2,10
FIR00911,6,2,12.932442,77.677888,2026-01-19,1900-01-01 09:54:09,0,1,44,0,1,9
FIR00912,6,1,12.914331,77.578223,2026-06-23,1900-01-01 17:57:53,0,1,50,2,5,17
FIR00913,0,2,12.924105,77.676091,2025-06-02,1900-01-01 19:47:25,2,2,40,2,1,19
FIR00914,4,5,13.03161,77.592755,2025-07-14,1900-01-01 14:20:00,2,2,65,0,1,14
FIR00915,9,5,13.0401,77.595901,2025-12-28,1900-01-01 17:57:38,1,1,61,0,3,17
FIR00916,5,10,13.003699,77.565667,2025-03-02,1900-01-01 21:43:59,0,1,57,2,3,21
FIR00917,9,13,12.972037,77.749275,2026-02-12,1900-01-01 19:06:05,1,1,26,1,4,19
FIR00918,6,9,12.978856,77.602687,2025-03-12,1900-01-01 01:22:18,0,2,66,0,6,1
FIR00919,3,1,12.915791,77.57413,2024-10-02,1900-01-01 09:51:01,2,1,66,0,6,9
FIR00920,7,5,13.038024,77.599432,2026-04-15,1900-01-01 01:49:57,0,1,68,1,6,1
FIR00921,4,6,12.980172,77.640997,2026-01-31,1900-01-01 09:58:24,2,1,64,2,2,9
FIR00922,7,0,12.917774,77.609368,2024-11-15,1900-01-01 16:16:02,0,1,60,2,0,16
FIR00923,0,1,12.917576,77.577504,2026-05-04,1900-01-01 13:45:45,2,1,60,2,1,13
FIR00924,4,11,12.958617,77.697679,2026-07-15,1900-01-01 18:46:27,2,1,43,1,6,18
FIR00925,2,6,12.982028,77.645424,2026-03-21,1900-01-01 00:11:05,2,2,25,1,2,0
FIR00926,7,4,12.909186,77.642745,2026-01-13,1900-01-01 17:17:04,0,0,55,2,5,17
FIR00927,7,8,12.938123,77.623248,2025-12-17,1900-01-01 19:13:57,0,0,28,1,6,19
FIR00928,6,10,13.005147,77.572715,2025-05-16,1900-01-01 06:36:48,0,2,19,2,0,6
FIR00929,2,3,12.844796,77.672173,2025-12-03,1900-01-01 09:14:41,2,0,62,0,6,9
FIR00930,7,3,12.839103,77.680617,2025-12-08,1900-01-01 08:52:40,0,2,25,1,1,8
FIR00931,6,3,12.835862,77.674989,2026-07-08,1900-01-01 11:48:19,0,2,49,2,6,11
FIR00932,6,12,12.990118,77.550788,2025-04-02,1900-01-01 09:19:39,0,1,50,0,6,9
FIR00933,4,6,12.98088,77.643257,2024-08-18,1900-01-01 20:25:34,2,0,26,2,3,20
FIR00934,6,12,12.988578,77.550535,2025-04-12,1900-01-01 21:29:01,0,1,47,2,2,21
FIR00935,6,5,13.037439,77.592281,2026-06-15,1900-01-01 13:20:28,0,1,48,1,1,13
FIR00936,9,3,12.842536,77.676646,2026-07-14,1900-01-01 16:58:34,1,2,49,2,5,16
FIR00937,4,14,13.096775,77.594929,2025-08-01,1900-01-01 06:13:45,2,2,53,2,0,6
FIR00938,2,9,12.972207,77.602557,2024-07-25,1900-01-01 22:26:45,2,1,58,0,4,22
FIR00939,3,5,13.037696,77.593339,2026-03-25,1900-01-01 18:49:30,2,0,50,2,6,18
FIR00940,5,14,13.100888,77.595413,2026-06-30,1900-01-01 17:45:36,0,2,56,0,5,17
FIR00941,2,0,12.91546,77.607835,2026-02-08,1900-01-01 06:47:59,2,1,18,1,3,6
FIR00942,0,8,12.935702,77.623562,2025-05-07,1900-01-01 01:07:18,2,2,52,2,6,1
FIR00943,0,5,13.034608,77.59553,2025-07-16,1900-01-01 06:46:07,2,2,69,1,6,6
FIR00944,1,0,12.914639,77.613542,2026-05-14,1900-01-01 13:41:05,2,1,63,0,4,13
FIR00945,5,6,12.980015,77.641446,2026-01-13,1900-01-01 02:06:45,0,0,62,2,5,2
FIR00946,7,5,13.036742,77.593775,2025-02-19,1900-01-01 17:08:25,0,2,70,2,6,17
FIR00947,9,4,12.912525,77.646903,2025-06-13,1900-01-01 23:23:51,1,0,56,1,0,23
FIR00948,3,5,13.031472,77.595754,2025-07-11,1900-01-01 09:52:10,2,1,35,2,0,9
FIR00949,8,13,12.974276,77.75174,2026-07-22,1900-01-01 08:13:43,1,2,30,2,6,8
FIR00950,2,11,12.962768,77.695446,2026-07-09,1900-01-01 13:53:01,2,2,40,2,4,13
FIR00951,5,14,13.095828,77.59738,2025-11-21,1900-01-01 02:37:44,0,1,51,1,0,2
FIR00952,1,0,12.919779,77.6145,2025-02-12,1900-01-01 13:06:00,2,0,48,2,6,13
FIR00953,1,8,12.931229,77.620563,2025-10-19,1900-01-01 13:51:19,2,0,25,2,3,13
FIR00954,7,3,12.836957,77.674185,2024-12-14,1900-01-01 14:23:46,0,2,29,0,2,14
FIR00955,8,10,13.004774,77.568281,2025-09-14,1900-01-01 14:22:55,1,0,53,1,3,14
FIR00956,5,1,12.919139,77.571906,2024-12-21,1900-01-01 13:43:19,0,1,32,1,2,13
FIR00957,1,0,12.91467,77.609444,2025-08-20,1900-01-01 20:48:21,2,2,42,0,6,20
FIR00958,5,0,12.920776,77.608603,2025-06-25,1900-01-01 19:03:48,0,2,49,0,6,19
FIR00959,3,3,12.844895,77.67589,2024-11-08,1900-01-01 21:56:06,2,2,58,1,0,21
FIR00960,5,12,12.992304,77.554317,2025-04-02,1900-01-01 12:04:25,0,0,29,0,6,12
FIR00961,6,6,12.97364,77.645011,2025-05-01,1900-01-01 03:16:59,0,2,39,1,4,3
FIR00962,9,0,12.918261,77.607869,2025-11-16,1900-01-01 06:09:40,1,1,37,1,3,6
FIR00963,4,9,12.97101,77.602434,2026-01-05,1900-01-01 16:59:35,2,1,31,2,1,16
FIR00964,3,9,12.972834,77.605546,2024-09-10,1900-01-01 23:14:14,2,0,66,0,5,23
FIR00965,2,9,12.975147,77.602668,2025-05-15,1900-01-01 00:41:14,2,1,24,2,4,0
FIR00966,3,7,12.922312,77.598719,2026-06-19,1900-01-01 23:37:13,2,1,34,1,0,23
FIR00967,4,0,12.91805,77.606711,2025-12-27,1900-01-01 00:25:37,2,1,22,0,2,0
FIR00968,2,2,12.928418,77.677861,2025-05-09,1900-01-01 18:26:49,2,0,69,2,0,18
FIR00969,3,7,12.925253,77.597473,2025-11-28,1900-01-01 23:53:38,2,0,32,2,0,23
FIR00970,0,9,12.97391,77.600861,2025-02-26,1900-01-01 02:03:20,2,0,43,0,6,2
FIR00971,7,3,12.840809,77.679765,2026-01-06,1900-01-01 17:30:13,0,2,20,1,5,17
FIR00972,1,1,12.921325,77.576314,2024-08-20,1900-01-01 16:18:03,2,2,46,0,5,16
FIR00973,2,12,12.989878,77.559039,2026-03-31,1900-01-01 11:37:23,2,2,29,0,5,11
FIR00974,7,3,12.844056,77.675643,2025-04-15,1900-01-01 04:15:31,0,2,45,1,5,4
FIR00975,4,5,13.031773,77.598262,2025-01-23,1900-01-01 10:40:53,2,1,52,2,4,10
FIR00976,5,5,13.032841,77.59699,2024-08-25,1900-01-01 00:09:46,0,0,63,0,3,0
FIR00977,2,6,12.97967,77.636307,2026-03-20,1900-01-01 05:32:55,2,1,56,1,0,5
FIR00978,6,13,12.969896,77.753805,2025-05-17,1900-01-01 13:44:53,0,0,25,0,2,13
FIR00979,4,11,12.959514,77.69502,2025-04-20,1900-01-01 07:24:54,2,1,51,0,3,7
FIR00980,2,10,13.003361,77.573282,2026-06-11,1900-01-01 04:29:38,2,0,67,2,4,4
FIR00981,6,12,12.993699,77.550196,2026-02-14,1900-01-01 16:09:56,0,0,45,1,2,16
FIR00982,5,4,12.909941,77.650527,2025-12-11,1900-01-01 19:06:56,0,0,61,2,4,19
FIR00983,6,7,12.92411,77.596483,2026-07-06,1900-01-01 01:30:47,0,1,70,1,1,1
FIR00984,9,5,13.034807,77.594032,2026-03-11,1900-01-01 19:39:58,1,1,48,2,6,19
FIR00985,4,13,12.966378,77.754195,2025-12-01,1900-01-01 00:59:49,2,1,30,1,1,0
FIR00986,4,5,13.033352,77.600654,2025-08-27,1900-01-01 11:15:11,2,0,62,1,6,11
FIR00987,0,8,12.93388,77.619799,2024-09-12,1900-01-01 14:41:38,2,0,49,0,4,14
FIR00988,6,14,13.097969,77.598134,2024-10-02,1900-01-01 21:16:05,0,2,24,0,6,21
FIR00989,9,10,13.000445,77.570511,2026-05-08,1900-01-01 17:45:57,1,2,60,0,0,17
FIR00990,4,11,12.959182,77.695191,2025-10-08,1900-01-01 16:33:50,2,2,41,0,6,16
FIR00991,4,2,12.924705,77.676923,2026-05-19,1900-01-01 20:56:31,2,2,24,0,5,20
FIR00992,8,6,12.98291,77.644234,2024-11-23,1900-01-01 23:25:07,1,2,38,0,2,23
FIR00993,1,6,12.974919,77.636771,2026-03-15,1900-01-01 18:18:36,2,0,38,1,3,18
FIR00994,2,0,12.915873,77.606919,2026-06-09,1900-01-01 14:09:32,2,2,67,0,5,14
FIR00995,7,1,12.919562,77.572371,2025-10-24,1900-01-01 04:22:25,0,2,47,2,0,4
FIR00996,4,7,12.922313,77.594627,2025-02-08,1900-01-01 15:49:00,2,2,67,2,2,15
FIR00997,8,2,12.931292,77.673197,2026-04-16,1900-01-01 03:49:41,1,0,46,1,4,3
FIR00998,8,4,12.908601,77.649873,2024-07-26,1900-01-01 14:30:07,1,0,21,2,0,14
FIR00999,6,1,12.917818,77.569017,2025-02-01,1900-01-01 21:54:35,0,1,55,0,2,21
FIR01000,8,2,12.924685,77.678527,2026-01-11,1900-01-01 03:05:23,1,0,62,1,3,3
FIR01001,0,9,12.980378,77.605349,2025-06-23,1900-01-01 07:52:58,2,1,41,0,1,7
FIR01002,4,12,12.987111,77.559321,2025-11-27,1900-01-01 09:48:49,2,0,28,0,4,9
FIR01003,0,5,13.033255,77.600235,2025-06-13,1900-01-01 23:28:58,2,0,32,1,0,23
FIR01004,7,8,12.932759,77.622235,2025-10-21,1900-01-01 02:51:13,0,0,34,1,5,2
FIR01005,2,5,13.035146,77.595007,2024-08-15,1900-01-01 11:21:56,2,2,49,0,4,11
FIR01006,6,10,13.001543,77.573783,2026-02-16,1900-01-01 08:37:21,0,2,47,1,1,8
FIR01007,4,14,13.100371,77.593834,2026-04-07,1900-01-01 14:44:30,2,0,29,0,5,14
FIR01008,9,6,12.976149,77.636606,2026-05-05,1900-01-01 17:38:27,1,2,24,0,5,17
FIR01009,4,6,12.97592,77.643764,2024-08-25,1900-01-01 21:38:35,2,0,57,1,3,21
FIR01010,0,7,12.920368,77.595788,2025-02-21,1900-01-01 02:37:45,2,1,52,0,0,2
FIR01011,4,13,12.965825,77.747433,2026-04-03,1900-01-01 12:08:45,2,1,63,2,0,12
FIR01012,5,8,12.933061,77.619524,2026-04-24,1900-01-01 20:57:54,0,1,67,2,0,20
FIR01013,4,3,12.84315,77.677933,2026-04-13,1900-01-01 10:40:49,2,0,23,0,1,10
FIR01014,1,0,12.918681,77.611206,2026-03-24,1900-01-01 03:19:23,2,2,35,1,5,3
FIR01015,5,7,12.926594,77.59725,2025-01-03,1900-01-01 22:58:27,0,2,36,0,0,22
FIR01016,0,11,12.9621,77.701599,2025-06-04,1900-01-01 07:03:22,2,1,55,2,6,7
FIR01017,0,0,12.912049,77.614795,2026-07-18,1900-01-01 21:40:28,2,2,37,2,2,21
FIR01018,8,8,12.93348,77.628341,2025-06-24,1900-01-01 04:53:38,1,0,61,0,5,4
FIR01019,4,4,12.907469,77.648219,2025-05-01,1900-01-01 12:42:18,2,1,53,0,4,12
FIR01020,6,12,12.986609,77.555001,2024-09-15,1900-01-01 21:22:23,0,0,68,2,3,21
FIR01021,1,1,12.918466,77.568778,2025-05-22,1900-01-01 10:21:00,2,0,24,0,4,10
FIR01022,0,0,12.916352,77.61362,2024-12-25,1900-01-01 19:47:36,2,2,50,0,6,19
FIR01023,4,2,12.929627,77.671503,2025-12-02,1900-01-01 03:50:07,2,2,49,2,5,3
FIR01024,7,13,12.971738,77.746538,2025-02-27,1900-01-01 12:19:19,0,2,48,2,4,12
FIR01025,6,8,12.930247,77.622312,2026-01-05,1900-01-01 09:06:37,0,2,69,2,1,9
FIR01026,7,5,13.031035,77.595952,2025-04-27,1900-01-01 09:12:54,0,0,68,1,3,9
FIR01027,5,6,12.978969,77.636893,2024-09-12,1900-01-01 22:47:33,0,2,47,1,4,22
FIR01028,7,6,12.979181,77.639599,2026-01-09,1900-01-01 17:01:50,0,1,46,2,0,17
FIR01029,1,8,12.934636,77.619834,2025-12-20,1900-01-01 23:53:41,2,2,37,0,2,23
FIR01030,8,1,12.921909,77.577522,2025-01-06,1900-01-01 05:28:36,1,0,65,2,1,5
FIR01031,0,1,12.915948,77.570073,2025-02-18,1900-01-01 07:47:16,2,2,29,2,5,7
FIR01032,3,3,12.840918,77.674759,2026-07-18,1900-01-01 02:54:47,2,0,59,1,2,2
FIR01033,5,6,12.974001,77.645747,2024-10-03,1900-01-01 06:37:19,0,1,51,2,4,6
FIR01034,6,3,12.83946,77.673764,2025-02-05,1900-01-01 16:08:49,0,2,23,1,6,16
FIR01035,8,9,12.975905,77.604875,2025-08-04,1900-01-01 11:43:55,1,1,20,0,1,11
FIR01036,6,9,12.977374,77.609242,2026-01-07,1900-01-01 16:29:12,0,2,30,1,6,16
FIR01037,6,5,13.036973,77.599285,2025-12-03,1900-01-01 13:32:32,0,0,58,2,6,13
FIR01038,8,3,12.839979,77.677353,2025-12-25,1900-01-01 00:33:58,1,0,29,1,4,0
FIR01039,1,2,12.925243,77.673847,2025-01-24,1900-01-01 04:14:22,2,0,30,0,0,4
FIR01040,2,4,12.913682,77.649575,2025-07-14,1900-01-01 11:34:28,2,2,30,1,1,11
FIR01041,3,5,13.030802,77.592781,2025-07-07,1900-01-01 23:34:46,2,0,34,1,1,23
FIR01042,3,3,12.835533,77.673676,2026-07-12,1900-01-01 09:33:24,2,1,21,0,3,9
FIR01043,9,14,13.097901,77.59565,2025-05-23,1900-01-01 12:45:26,1,0,34,2,0,12
FIR01044,2,3,12.838931,77.673647,2026-04-01,1900-01-01 14:11:01,2,2,40,2,6,14
FIR01045,3,3,12.838376,77.673497,2024-12-15,1900-01-01 19:48:21,2,2,65,0,3,19
FIR01046,6,14,13.102497,77.599572,2026-06-05,1900-01-01 17:09:09,0,1,36,0,0,17
FIR01047,6,9,12.979796,77.601517,2026-01-05,1900-01-01 04:57:27,0,2,69,0,1,4
FIR01048,0,3,12.844452,77.677716,2025-08-28,1900-01-01 11:27:05,2,0,23,1,4,11
FIR01049,3,5,13.038611,77.59374,2025-12-09,1900-01-01 19:40:48,2,1,29,2,5,19
FIR01050,2,14,13.105614,77.59896,2026-01-18,1900-01-01 19:18:29,2,0,41,2,3,19
FIR01051,3,1,12.92175,77.575412,2025-02-16,1900-01-01 11:32:34,2,2,42,0,3,11
FIR01052,8,10,13.001902,77.56948,2024-11-28,1900-01-01 17:04:41,1,2,55,2,4,17
FIR01053,5,2,12.928347,77.676724,2025-01-11,1900-01-01 18:27:46,0,0,41,2,2,18
FIR01054,3,8,12.933948,77.621835,2026-03-07,1900-01-01 20:24:27,2,0,45,0,2,20
FIR01055,4,14,13.103414,77.597488,2024-09-16,1900-01-01 02:21:02,2,0,40,1,1,2
FIR01056,8,3,12.838676,77.676512,2026-02-24,1900-01-01 02:11:53,1,0,60,0,5,2
FIR01057,8,3,12.842557,77.672597,2025-07-26,1900-01-01 04:59:43,1,2,23,1,2,4
FIR01058,3,4,12.915795,77.647571,2024-11-30,1900-01-01 02:37:56,2,2,59,0,2,2
FIR01059,7,1,12.921106,77.577456,2025-05-03,1900-01-01 20:48:06,0,2,57,0,2,20
FIR01060,1,11,12.960324,77.697901,2026-03-05,1900-01-01 05:29:03,2,2,67,2,4,5
FIR01061,1,0,12.917869,77.608576,2025-12-12,1900-01-01 00:35:04,2,2,62,0,0,0
FIR01062,2,7,12.923003,77.595973,2024-08-12,1900-01-01 14:11:37,2,1,66,0,1,14
FIR01063,6,11,12.959139,77.693281,2025-11-10,1900-01-01 12:38:23,0,2,66,1,1,12
FIR01064,4,11,12.962444,77.69869,2025-06-08,1900-01-01 09:04:02,2,2,31,2,3,9
FIR01065,5,13,12.968725,77.750894,2025-10-07,1900-01-01 03:58:58,0,2,29,1,5,3
FIR01066,3,2,12.932561,77.675286,2024-11-22,1900-01-01 13:50:51,2,0,66,1,0,13
FIR01067,1,1,12.914909,77.573808,2025-08-16,1900-01-01 21:15:01,2,2,28,2,2,21
FIR01068,0,5,13.036027,77.592009,2025-12-30,1900-01-01 10:12:00,2,2,70,1,5,10
FIR01069,7,0,12.919832,77.610501,2025-04-26,1900-01-01 08:51:25,0,2,30,1,2,8
FIR01070,6,6,12.977373,77.638859,2026-05-15,1900-01-01 00:08:22,0,1,26,2,0,0
FIR01071,9,11,12.961898,77.700459,2025-11-30,1900-01-01 09:14:24,1,2,47,0,3,9
FIR01072,8,4,12.915686,77.643832,2025-07-25,1900-01-01 03:36:09,1,2,41,2,0,3
FIR01073,1,6,12.981801,77.644647,2025-05-31,1900-01-01 02:36:15,2,2,37,2,2,2
FIR01074,7,9,12.976478,77.600377,2025-09-21,1900-01-01 18:43:30,0,2,41,1,3,18
FIR01075,5,8,12.932389,77.627137,2026-01-16,1900-01-01 07:03:57,0,1,56,0,0,7
FIR01076,7,12,12.995935,77.551032,2024-08-23,1900-01-01 10:36:19,0,0,26,1,0,10
FIR01077,3,5,13.039497,77.60036,2024-08-08,1900-01-01 08:52:43,2,1,19,2,4,8
FIR01078,4,12,12.99536,77.555899,2025-04-22,1900-01-01 02:02:14,2,1,30,0,5,2
FIR01079,0,10,13.004647,77.568373,2025-10-25,1900-01-01 10:06:01,2,0,32,1,2,10
FIR01080,9,14,13.098661,77.596768,2025-06-05,1900-01-01 13:19:44,1,2,57,1,4,13
FIR01081,5,13,12.970487,77.746681,2025-01-04,1900-01-01 11:02:35,0,0,55,1,2,11
FIR01082,3,13,12.969388,77.748264,2026-02-28,1900-01-01 19:10:14,2,0,65,2,2,19
FIR01083,1,5,13.032243,77.600288,2026-07-04,1900-01-01 06:21:49,2,0,42,1,2,6
FIR01084,4,4,12.910546,77.647,2025-12-07,1900-01-01 19:07:25,2,0,44,0,3,19
FIR01085,0,12,12.988042,77.55603,2026-06-11,1900-01-01 15:14:41,2,2,68,0,4,15
FIR01086,8,4,12.909552,77.648656,2026-03-15,1900-01-01 03:25:38,1,0,70,0,3,3
FIR01087,2,14,13.095841,77.599862,2025-04-30,1900-01-01 05:14:34,2,2,53,2,6,5
FIR01088,4,1,12.915399,77.570897,2024-08-13,1900-01-01 06:07:31,2,0,36,2,5,6
FIR01089,9,4,12.911857,77.645143,2026-06-26,1900-01-01 18:58:30,1,0,41,1,0,18
FIR01090,8,13,12.974473,77.7494,2024-11-17,1900-01-01 15:16:52,1,2,37,0,3,15
FIR01091,3,13,12.965379,77.748457,2025-01-04,1900-01-01 06:49:50,2,0,54,0,2,6
FIR01092,0,13,12.97157,77.74712,2026-06-01,1900-01-01 21:19:47,2,0,20,0,1,21
FIR01093,4,12,12.988049,77.550634,2026-06-18,1900-01-01 20:58:10,2,0,40,0,4,20
FIR01094,2,6,12.976004,77.643027,2025-01-27,1900-01-01 11:10:13,2,1,29,2,1,11
FIR01095,9,6,12.979399,77.638956,2026-04-22,1900-01-01 03:00:44,1,1,29,2,6,3
FIR01096,5,10,13.003015,77.571798,2024-11-26,1900-01-01 22:58:10,0,0,43,0,5,22
FIR01097,8,7,12.929287,77.596218,2026-05-04,1900-01-01 13:48:49,1,0,65,1,1,13
FIR01098,1,6,12.983317,77.636854,2024-08-18,1900-01-01 10:54:33,2,2,36,1,3,10
FIR01099,6,7,12.92762,77.590955,2025-03-01,1900-01-01 17:38:37,0,1,57,0,2,17
FIR01100,5,1,12.923298,77.569359,2026-01-30,1900-01-01 09:42:44,0,2,67,2,0,9
FIR01101,7,10,12.998849,77.572671,2024-12-24,1900-01-01 06:56:55,0,1,34,0,5,6
FIR01102,7,0,12.919506,77.615058,2026-04-11,1900-01-01 03:02:05,0,2,22,2,2,3
FIR01103,5,3,12.837592,77.676799,2026-03-22,1900-01-01 07:20:34,0,2,34,1,3,7
FIR01104,3,5,13.032507,77.597626,2026-04-05,1900-01-01 15:14:28,2,2,54,1,3,15
FIR01105,4,13,12.966414,77.754363,2024-09-30,1900-01-01 12:11:56,2,1,35,2,1,12
FIR01106,9,11,12.958607,77.696196,2025-10-12,1900-01-01 10:55:14,1,1,20,2,3,10
FIR01107,9,11,12.961227,77.693174,2024-10-11,1900-01-01 03:58:36,1,1,42,0,0,3
FIR01108,2,10,12.999565,77.565764,2025-11-26,1900-01-01 19:45:31,2,0,41,1,6,19
FIR01109,6,4,12.91511,77.645109,2026-06-16,1900-01-01 20:43:20,0,2,62,1,5,20
FIR01110,9,11,12.961432,77.694417,2025-03-16,1900-01-01 16:15:10,1,1,61,1,3,16
FIR01111,4,3,12.836035,77.67529,2026-06-05,1900-01-01 09:44:03,2,1,37,0,0,9
FIR01112,1,5,13.035821,77.594284,2024-08-24,1900-01-01 12:54:42,2,1,32,0,2,12
FIR01113,9,11,12.963403,77.699236,2025-05-02,1900-01-01 11:14:23,1,0,60,2,0,11
FIR01114,6,0,12.917965,77.610083,2024-09-05,1900-01-01 12:29:15,0,2,34,1,4,12
FIR01115,5,13,12.970916,77.747427,2026-04-30,1900-01-01 06:07:10,0,0,48,2,4,6
FIR01116,6,4,12.908661,77.6493,2026-07-16,1900-01-01 17:06:13,0,2,27,2,4,17
FIR01117,1,2,12.930931,77.675333,2024-12-20,1900-01-01 10:17:15,2,2,20,0,0,10
FIR01118,5,13,12.973375,77.745449,2026-04-11,1900-01-01 00:21:42,0,1,53,0,2,0
FIR01119,3,6,12.979846,77.643234,2025-03-01,1900-01-01 05:02:59,2,0,65,1,2,5
FIR01120,5,10,13.003974,77.571585,2025-06-16,1900-01-01 16:29:00,0,0,21,0,1,16
FIR01121,6,11,12.959321,77.695368,2025-03-04,1900-01-01 23:50:05,0,0,41,2,5,23
FIR01122,5,6,12.977514,77.640987,2025-01-02,1900-01-01 02:15:25,0,0,57,2,4,2
FIR01123,9,3,12.838354,77.675519,2025-10-25,1900-01-01 21:38:56,1,0,42,0,2,21
FIR01124,8,7,12.923279,77.589178,2025-02-19,1900-01-01 14:55:40,1,0,34,1,6,14
FIR01125,2,1,12.92219,77.572546,2026-02-21,1900-01-01 00:41:57,2,0,70,0,2,0
FIR01126,6,6,12.973776,77.636569,2025-06-22,1900-01-01 04:35:25,0,0,24,0,3,4
FIR01127,1,8,12.933673,77.622431,2026-03-03,1900-01-01 04:37:37,2,2,49,2,5,4
FIR01128,2,0,12.914772,77.613653,2024-09-04,1900-01-01 21:08:15,2,2,26,0,6,21
FIR01129,9,8,12.938151,77.622756,2024-11-15,1900-01-01 22:37:09,1,2,68,1,0,22
FIR01130,1,13,12.974383,77.748479,2026-04-28,1900-01-01 20:26:27,2,2,45,2,5,20
FIR01131,4,4,12.915541,77.648246,2025-01-30,1900-01-01 04:35:32,2,0,53,1,4,4
FIR01132,9,7,12.925233,77.589859,2026-07-15,1900-01-01 10:48:20,1,2,65,1,6,10
FIR01133,3,3,12.841399,77.673416,2025-11-25,1900-01-01 10:01:14,2,1,18,1,5,10
FIR01134,3,6,12.982404,77.640004,2026-02-26,1900-01-01 18:48:16,2,2,59,1,4,18
FIR01135,2,4,12.908583,77.646331,2026-06-10,1900-01-01 02:28:02,2,2,56,0,6,2
FIR01136,5,13,12.965597,77.745562,2025-08-25,1900-01-01 13:52:16,0,0,19,0,1,13
FIR01137,1,9,12.97747,77.602257,2025-10-27,1900-01-01 08:03:07,2,2,23,0,1,8
FIR01138,6,1,12.916842,77.578172,2026-01-23,1900-01-01 03:46:48,0,0,69,1,0,3
FIR01139,3,10,13.006321,77.566186,2025-08-05,1900-01-01 17:10:22,2,1,29,1,5,17
FIR01140,7,14,13.10108,77.599588,2025-10-08,1900-01-01 20:20:08,0,2,58,0,6,20
FIR01141,8,8,12.930329,77.62133,2025-11-04,1900-01-01 14:00:49,1,1,27,0,5,14
FIR01142,6,4,12.913173,77.645401,2026-07-22,1900-01-01 22:06:35,0,0,67,1,6,22
FIR01143,2,7,12.929745,77.598486,2025-04-19,1900-01-01 02:19:01,2,2,47,2,2,2
FIR01144,1,11,12.958828,77.694174,2025-09-17,1900-01-01 23:13:30,2,0,51,0,6,23
FIR01145,7,12,12.994757,77.554256,2026-07-08,1900-01-01 11:18:29,0,2,58,1,6,11
FIR01146,0,11,12.955441,77.701948,2024-10-08,1900-01-01 05:52:55,2,2,41,2,5,5
FIR01147,3,2,12.930321,77.672756,2025-03-15,1900-01-01 15:51:21,2,0,68,1,2,15
FIR01148,9,10,13.008227,77.573631,2026-02-03,1900-01-01 15:30:04,1,1,34,2,5,15
FIR01149,4,11,12.959129,77.699067,2025-12-27,1900-01-01 18:30:40,2,2,55,0,2,18
FIR01150,6,4,12.908659,77.647073,2024-08-10,1900-01-01 10:30:56,0,1,42,2,2,10
FIR01151,2,5,13.040066,77.595896,2026-03-11,1900-01-01 19:12:06,2,2,40,2,6,19
FIR01152,7,12,12.987745,77.552675,2026-03-26,1900-01-01 04:48:43,0,2,27,0,4,4
FIR01153,1,9,12.97358,77.601542,2025-11-18,1900-01-01 00:10:47,2,0,52,1,5,0
FIR01154,3,7,12.928957,77.597738,2024-08-31,1900-01-01 01:19:15,2,2,34,1,2,1
FIR01155,1,1,12.914208,77.574519,2025-11-01,1900-01-01 10:48:01,2,0,43,1,2,10
FIR01156,1,7,12.923187,77.592724,2024-11-16,1900-01-01 14:18:12,2,2,47,2,2,14
FIR01157,0,8,12.937456,77.625584,2024-08-27,1900-01-01 21:51:03,2,1,40,1,5,21
FIR01158,4,7,12.922564,77.593499,2026-03-05,1900-01-01 22:31:50,2,2,25,1,4,22
FIR01159,5,9,12.980251,77.604857,2026-06-03,1900-01-01 22:07:34,0,2,18,2,6,22
FIR01160,3,11,12.961387,77.701604,2024-12-11,1900-01-01 17:38:00,2,0,38,1,6,17
FIR01161,0,13,12.971373,77.753309,2026-07-03,1900-01-01 07:04:45,2,0,60,2,0,7
FIR01162,1,13,12.967063,77.749452,2025-10-11,1900-01-01 04:50:02,2,0,56,2,2,4
FIR01163,5,14,13.099663,77.600592,2025-05-02,1900-01-01 08:05:25,0,0,28,2,0,8
FIR01164,0,5,13.030873,77.597116,2025-07-06,1900-01-01 15:32:48,2,1,20,2,3,15
FIR01165,0,7,12.928673,77.598092,2025-09-14,1900-01-01 17:55:59,2,1,26,1,3,17
FIR01166,6,14,13.102274,77.598597,2025-05-13,1900-01-01 16:10:24,0,1,41,1,5,16
FIR01167,9,4,12.90996,77.647844,2026-07-06,1900-01-01 15:27:38,1,0,43,2,1,15
FIR01168,9,5,13.036917,77.599724,2026-03-02,1900-01-01 12:24:26,1,0,55,0,1,12
FIR01169,7,10,13.007228,77.56689,2025-01-26,1900-01-01 09:50:29,0,1,37,1,3,9
FIR01170,0,12,12.988595,77.549583,2025-07-05,1900-01-01 15:17:12,2,2,39,0,2,15
FIR01171,9,14,13.097277,77.593523,2024-12-05,1900-01-01 05:20:15,1,0,20,1,4,5
FIR01172,4,8,12.932822,77.62144,2024-09-13,1900-01-01 14:44:58,2,0,58,1,0,14
FIR01173,2,4,12.915216,77.643222,2024-08-03,1900-01-01 06:33:04,2,2,58,2,2,6
FIR01174,5,4,12.915799,77.645668,2024-09-12,1900-01-01 08:14:55,0,2,59,2,4,8
FIR01175,3,2,12.929393,77.671799,2025-11-14,1900-01-01 03:19:03,2,0,38,2,0,3
FIR01176,3,10,13.006085,77.568857,2025-04-12,1900-01-01 06:19:54,2,0,29,0,2,6
FIR01177,9,3,12.841689,77.672046,2025-04-27,1900-01-01 09:15:08,1,1,27,0,3,9
FIR01178,4,7,12.925635,77.598123,2025-12-30,1900-01-01 10:12:59,2,1,19,0,5,10
FIR01179,1,0,12.921432,77.611531,2024-10-12,1900-01-01 08:28:57,2,2,62,0,2,8
FIR01180,1,1,12.919649,77.576084,2024-09-22,1900-01-01 02:05:14,2,1,28,2,3,2
FIR01181,5,9,12.971091,77.60756,2026-02-08,1900-01-01 11:41:32,0,0,63,2,3,11
FIR01182,4,13,12.971463,77.747866,2025-10-18,1900-01-01 12:53:18,2,2,65,2,2,12
FIR01183,3,9,12.971229,77.60163,2025-10-10,1900-01-01 08:04:07,2,1,59,0,0,8
FIR01184,7,14,13.104156,77.594446,2025-01-19,1900-01-01 08:39:32,0,2,67,2,3,8
FIR01185,1,13,12.971684,77.747188,2026-03-14,1900-01-01 20:38:48,2,1,30,0,2,20
FIR01186,3,7,12.923164,77.595002,2026-06-02,1900-01-01 02:01:30,2,1,25,1,5,2
FIR01187,2,7,12.922349,77.594733,2026-04-23,1900-01-01 16:48:58,2,2,62,0,4,16
FIR01188,6,3,12.83612,77.679434,2025-08-10,1900-01-01 04:54:58,0,2,25,0,3,4
FIR01189,1,7,12.923455,77.59441,2024-12-13,1900-01-01 23:14:33,2,1,33,0,0,23
FIR01190,0,8,12.936968,77.626348,2024-07-31,1900-01-01 07:34:47,2,0,39,1,6,7
FIR01191,2,2,12.931609,77.673697,2025-12-25,1900-01-01 08:53:21,2,2,44,0,4,8
FIR01192,3,10,13.007746,77.569946,2025-11-24,1900-01-01 13:47:26,2,0,69,2,1,13
FIR01193,8,4,12.907916,77.643162,2025-12-20,1900-01-01 09:44:27,1,1,33,1,2,9
FIR01194,0,4,12.915057,77.64608,2025-09-24,1900-01-01 09:06:56,2,0,65,1,6,9
FIR01195,2,3,12.84485,77.680459,2026-03-29,1900-01-01 12:04:29,2,1,70,1,3,12
FIR01196,0,11,12.957197,77.7006,2025-07-07,1900-01-01 23:02:26,2,1,21,0,1,23
FIR01197,6,6,12.976783,77.640411,2026-04-28,1900-01-01 22:49:18,0,2,53,0,5,22
FIR01198,2,0,12.913834,77.614173,2026-06-11,1900-01-01 05:52:12,2,2,24,2,4,5
FIR01199,9,12,12.9866,77.55897,2025-12-17,1900-01-01 12:23:47,1,2,61,1,6,12
FIR01200,9,13,12.973108,77.747294,2025-09-13,1900-01-01 14:07:46,1,1,42,1,2,14
FIR01201,1,3,12.841869,77.674995,2026-03-30,1900-01-01 16:33:04,2,2,22,2,1,16
FIR01202,0,1,12.921576,77.578065,2025-05-18,1900-01-01 14:21:20,2,1,31,0,3,14
FIR01203,1,6,12.978695,77.640574,2025-10-08,1900-01-01 20:16:00,2,1,24,2,6,20
FIR01204,1,13,12.966014,77.749351,2024-11-17,1900-01-01 09:14:30,2,0,45,0,3,9
FIR01205,4,10,13.002622,77.568315,2025-03-27,1900-01-01 23:23:16,2,2,35,1,4,23
FIR01206,6,1,12.9203,77.5745,2025-04-13,1900-01-01 07:53:50,0,0,65,0,3,7
FIR01207,7,13,12.966355,77.752405,2025-04-06,1900-01-01 17:53:38,0,2,50,0,3,17
FIR01208,4,9,12.975561,77.603289,2026-05-18,1900-01-01 23:31:45,2,0,46,2,1,23
FIR01209,0,3,12.840909,77.678401,2026-04-16,1900-01-01 13:41:17,2,1,62,0,4,13
FIR01210,2,1,12.923372,77.572061,2024-09-19,1900-01-01 14:02:10,2,1,39,0,4,14
FIR01211,8,12,12.98691,77.556201,2026-04-19,1900-01-01 09:22:21,1,1,28,2,3,9
FIR01212,5,12,12.9883,77.555207,2024-10-06,1900-01-01 12:31:00,0,2,63,1,3,12
FIR01213,0,12,12.991699,77.557218,2025-05-02,1900-01-01 23:53:33,2,0,29,1,0,23
FIR01214,0,5,13.037708,77.600348,2025-06-26,1900-01-01 04:42:58,2,0,57,0,4,4
FIR01215,4,5,13.038809,77.601879,2024-10-19,1900-01-01 08:20:16,2,1,43,1,2,8
FIR01216,7,6,12.975069,77.635932,2025-09-22,1900-01-01 09:46:24,0,1,25,1,1,9
FIR01217,0,13,12.965331,77.746095,2025-01-24,1900-01-01 08:27:03,2,1,42,2,0,8
FIR01218,9,6,12.979096,77.638156,2025-10-30,1900-01-01 00:22:37,1,0,35,1,4,0
FIR01219,8,14,13.10008,77.596857,2025-09-24,1900-01-01 05:03:29,1,0,44,2,6,5
FIR01220,5,4,12.908874,77.650947,2024-09-15,1900-01-01 01:37:23,0,1,64,2,3,1
FIR01221,9,1,12.91362,77.573678,2025-03-06,1900-01-01 04:35:15,1,2,20,2,4,4
FIR01222,4,2,12.925,77.679449,2025-08-28,1900-01-01 03:02:07,2,0,50,0,4,3
FIR01223,4,12,12.988558,77.558232,2025-06-29,1900-01-01 07:07:09,2,2,68,0,3,7
FIR01224,8,3,12.841519,77.678338,2024-10-16,1900-01-01 05:31:19,1,0,40,2,6,5
FIR01225,2,10,13.002074,77.57387,2025-07-02,1900-01-01 10:11:51,2,0,60,0,6,10
FIR01226,1,0,12.912766,77.613956,2026-07-05,1900-01-01 18:20:24,2,0,56,2,3,18
FIR01227,5,13,12.968,77.752153,2026-04-11,1900-01-01 03:39:20,0,0,23,2,2,3
FIR01228,2,14,13.097537,77.593801,2025-05-20,1900-01-01 15:55:41,2,0,54,2,5,15
FIR01229,7,11,12.961173,77.697075,2024-09-25,1900-01-01 07:04:43,0,2,52,0,6,7
FIR01230,8,10,13.004128,77.571413,2025-04-30,1900-01-01 14:27:27,1,2,32,2,6,14
FIR01231,9,9,12.978068,77.608967,2026-01-11,1900-01-01 01:40:14,1,1,56,0,3,1
FIR01232,6,5,13.030934,77.597627,2025-07-11,1900-01-01 22:18:32,0,0,63,0,0,22
FIR01233,2,4,12.9076,77.646907,2025-03-24,1900-01-01 15:58:14,2,0,45,2,1,15
FIR01234,9,8,12.933614,77.620058,2025-06-26,1900-01-01 03:04:07,1,0,29,0,4,3
FIR01235,7,4,12.912388,77.644243,2024-12-08,1900-01-01 19:27:30,0,1,22,0,3,19
FIR01236,5,9,12.976633,77.603139,2026-04-13,1900-01-01 04:32:41,0,0,70,0,1,4
FIR01237,8,0,12.911874,77.611059,2025-07-17,1900-01-01 16:47:02,1,0,45,0,4,16
FIR01238,7,3,12.840337,77.675853,2024-11-30,1900-01-01 02:23:33,0,1,33,0,2,2
FIR01239,7,4,12.910386,77.651275,2024-11-19,1900-01-01 00:00:02,0,1,69,2,5,0
FIR01240,6,8,12.934776,77.626974,2025-09-01,1900-01-01 10:49:12,0,0,48,2,1,10
FIR01241,0,0,12.92011,77.607326,2024-09-06,1900-01-01 02:07:03,2,2,30,0,0,2
FIR01242,7,0,12.920634,77.605186,2025-04-02,1900-01-01 23:12:37,0,0,29,0,6,23
FIR01243,3,11,12.956548,77.699528,2026-01-06,1900-01-01 13:28:30,2,2,67,2,5,13
FIR01244,3,13,12.968102,77.754004,2024-10-02,1900-01-01 01:59:30,2,2,70,0,6,1
FIR01245,1,8,12.930631,77.626985,2025-06-15,1900-01-01 03:26:41,2,0,19,2,3,3
FIR01246,7,6,12.979675,77.645364,2025-02-09,1900-01-01 21:12:41,0,2,62,0,3,21
FIR01247,4,5,13.037921,77.597959,2026-07-21,1900-01-01 04:55:44,2,0,49,0,5,4
FIR01248,7,13,12.971783,77.753785,2025-06-17,1900-01-01 06:48:44,0,0,55,1,5,6
FIR01249,2,14,13.098171,77.599886,2025-05-07,1900-01-01 02:15:44,2,2,62,2,6,2
FIR01250,5,12,12.992327,77.552028,2024-10-02,1900-01-01 06:52:03,0,0,26,1,6,6
FIR01251,4,4,12.90822,77.651583,2024-09-04,1900-01-01 04:01:39,2,0,53,0,6,4
FIR01252,1,11,12.958101,77.696808,2024-08-30,1900-01-01 08:37:18,2,1,39,1,0,8
FIR01253,5,9,12.976138,77.602635,2025-08-25,1900-01-01 11:52:23,0,1,48,1,1,11
FIR01254,9,12,12.994051,77.556689,2025-11-21,1900-01-01 12:46:16,1,0,23,2,0,12
FIR01255,9,7,12.925606,77.590946,2025-09-27,1900-01-01 08:59:26,1,2,60,0,2,8
FIR01256,5,13,12.966316,77.750095,2026-04-12,1900-01-01 22:10:51,0,0,41,2,3,22
FIR01257,1,13,12.972955,77.747759,2026-07-13,1900-01-01 16:05:52,2,0,34,0,1,16
FIR01258,6,3,12.837111,77.681989,2026-07-18,1900-01-01 17:47:42,0,0,51,0,2,17
FIR01259,3,3,12.844764,77.680804,2025-01-10,1900-01-01 18:36:33,2,2,48,1,0,18
FIR01260,1,5,13.039859,77.594405,2025-03-01,1900-01-01 13:56:19,2,0,44,0,2,13
FIR01261,8,8,12.935854,77.622738,2025-11-21,1900-01-01 03:38:59,1,2,24,1,0,3
FIR01262,7,11,12.9587,77.69622,2025-03-21,1900-01-01 23:39:01,0,0,20,2,0,23
FIR01263,2,0,12.915602,77.60725,2025-11-30,1900-01-01 04:22:00,2,2,58,1,3,4
FIR01264,6,11,12.96211,77.694041,2026-06-22,1900-01-01 19:11:40,0,2,21,0,1,19
FIR01265,9,12,12.991939,77.554177,2025-10-22,1900-01-01 19:39:12,1,0,69,1,6,19
FIR01266,8,9,12.977214,77.601362,2026-06-29,1900-01-01 14:25:44,1,2,42,2,1,14
FIR01267,6,13,12.969605,77.750515,2025-01-29,1900-01-01 15:37:55,0,0,36,0,6,15
FIR01268,9,12,12.988025,77.553507,2024-09-02,1900-01-01 08:26:22,1,0,38,2,1,8
FIR01269,4,4,12.915878,77.651706,2025-03-10,1900-01-01 11:35:33,2,2,42,2,1,11
FIR01270,4,5,13.035705,77.594347,2025-05-11,1900-01-01 20:04:30,2,1,25,1,3,20
FIR01271,7,1,12.914021,77.573414,2024-09-20,1900-01-01 17:17:29,0,2,50,1,0,17
FIR01272,0,0,12.917352,77.613886,2024-09-05,1900-01-01 05:09:09,2,2,25,0,4,5
FIR01273,2,7,12.928105,77.591155,2024-07-31,1900-01-01 10:06:07,2,2,43,0,6,10
FIR01274,6,6,12.975968,77.642943,2024-09-20,1900-01-01 12:40:55,0,2,63,1,0,12
FIR01275,7,5,13.035219,77.594797,2024-12-02,1900-01-01 15:45:26,0,2,32,0,1,15
FIR01276,3,0,12.918042,77.609333,2026-01-04,1900-01-01 00:01:37,2,2,27,2,3,0
FIR01277,0,7,12.923093,77.596355,2026-06-17,1900-01-01 03:10:01,2,2,70,0,6,3
FIR01278,4,10,13.00433,77.568679,2025-08-07,1900-01-01 17:50:19,2,2,43,0,4,17
FIR01279,3,13,12.97193,77.749841,2026-07-18,1900-01-01 08:52:45,2,0,66,0,2,8
FIR01280,3,14,13.098635,77.599917,2026-06-16,1900-01-01 07:36:01,2,0,27,0,5,7
FIR01281,4,12,12.991167,77.558953,2025-07-17,1900-01-01 01:46:28,2,1,35,1,4,1
FIR01282,3,6,12.97833,77.643512,2024-11-23,1900-01-01 20:42:06,2,2,61,1,2,20
FIR01283,7,0,12.919282,77.608798,2026-02-07,1900-01-01 23:02:07,0,2,28,0,2,23
FIR01284,7,4,12.911088,77.647271,2025-05-25,1900-01-01 18:14:00,0,0,28,2,3,18
FIR01285,2,1,12.917406,77.570595,2025-07-13,1900-01-01 11:18:02,2,1,26,1,3,11
FIR01286,2,3,12.840393,77.679516,2024-09-23,1900-01-01 08:57:22,2,2,21,0,1,8
FIR01287,8,7,12.926292,77.596289,2025-11-24,1900-01-01 16:41:54,1,1,21,2,1,16
FIR01288,4,9,12.980208,77.605605,2025-10-06,1900-01-01 04:56:11,2,0,34,1,1,4
FIR01289,1,7,12.92472,77.597929,2025-03-23,1900-01-01 19:08:39,2,0,28,0,3,19
FIR01290,0,4,12.908013,77.647701,2024-11-06,1900-01-01 10:41:07,2,2,27,1,6,10
FIR01291,6,3,12.838302,77.672758,2025-06-20,1900-01-01 16:19:14,0,1,30,1,0,16
FIR01292,3,10,13.007607,77.571026,2025-03-21,1900-01-01 14:02:41,2,1,43,1,0,14
FIR01293,9,10,13.003793,77.571566,2025-12-09,1900-01-01 00:53:14,1,2,43,1,5,0
FIR01294,3,13,12.969385,77.745801,2026-06-17,1900-01-01 13:17:27,2,0,59,1,6,13
FIR01295,7,0,12.913314,77.61279,2025-10-22,1900-01-01 19:34:08,0,2,49,0,6,19
FIR01296,5,2,12.931995,77.67314,2026-07-11,1900-01-01 22:33:50,0,2,66,0,2,22
FIR01297,3,2,12.927703,77.680766,2025-09-10,1900-01-01 01:18:12,2,2,70,0,6,1
FIR01298,4,0,12.916246,77.611053,2025-10-18,1900-01-01 16:28:16,2,0,47,0,2,16
FIR01299,4,11,12.960973,77.694021,2024-11-27,1900-01-01 02:46:36,2,2,65,2,6,2
FIR01300,8,13,12.969159,77.753654,2025-05-17,1900-01-01 05:25:34,1,1,27,0,2,5
FIR01301,0,8,12.932171,77.627571,2026-07-20,1900-01-01 19:58:29,2,1,67,0,1,19
FIR01302,0,13,12.964858,77.752177,2025-09-01,1900-01-01 00:02:32,2,1,58,0,1,0
FIR01303,4,8,12.936248,77.620691,2025-08-26,1900-01-01 18:09:39,2,0,25,0,5,18
FIR01304,1,13,12.968754,77.747215,2025-09-11,1900-01-01 01:01:49,2,1,49,0,4,1
FIR01305,7,10,13.005758,77.570582,2026-01-30,1900-01-01 12:06:39,0,0,42,2,0,12
FIR01306,9,13,12.970509,77.753231,2024-08-01,1900-01-01 06:20:01,1,1,43,1,4,6
FIR01307,1,11,12.959678,77.694802,2025-04-08,1900-01-01 05:27:17,2,0,33,1,5,5
FIR01308,2,14,13.103455,77.601191,2025-01-04,1900-01-01 13:57:07,2,1,41,0,2,13
FIR01309,0,2,12.928923,77.677121,2026-07-14,1900-01-01 02:12:30,2,1,65,0,5,2
FIR01310,7,8,12.933382,77.626956,2025-11-08,1900-01-01 08:30:49,0,1,27,2,2,8
FIR01311,8,0,12.91805,77.607901,2025-06-06,1900-01-01 00:17:56,1,2,27,1,0,0
FIR01312,0,1,12.914345,77.578057,2025-01-23,1900-01-01 09:10:21,2,2,52,1,4,9
FIR01313,3,8,12.936957,77.624252,2025-09-29,1900-01-01 21:14:44,2,2,19,1,1,21
FIR01314,1,9,12.971188,77.608997,2026-05-20,1900-01-01 01:20:41,2,1,25,1,6,1
FIR01315,6,4,12.911729,77.647822,2026-04-02,1900-01-01 03:31:26,0,0,66,1,4,3
FIR01316,5,7,12.923011,77.590139,2024-11-13,1900-01-01 03:46:42,0,0,52,1,6,3
FIR01317,0,13,12.967725,77.753279,2025-10-22,1900-01-01 14:51:55,2,2,69,2,6,14
FIR01318,7,14,13.101879,77.59582,2024-10-02,1900-01-01 14:41:13,0,1,53,2,6,14
FIR01319,0,12,12.987602,77.554159,2025-03-16,1900-01-01 15:38:16,2,1,23,2,3,15
FIR01320,3,0,12.917528,77.612772,2025-04-06,1900-01-01 05:42:54,2,1,22,2,3,5
FIR01321,5,2,12.926173,77.677426,2025-04-22,1900-01-01 02:44:32,0,2,66,0,5,2
FIR01322,8,11,12.954388,77.70136,2025-11-08,1900-01-01 16:33:41,1,1,19,2,2,16
FIR01323,9,13,12.966193,77.754543,2024-10-27,1900-01-01 01:56:29,1,0,22,2,3,1
FIR01324,7,11,12.955503,77.697496,2025-10-28,1900-01-01 07:00:11,0,2,55,1,5,7
FIR01325,2,9,12.975894,77.60812,2024-08-30,1900-01-01 23:47:29,2,1,26,1,0,23
FIR01326,3,4,12.911132,77.649918,2026-05-10,1900-01-01 10:46:35,2,0,36,0,3,10
FIR01327,4,5,13.03748,77.593205,2025-02-22,1900-01-01 09:14:09,2,1,38,1,2,9
FIR01328,2,6,12.976416,77.645167,2025-12-20,1900-01-01 02:50:21,2,0,27,0,2,2
FIR01329,1,2,12.924505,77.671927,2024-10-23,1900-01-01 07:17:44,2,2,47,2,6,7
FIR01330,6,3,12.839261,77.678383,2025-04-15,1900-01-01 05:39:27,0,1,30,1,5,5
FIR01331,1,2,12.92671,77.675406,2026-04-02,1900-01-01 06:33:21,2,2,25,1,4,6
FIR01332,9,12,12.99035,77.557172,2025-11-30,1900-01-01 01:24:03,1,2,26,1,3,1
FIR01333,1,7,12.922676,77.589513,2025-08-13,1900-01-01 10:44:15,2,1,46,2,6,10
FIR01334,1,10,13.001695,77.568161,2026-01-16,1900-01-01 22:52:21,2,0,51,2,0,22
FIR01335,2,8,12.93945,77.620318,2024-09-07,1900-01-01 05:07:04,2,0,28,1,2,5
FIR01336,6,8,12.932808,77.627145,2026-05-24,1900-01-01 19:16:39,0,2,24,0,3,19
FIR01337,4,6,12.977465,77.641207,2025-02-23,1900-01-01 12:14:55,2,0,40,0,3,12
FIR01338,4,14,13.104442,77.600942,2024-10-05,1900-01-01 07:29:34,2,2,57,0,2,7
FIR01339,7,13,12.966829,77.751712,2026-04-01,1900-01-01 21:26:07,0,0,35,0,6,21
FIR01340,6,0,12.911655,77.609538,2025-10-02,1900-01-01 19:18:24,0,2,57,2,4,19
FIR01341,9,2,12.923681,77.678011,2024-10-01,1900-01-01 11:49:45,1,0,39,2,5,11
FIR01342,0,4,12.91422,77.644059,2026-06-01,1900-01-01 15:59:18,2,1,35,0,1,15
FIR01343,5,11,12.961014,77.694029,2025-06-13,1900-01-01 18:46:29,0,1,53,1,0,18
FIR01344,0,6,12.973513,77.636282,2024-08-20,1900-01-01 18:00:10,2,2,55,1,5,18
FIR01345,0,13,12.966807,77.751191,2026-02-23,1900-01-01 17:13:54,2,2,23,2,1,17
FIR01346,5,10,13.006099,77.567691,2026-01-13,1900-01-01 07:47:47,0,2,46,2,5,7
FIR01347,4,7,12.925083,77.59358,2025-04-10,1900-01-01 06:46:48,2,1,36,1,4,6
FIR01348,4,8,12.934339,77.62594,2025-03-14,1900-01-01 13:40:34,2,2,55,0,0,13
FIR01349,8,11,12.962476,77.701295,2026-04-18,1900-01-01 12:14:20,1,1,31,0,2,12
FIR01350,8,14,13.098725,77.592496,2026-07-22,1900-01-01 18:47:11,1,0,21,0,6,18
FIR01351,6,9,12.976757,77.606204,2024-09-10,1900-01-01 15:19:59,0,2,19,1,5,15
FIR01352,0,4,12.907296,77.645207,2025-12-24,1900-01-01 04:21:18,2,2,36,0,6,4
FIR01353,7,1,12.921512,77.573511,2025-04-12,1900-01-01 11:10:24,0,2,57,0,2,11
FIR01354,6,13,12.967541,77.74588,2026-06-30,1900-01-01 20:04:41,0,2,27,2,5,20
FIR01355,6,11,12.964074,77.697093,2026-02-04,1900-01-01 13:29:19,0,0,29,0,6,13
FIR01356,0,4,12.9149,77.651115,2025-03-23,1900-01-01 19:21:32,2,1,20,1,3,19
FIR01357,5,4,12.909956,77.652124,2025-12-03,1900-01-01 19:31:09,0,1,54,0,6,19
FIR01358,1,1,12.91735,77.571499,2025-04-08,1900-01-01 07:21:02,2,0,54,2,5,7
FIR01359,4,3,12.838695,77.677865,2026-05-10,1900-01-01 19:00:30,2,0,30,1,3,19
FIR01360,8,2,12.930725,77.680251,2026-03-21,1900-01-01 19:04:12,1,2,47,2,2,19
FIR01361,3,8,12.931186,77.628122,2026-03-23,1900-01-01 20:20:27,2,2,25,0,1,20
FIR01362,2,3,12.838629,77.680871,2026-07-14,1900-01-01 04:14:20,2,2,63,1,5,4
FIR01363,9,14,13.100521,77.59338,2024-11-19,1900-01-01 13:58:50,1,0,64,1,5,13
FIR01364,6,1,12.91806,77.575346,2025-08-11,1900-01-01 10:20:41,0,2,49,2,1,10
FIR01365,7,10,12.998617,77.574595,2025-07-27,1900-01-01 02:20:11,0,1,52,2,3,2
FIR01366,0,11,12.959637,77.700583,2025-03-10,1900-01-01 22:23:44,2,1,26,1,1,22
FIR01367,1,12,12.993632,77.553452,2024-07-30,1900-01-01 11:02:55,2,1,56,2,5,11
FIR01368,2,7,12.922801,77.598108,2024-11-23,1900-01-01 07:18:33,2,0,47,0,2,7
FIR01369,7,13,12.968748,77.753644,2025-08-04,1900-01-01 23:02:58,0,0,30,0,1,23
FIR01370,7,13,12.972713,77.754668,2024-09-25,1900-01-01 12:30:04,0,1,48,1,6,12
FIR01371,5,9,12.979642,77.608791,2025-08-11,1900-01-01 09:47:20,0,0,49,2,1,9
FIR01372,2,10,13.00833,77.567464,2024-09-26,1900-01-01 13:34:59,2,0,42,2,4,13
FIR01373,1,13,12.972937,77.746753,2026-05-22,1900-01-01 21:19:58,2,2,64,0,0,21
FIR01374,2,9,12.979707,77.604965,2025-01-21,1900-01-01 09:32:56,2,0,43,0,5,9
FIR01375,1,6,12.977798,77.642584,2026-05-02,1900-01-01 07:48:05,2,0,58,2,2,7
FIR01376,7,8,12.933946,77.620016,2025-01-03,1900-01-01 18:07:35,0,0,36,0,0,18
FIR01377,1,9,12.979225,77.609932,2025-12-21,1900-01-01 22:05:28,2,1,26,0,3,22
FIR01378,0,14,13.097964,77.597405,2026-01-17,1900-01-01 23:33:31,2,0,34,2,2,23
FIR01379,1,8,12.931381,77.625459,2026-02-15,1900-01-01 10:13:00,2,1,23,1,3,10
FIR01380,3,1,12.915142,77.576087,2026-07-23,1900-01-01 05:04:09,2,0,53,2,4,5
FIR01381,5,2,12.924398,77.67996,2024-09-10,1900-01-01 00:39:45,0,0,54,1,5,0
FIR01382,7,3,12.83572,77.681821,2024-08-18,1900-01-01 11:01:49,0,0,37,0,3,11
FIR01383,3,8,12.939547,77.625249,2024-08-27,1900-01-01 11:29:16,2,0,45,1,5,11
FIR01384,2,3,12.837955,77.67892,2026-05-27,1900-01-01 19:37:41,2,1,62,0,6,19
FIR01385,8,12,12.994617,77.550261,2026-02-21,1900-01-01 03:38:13,1,2,40,0,2,3
FIR01386,0,7,12.920418,77.597382,2025-11-02,1900-01-01 06:09:32,2,1,20,0,3,6
FIR01387,7,11,12.963072,77.701137,2026-04-04,1900-01-01 14:47:33,0,2,67,2,2,14
FIR01388,4,5,13.035663,77.592668,2025-12-28,1900-01-01 11:37:19,2,2,36,2,3,11
FIR01389,3,9,12.974432,77.607881,2025-08-20,1900-01-01 12:22:01,2,1,50,1,6,12
FIR01390,7,12,12.989223,77.553327,2025-11-29,1900-01-01 15:22:05,0,2,59,0,2,15
FIR01391,7,12,12.993474,77.551188,2026-05-26,1900-01-01 22:36:14,0,0,57,1,5,22
FIR01392,4,4,12.911172,77.642409,2026-03-19,1900-01-01 01:03:08,2,0,46,2,4,1
FIR01393,1,0,12.912942,77.610067,2025-11-25,1900-01-01 13:23:21,2,0,57,1,5,13
FIR01394,7,3,12.84437,77.674156,2026-05-13,1900-01-01 21:06:43,0,0,46,2,6,21
FIR01395,9,6,12.982046,77.642222,2024-07-23,1900-01-01 09:14:33,1,0,50,2,5,9
FIR01396,7,7,12.92189,77.589067,2025-05-23,1900-01-01 04:57:59,0,0,56,0,0,4
FIR01397,9,7,12.929325,77.591042,2024-11-10,1900-01-01 17:50:01,1,0,45,2,3,17
FIR01398,8,1,12.916327,77.571226,2025-06-02,1900-01-01 19:53:58,1,1,33,2,1,19
FIR01399,0,4,12.908891,77.648273,2024-12-30,1900-01-01 16:47:56,2,0,50,1,1,16
FIR01400,7,4,12.914962,77.650772,2024-11-18,1900-01-01 11:10:33,0,1,26,2,1,11
FIR01401,9,3,12.83718,77.675483,2024-11-22,1900-01-01 21:05:28,1,2,58,0,0,21
FIR01402,9,13,12.969176,77.744913,2025-03-29,1900-01-01 15:33:22,1,2,65,0,2,15
FIR01403,2,8,12.93677,77.62213,2025-12-29,1900-01-01 14:01:28,2,0,32,2,1,14
FIR01404,7,3,12.8413,77.67702,2025-10-03,1900-01-01 04:35:13,0,1,38,0,0,4
FIR01405,3,13,12.969764,77.75427,2026-01-28,1900-01-01 06:45:59,2,1,24,0,6,6
FIR01406,2,11,12.962902,77.692641,2024-11-06,1900-01-01 06:51:48,2,1,37,1,6,6
FIR01407,8,4,12.916229,77.652272,2025-08-13,1900-01-01 10:31:18,1,2,29,1,6,10
FIR01408,4,6,12.981082,77.64371,2025-02-09,1900-01-01 01:34:07,2,0,21,1,3,1
FIR01409,7,12,12.995475,77.55578,2026-02-08,1900-01-01 04:57:03,0,2,46,2,3,4
FIR01410,1,4,12.912349,77.643006,2026-02-16,1900-01-01 15:48:47,2,0,36,1,1,15
FIR01411,0,2,12.929607,77.675587,2026-05-08,1900-01-01 17:58:42,2,0,41,0,0,17
FIR01412,3,11,12.960032,77.698727,2024-10-17,1900-01-01 13:55:25,2,0,20,0,4,13
FIR01413,9,4,12.909353,77.642435,2025-02-22,1900-01-01 09:52:47,1,0,44,0,2,9
FIR01414,2,9,12.972729,77.602347,2025-08-07,1900-01-01 06:07:57,2,1,31,0,4,6
FIR01415,0,1,12.91505,77.570765,2025-09-30,1900-01-01 09:14:17,2,0,35,1,5,9
FIR01416,6,10,13.004368,77.56761,2025-03-17,1900-01-01 16:53:45,0,0,32,0,1,16
FIR01417,7,1,12.919992,77.577058,2025-05-26,1900-01-01 15:46:37,0,1,41,2,1,15
FIR01418,5,8,12.93426,77.619513,2025-09-16,1900-01-01 21:26:56,0,2,24,1,5,21
FIR01419,3,5,13.031844,77.59976,2026-06-13,1900-01-01 16:13:07,2,2,48,1,2,16
FIR01420,5,3,12.842545,77.679992,2024-08-10,1900-01-01 10:41:50,0,2,55,0,2,10
FIR01421,4,13,12.966312,77.749856,2025-05-08,1900-01-01 10:53:07,2,2,64,2,4,10
FIR01422,1,12,12.993413,77.552789,2026-01-27,1900-01-01 07:47:37,2,0,43,0,5,7
FIR01423,6,3,12.836345,77.673722,2024-08-22,1900-01-01 03:21:15,0,2,64,1,4,3
FIR01424,5,4,12.909176,77.643261,2025-01-11,1900-01-01 21:54:02,0,0,53,0,2,21
FIR01425,2,0,12.921086,77.614711,2025-04-29,1900-01-01 22:59:22,2,2,57,2,5,22
FIR01426,8,7,12.926387,77.593063,2025-02-25,1900-01-01 11:04:03,1,0,27,0,5,11
FIR01427,9,2,12.927701,77.680571,2025-02-25,1900-01-01 03:13:27,1,0,42,0,5,3
FIR01428,4,6,12.979342,77.639404,2024-12-27,1900-01-01 14:38:03,2,1,49,1,0,14
FIR01429,9,2,12.924423,77.674505,2024-08-18,1900-01-01 06:24:22,1,0,51,1,3,6
FIR01430,4,4,12.908861,77.647686,2026-04-27,1900-01-01 08:35:24,2,0,60,2,1,8
FIR01431,0,9,12.973319,77.604714,2025-12-08,1900-01-01 01:01:12,2,1,49,2,1,1
FIR01432,9,0,12.915045,77.608885,2025-12-18,1900-01-01 03:00:15,1,0,21,2,4,3
FIR01433,6,11,12.955812,77.696578,2024-10-22,1900-01-01 11:56:55,0,1,36,1,5,11
FIR01434,1,2,12.925386,77.674989,2025-01-04,1900-01-01 17:38:48,2,2,46,0,2,17
FIR01435,8,2,12.932883,77.681198,2026-05-13,1900-01-01 17:03:48,1,0,31,1,6,17
FIR01436,6,5,13.036983,77.600459,2024-09-15,1900-01-01 12:03:47,0,2,41,0,3,12
FIR01437,0,3,12.842437,77.672356,2025-03-04,1900-01-01 00:02:55,2,0,31,2,5,0
FIR01438,2,1,12.918203,77.574496,2025-04-22,1900-01-01 14:06:34,2,0,31,0,5,14
FIR01439,1,2,12.924069,77.675255,2024-10-29,1900-01-01 22:06:47,2,1,29,1,5,22
FIR01440,9,10,13.006318,77.565709,2025-06-29,1900-01-01 18:10:28,1,0,23,2,3,18
FIR01441,1,8,12.935013,77.624954,2025-06-22,1900-01-01 10:19:35,2,1,70,1,3,10
FIR01442,1,1,12.920984,77.572922,2026-04-26,1900-01-01 12:48:34,2,0,55,1,3,12
FIR01443,6,12,12.995042,77.559267,2026-03-13,1900-01-01 11:36:29,0,2,55,2,0,11
FIR01444,1,8,12.93328,77.622673,2026-02-14,1900-01-01 08:32:25,2,2,65,1,2,8
FIR01445,3,13,12.968991,77.746381,2025-08-11,1900-01-01 15:10:41,2,0,44,2,1,15
FIR01446,2,8,12.93958,77.626508,2025-05-18,1900-01-01 00:22:58,2,2,58,1,3,0
FIR01447,4,7,12.927007,77.593575,2025-10-05,1900-01-01 21:30:02,2,0,19,0,3,21
FIR01448,3,0,12.917513,77.613289,2026-07-06,1900-01-01 12:04:15,2,1,44,2,1,12
FIR01449,7,0,12.913886,77.606085,2024-12-17,1900-01-01 10:48:01,0,2,34,1,5,10
FIR01450,9,12,12.99234,77.556475,2026-04-04,1900-01-01 12:28:37,1,0,41,2,2,12
FIR01451,7,9,12.979347,77.601037,2026-05-13,1900-01-01 01:00:26,0,1,29,2,6,1
FIR01452,3,13,12.974499,77.749604,2024-11-27,1900-01-01 21:29:02,2,2,68,0,6,21
FIR01453,4,12,12.989835,77.552158,2025-03-04,1900-01-01 06:39:43,2,1,68,0,5,6
FIR01454,4,12,12.992136,77.556797,2025-08-09,1900-01-01 09:31:43,2,2,68,2,2,9
FIR01455,1,13,12.972426,77.754634,2024-08-19,1900-01-01 11:10:06,2,1,59,2,1,11
FIR01456,6,11,12.959811,77.701058,2024-12-15,1900-01-01 05:43:26,0,2,64,2,3,5
FIR01457,5,10,13.002606,77.573079,2026-07-07,1900-01-01 00:05:43,0,1,66,2,5,0
FIR01458,4,8,12.931329,77.619644,2025-10-25,1900-01-01 12:25:30,2,2,23,0,2,12
FIR01459,9,13,12.965399,77.751508,2026-01-22,1900-01-01 00:29:22,1,2,67,1,4,0
FIR01460,7,5,13.034862,77.594331,2025-12-04,1900-01-01 08:59:14,0,0,35,1,4,8
FIR01461,3,7,12.926495,77.597762,2024-12-02,1900-01-01 23:37:23,2,2,66,2,1,23
FIR01462,4,0,12.918763,77.607125,2025-01-21,1900-01-01 12:27:56,2,0,53,1,5,12
FIR01463,2,0,12.914029,77.614838,2025-08-17,1900-01-01 12:58:16,2,2,58,1,3,12
FIR01464,1,13,12.972731,77.753384,2025-09-08,1900-01-01 05:14:20,2,0,28,2,1,5
FIR01465,9,9,12.972889,77.605885,2025-10-21,1900-01-01 15:59:08,1,0,26,0,5,15
FIR01466,4,11,12.959818,77.699028,2025-09-07,1900-01-01 03:49:59,2,2,39,2,3,3
FIR01467,3,3,12.835636,77.679231,2026-06-29,1900-01-01 07:12:38,2,0,58,2,1,7
FIR01468,0,6,12.974246,77.637028,2024-09-08,1900-01-01 11:23:30,2,1,55,2,3,11
FIR01469,9,6,12.976388,77.644493,2026-06-13,1900-01-01 05:02:35,1,1,33,2,2,5
FIR01470,0,3,12.835008,77.675278,2024-09-08,1900-01-01 00:14:19,2,1,52,0,3,0
FIR01471,3,9,12.976265,77.605473,2026-02-17,1900-01-01 07:10:47,2,0,31,0,5,7
FIR01472,0,3,12.842669,77.676689,2025-12-14,1900-01-01 11:57:25,2,2,23,2,3,11
FIR01473,0,14,13.100241,77.596865,2024-11-01,1900-01-01 10:57:22,2,0,66,2,0,10
FIR01474,9,3,12.844718,77.681503,2025-04-02,1900-01-01 21:00:06,1,1,50,2,6,21
FIR01475,8,2,12.930751,77.673268,2026-05-31,1900-01-01 14:12:47,1,1,58,1,3,14
FIR01476,0,5,13.03145,77.597058,2026-03-01,1900-01-01 23:44:13,2,0,28,1,3,23
FIR01477,8,10,13.003736,77.574798,2025-01-29,1900-01-01 18:54:21,1,1,21,0,6,18
FIR01478,9,13,12.966315,77.746816,2026-06-13,1900-01-01 16:45:36,1,0,38,1,2,16
FIR01479,6,5,13.034455,77.59331,2024-11-09,1900-01-01 11:30:06,0,1,28,2,2,11
FIR01480,9,10,13.006518,77.574206,2025-10-26,1900-01-01 18:52:34,1,2,34,1,3,18
FIR01481,9,1,12.91994,77.570506,2025-08-14,1900-01-01 07:56:47,1,1,25,1,4,7
FIR01482,1,6,12.974012,77.64194,2026-02-21,1900-01-01 07:48:09,2,2,47,2,2,7
FIR01483,9,10,13.000834,77.571797,2026-06-28,1900-01-01 17:21:47,1,1,49,0,3,17
FIR01484,8,2,12.928401,77.679754,2026-02-03,1900-01-01 14:52:40,1,0,44,2,5,14
FIR01485,9,1,12.917601,77.569061,2025-06-27,1900-01-01 09:59:30,1,1,34,0,0,9
FIR01486,5,2,12.931903,77.677164,2024-09-24,1900-01-01 02:45:51,0,0,57,0,5,2
FIR01487,1,14,13.096526,77.596253,2025-10-18,1900-01-01 07:39:54,2,1,22,0,2,7
FIR01488,1,0,12.918633,77.605766,2024-09-03,1900-01-01 09:18:48,2,0,47,2,5,9
FIR01489,9,10,13.003178,77.574122,2026-01-20,1900-01-01 16:03:59,1,2,47,1,5,16
FIR01490,9,5,13.034375,77.592502,2026-07-12,1900-01-01 06:00:28,1,2,52,2,3,6
FIR01491,2,8,12.931806,77.62071,2026-03-01,1900-01-01 23:12:37,2,0,67,1,3,23
FIR01492,2,9,12.974451,77.603254,2024-09-26,1900-01-01 17:21:27,2,2,39,2,4,17
FIR01493,8,0,12.916177,77.613411,2025-09-25,1900-01-01 04:06:05,1,2,35,1,4,4
FIR01494,8,1,12.915677,77.574379,2024-09-24,1900-01-01 11:20:20,1,0,67,1,5,11
FIR01495,4,14,13.105149,77.598705,2024-12-22,1900-01-01 10:48:28,2,0,70,0,3,10
FIR01496,5,0,12.916755,77.605397,2025-04-03,1900-01-01 05:14:56,0,1,36,2,4,5
FIR01497,2,5,13.039091,77.594936,2025-02-03,1900-01-01 14:01:39,2,0,63,2,1,14
FIR01498,1,3,12.842545,77.674573,2026-02-26,1900-01-01 09:53:41,2,2,59,1,4,9
FIR01499,9,9,12.974538,77.605678,2026-03-11,1900-01-01 00:50:51,1,0,57,1,6,0
FIR01500,0,0,12.916109,77.608435,2025-08-05,1900-01-01 17:18:26,2,0,68,1,5,17
FIR01501,9,4,12.908359,77.643728,2025-05-07,1900-01-01 04:42:55,1,0,43,2,6,4
FIR01502,4,8,12.931199,77.626115,2025-11-08,1900-01-01 15:58:24,2,0,20,1,2,15
FIR01503,6,12,12.987278,77.551496,2025-01-29,1900-01-01 02:39:02,0,2,45,1,6,2
FIR01504,5,6,12.974674,77.643403,2025-10-06,1900-01-01 07:37:50,0,2,35,0,1,7
FIR01505,1,13,12.971106,77.7525,2025-06-05,1900-01-01 17:25:50,2,2,66,2,4,17
FIR01506,2,10,13.005871,77.572256,2024-08-01,1900-01-01 19:35:25,2,1,64,2,4,19
FIR01507,5,8,12.934058,77.622542,2025-05-04,1900-01-01 00:49:24,0,1,21,0,3,0
FIR01508,0,2,12.925637,77.671466,2025-12-21,1900-01-01 04:16:04,2,2,34,1,3,4
FIR01509,1,14,13.097236,77.591808,2025-11-02,1900-01-01 06:26:39,2,2,27,1,3,6
FIR01510,2,8,12.936925,77.62677,2026-04-23,1900-01-01 08:09:22,2,0,63,1,4,8
FIR01511,9,0,12.916857,77.611745,2026-05-11,1900-01-01 21:58:03,1,1,49,0,1,21
FIR01512,2,3,12.83791,77.675368,2025-12-16,1900-01-01 02:52:28,2,2,31,1,5,2
FIR01513,3,0,12.913112,77.607427,2025-10-16,1900-01-01 02:06:44,2,1,52,1,4,2
FIR01514,8,3,12.836638,77.680679,2026-07-17,1900-01-01 06:22:35,1,1,52,1,0,6
FIR01515,0,9,12.974055,77.607089,2026-07-22,1900-01-01 21:02:14,2,0,42,1,6,21
FIR01516,0,10,13.001154,77.568642,2025-01-23,1900-01-01 06:48:21,2,1,56,0,4,6
FIR01517,4,10,13.001124,77.565984,2026-02-02,1900-01-01 10:58:49,2,2,51,0,1,10
FIR01518,0,3,12.838577,77.678315,2025-02-16,1900-01-01 21:52:48,2,0,30,1,3,21
FIR01519,1,5,13.0319,77.598107,2025-10-01,1900-01-01 01:59:57,2,0,46,2,6,1
FIR01520,6,1,12.915267,77.570499,2025-06-25,1900-01-01 05:06:46,0,2,51,0,6,5
FIR01521,7,3,12.84253,77.67542,2025-05-02,1900-01-01 00:11:48,0,2,21,0,0,0
FIR01522,2,10,13.008358,77.575035,2025-03-20,1900-01-01 15:03:18,2,0,25,0,4,15
FIR01523,7,10,13.006661,77.571465,2026-01-29,1900-01-01 10:29:04,0,1,48,2,4,10
FIR01524,3,10,13.006705,77.572626,2025-03-16,1900-01-01 20:27:19,2,1,66,1,3,20
FIR01525,5,11,12.955646,77.694524,2025-04-07,1900-01-01 19:17:29,0,2,34,2,1,19
FIR01526,6,3,12.843798,77.673163,2026-04-17,1900-01-01 05:53:21,0,0,38,0,0,5
FIR01527,0,0,12.911871,77.611787,2025-08-29,1900-01-01 18:20:41,2,2,45,2,0,18
FIR01528,6,13,12.967618,77.751814,2026-05-02,1900-01-01 02:31:03,0,2,56,0,2,2
FIR01529,3,12,12.989186,77.551874,2025-04-30,1900-01-01 19:17:03,2,1,38,2,6,19
FIR01530,7,10,13.007273,77.567138,2025-01-08,1900-01-01 20:26:27,0,2,28,0,6,20
FIR01531,7,1,12.920011,77.568818,2026-06-04,1900-01-01 19:36:08,0,2,29,2,4,19
FIR01532,5,6,12.974881,77.645449,2026-04-10,1900-01-01 03:56:52,0,1,52,2,0,3
FIR01533,0,4,12.912202,77.64446,2025-09-22,1900-01-01 13:55:22,2,1,65,1,1,13
FIR01534,3,0,12.914505,77.607417,2026-01-22,1900-01-01 20:15:48,2,1,48,0,4,20
FIR01535,3,1,12.921188,77.569292,2025-12-08,1900-01-01 01:19:23,2,0,42,2,1,1
FIR01536,6,4,12.912752,77.645691,2025-12-22,1900-01-01 15:00:38,0,2,66,0,1,15
FIR01537,3,1,12.914687,77.575028,2026-05-26,1900-01-01 12:58:23,2,0,36,0,5,12
FIR01538,6,5,13.033697,77.601792,2025-07-25,1900-01-01 18:03:32,0,0,30,1,0,18
FIR01539,9,8,12.937935,77.627834,2024-12-10,1900-01-01 02:06:54,1,0,58,2,5,2
FIR01540,0,10,13.000928,77.573234,2025-04-13,1900-01-01 06:21:45,2,1,22,0,3,6
FIR01541,3,6,12.983113,77.641704,2024-10-30,1900-01-01 19:55:54,2,2,36,1,6,19
FIR01542,2,14,13.105098,77.598116,2024-11-30,1900-01-01 15:46:38,2,2,51,0,2,15
FIR01543,1,14,13.097002,77.596753,2026-06-22,1900-01-01 16:17:04,2,0,18,2,1,16
FIR01544,9,5,13.036742,77.599308,2025-03-23,1900-01-01 13:14:24,1,0,37,1,3,13
FIR01545,0,10,13.003472,77.569959,2025-03-14,1900-01-01 11:55:48,2,0,48,0,0,11
FIR01546,0,8,12.933789,77.623703,2025-04-28,1900-01-01 12:45:46,2,0,56,1,1,12
FIR01547,4,10,13.003961,77.567415,2026-05-07,1900-01-01 11:24:09,2,2,58,1,4,11
FIR01548,8,5,13.032849,77.598462,2026-05-29,1900-01-01 01:58:07,1,1,51,1,0,1
FIR01549,5,6,12.980269,77.643706,2024-11-18,1900-01-01 22:09:31,0,0,68,1,1,22
FIR01550,7,8,12.936093,77.624676,2024-08-14,1900-01-01 11:37:30,0,1,53,1,6,11
FIR01551,6,7,12.926837,77.593848,2024-10-06,1900-01-01 12:50:42,0,2,54,1,3,12
FIR01552,4,3,12.841255,77.679883,2024-11-07,1900-01-01 21:39:21,2,1,52,0,4,21
FIR01553,0,3,12.839045,77.676362,2026-04-08,1900-01-01 21:19:57,2,2,28,2,6,21
FIR01554,6,3,12.837755,77.678704,2025-02-14,1900-01-01 00:25:54,0,2,48,0,0,0
FIR01555,6,3,12.837693,77.676734,2025-01-22,1900-01-01 10:05:27,0,2,58,1,6,10
FIR01556,5,11,12.961633,77.695337,2026-04-20,1900-01-01 10:39:45,0,1,59,1,1,10
FIR01557,7,0,12.92124,77.608338,2025-12-07,1900-01-01 11:45:08,0,0,66,0,3,11
FIR01558,2,9,12.973312,77.600926,2026-04-28,1900-01-01 02:13:58,2,2,63,0,5,2
FIR01559,6,6,12.981769,77.640115,2025-11-07,1900-01-01 08:16:28,0,0,69,1,0,8
FIR01560,2,13,12.970961,77.749465,2025-05-26,1900-01-01 17:56:38,2,1,66,1,1,17
FIR01561,6,11,12.962303,77.69662,2024-10-26,1900-01-01 21:16:37,0,1,42,2,2,21
FIR01562,0,9,12.97139,77.605023,2024-12-23,1900-01-01 14:43:26,2,0,25,0,1,14
FIR01563,6,2,12.925543,77.679326,2025-10-18,1900-01-01 12:41:39,0,0,48,2,2,12
FIR01564,1,1,12.915061,77.570315,2025-05-05,1900-01-01 17:21:05,2,1,31,0,1,17
FIR01565,9,4,12.915914,77.651247,2024-12-10,1900-01-01 14:32:14,1,1,18,0,5,14
FIR01566,7,11,12.95413,77.694728,2025-04-25,1900-01-01 10:09:52,0,2,67,0,0,10
FIR01567,1,9,12.971156,77.606958,2025-11-06,1900-01-01 02:41:22,2,1,47,1,4,2
FIR01568,7,13,12.96725,77.754203,2026-01-22,1900-01-01 00:36:33,0,1,24,2,4,0
FIR01569,2,5,13.033862,77.59379,2025-08-13,1900-01-01 14:11:33,2,1,42,2,6,14
FIR01570,1,10,13.006744,77.574077,2025-06-01,1900-01-01 19:03:25,2,0,59,0,3,19
FIR01571,9,13,12.973801,77.752585,2024-08-02,1900-01-01 05:10:54,1,0,22,2,0,5
FIR01572,4,1,12.923026,77.578134,2026-05-11,1900-01-01 22:38:41,2,0,61,2,1,22
FIR01573,3,12,12.993385,77.551129,2024-10-06,1900-01-01 00:14:36,2,1,48,2,3,0
FIR01574,5,3,12.840266,77.674135,2025-05-01,1900-01-01 19:59:21,0,1,19,2,4,19
FIR01575,0,9,12.979543,77.608135,2024-12-19,1900-01-01 20:07:12,2,0,28,2,4,20
FIR01576,6,13,12.971871,77.751163,2024-10-16,1900-01-01 02:34:04,0,1,34,1,6,2
FIR01577,7,2,12.92816,77.675246,2025-02-22,1900-01-01 09:54:42,0,0,32,0,2,9
FIR01578,9,5,13.032598,77.594491,2024-07-30,1900-01-01 18:32:48,1,1,64,0,5,18
FIR01579,0,1,12.921342,77.575621,2026-04-12,1900-01-01 21:10:36,2,2,32,1,3,21
FIR01580,2,9,12.974571,77.604943,2025-11-25,1900-01-01 01:36:42,2,1,22,0,5,1
FIR01581,2,6,12.976781,77.644445,2025-10-17,1900-01-01 01:19:42,2,2,20,2,0,1
FIR01582,2,13,12.971053,77.74811,2025-04-29,1900-01-01 19:48:28,2,1,25,2,5,19
FIR01583,0,9,12.977237,77.600533,2025-11-12,1900-01-01 01:51:24,2,0,70,1,6,1
FIR01584,0,0,12.918287,77.613949,2024-09-13,1900-01-01 09:19:22,2,0,55,0,0,9
FIR01585,2,12,12.989143,77.556134,2026-03-14,1900-01-01 06:08:38,2,2,69,1,2,6
FIR01586,8,7,12.922137,77.589089,2024-09-28,1900-01-01 18:03:40,1,2,46,1,2,18
FIR01587,7,3,12.840955,77.680526,2026-03-24,1900-01-01 12:56:45,0,0,60,2,5,12
FIR01588,7,10,13.001829,77.573204,2025-08-27,1900-01-01 00:23:21,0,1,33,2,6,0
FIR01589,6,8,12.931219,77.621513,2025-09-18,1900-01-01 01:48:14,0,1,24,0,4,1
FIR01590,6,5,13.033069,77.601771,2025-04-10,1900-01-01 15:14:43,0,0,69,2,4,15
FIR01591,5,6,12.975683,77.642489,2026-05-11,1900-01-01 21:38:40,0,2,35,1,1,21
FIR01592,6,8,12.935419,77.622965,2024-12-13,1900-01-01 16:57:22,0,2,64,1,0,16
FIR01593,6,3,12.840685,77.676655,2025-12-27,1900-01-01 03:24:06,0,0,21,0,2,3
FIR01594,0,2,12.931696,77.674144,2025-10-10,1900-01-01 23:23:59,2,0,57,2,0,23
FIR01595,5,0,12.914181,77.60768,2025-12-15,1900-01-01 15:40:45,0,0,52,1,1,15
FIR01596,8,2,12.924085,77.675776,2024-11-16,1900-01-01 11:59:16,1,0,65,2,2,11
FIR01597,3,8,12.931123,77.628552,2024-07-31,1900-01-01 17:48:46,2,2,66,2,6,17
FIR01598,2,12,12.995662,77.552351,2026-03-30,1900-01-01 16:15:56,2,2,34,2,1,16
FIR01599,1,4,12.907401,77.650489,2025-09-27,1900-01-01 20:04:37,2,2,47,1,2,20
FIR01600,2,7,12.926481,77.596141,2025-09-07,1900-01-01 23:37:23,2,2,68,0,3,23
FIR01601,6,6,12.977775,77.639324,2024-12-30,1900-01-01 16:35:37,0,2,65,2,1,16
FIR01602,2,14,13.096528,77.594382,2024-10-27,1900-01-01 05:13:47,2,2,60,2,3,5
FIR01603,5,5,13.033216,77.593917,2025-08-11,1900-01-01 10:28:26,0,2,56,1,1,10
FIR01604,2,5,13.039384,77.594621,2025-04-15,1900-01-01 11:58:58,2,1,55,2,5,11
FIR01605,6,6,12.979946,77.637115,2025-05-04,1900-01-01 13:23:12,0,1,28,0,3,13
FIR01606,1,1,12.918119,77.574431,2025-09-30,1900-01-01 10:24:00,2,2,51,2,5,10
FIR01607,6,11,12.955137,77.692956,2025-03-11,1900-01-01 14:33:19,0,2,22,2,5,14
FIR01608,9,9,12.971953,77.601871,2025-02-24,1900-01-01 19:44:53,1,2,19,1,1,19
FIR01609,1,7,12.929662,77.591584,2024-12-24,1900-01-01 19:31:14,2,2,40,1,5,19
FIR01610,2,12,12.995763,77.558677,2026-05-04,1900-01-01 15:10:05,2,2,27,2,1,15
FIR01611,0,11,12.955353,77.695784,2026-05-05,1900-01-01 00:15:14,2,2,63,0,5,0
FIR01612,5,13,12.970289,77.751211,2025-11-29,1900-01-01 19:37:27,0,1,67,1,2,19
FIR01613,1,14,13.098909,77.596293,2024-12-20,1900-01-01 02:51:35,2,2,25,1,0,2
FIR01614,6,3,12.840754,77.676494,2024-08-09,1900-01-01 02:47:25,0,2,40,2,0,2
FIR01615,7,11,12.956956,77.699847,2025-11-29,1900-01-01 19:35:25,0,1,51,1,2,19
FIR01616,1,8,12.935013,77.622218,2026-05-12,1900-01-01 03:57:01,2,0,43,2,5,3
FIR01617,1,4,12.909851,77.648055,2025-01-19,1900-01-01 04:49:33,2,2,35,2,3,4
FIR01618,8,0,12.920336,77.611096,2026-05-20,1900-01-01 22:55:06,1,0,29,2,6,22
FIR01619,2,10,13.006292,77.570843,2026-04-11,1900-01-01 06:27:44,2,2,65,1,2,6
FIR01620,9,4,12.916153,77.645379,2024-12-15,1900-01-01 21:08:21,1,2,22,1,3,21
FIR01621,4,3,12.83758,77.6742,2026-07-04,1900-01-01 03:49:15,2,0,42,0,2,3
FIR01622,2,12,12.990646,77.555113,2025-10-25,1900-01-01 02:13:47,2,0,67,1,2,2
FIR01623,3,2,12.931627,77.677739,2026-01-21,1900-01-01 16:58:00,2,2,63,2,6,16
FIR01624,5,7,12.927141,77.594332,2025-12-24,1900-01-01 23:18:39,0,1,29,0,6,23
FIR01625,1,1,12.916041,77.57496,2026-03-04,1900-01-01 09:42:54,2,2,33,0,6,9
FIR01626,0,5,13.039379,77.596293,2026-04-25,1900-01-01 05:54:55,2,2,43,2,2,5
FIR01627,7,2,12.927679,77.674447,2025-12-19,1900-01-01 17:51:00,0,1,40,1,0,17
FIR01628,4,7,12.922418,77.594331,2026-02-15,1900-01-01 04:00:23,2,1,41,0,3,4
FIR01629,2,7,12.922693,77.5904,2026-05-24,1900-01-01 15:46:44,2,0,24,0,3,15
FIR01630,2,5,13.031061,77.598452,2025-07-13,1900-01-01 22:10:55,2,0,68,2,3,22
FIR01631,0,5,13.033492,77.597767,2024-12-10,1900-01-01 23:25:48,2,0,28,2,5,23
FIR01632,1,6,12.976335,77.644564,2025-12-15,1900-01-01 12:06:02,2,2,64,2,1,12
FIR01633,7,9,12.978455,77.602756,2025-08-22,1900-01-01 03:22:56,0,2,68,0,0,3
FIR01634,3,2,12.923515,77.680758,2025-07-11,1900-01-01 18:36:00,2,0,63,1,0,18
FIR01635,5,9,12.971618,77.600075,2024-09-16,1900-01-01 12:33:27,0,2,37,1,1,12
FIR01636,1,10,13.008265,77.570412,2025-10-31,1900-01-01 19:39:34,2,1,40,2,0,19
FIR01637,5,1,12.9171,77.577982,2025-09-27,1900-01-01 18:33:08,0,2,34,1,2,18
FIR01638,2,12,12.993473,77.551007,2024-10-02,1900-01-01 12:34:57,2,0,64,1,6,12
FIR01639,0,0,12.920427,77.610506,2026-06-15,1900-01-01 08:55:49,2,2,22,1,1,8
FIR01640,8,3,12.840032,77.676299,2025-12-21,1900-01-01 19:46:02,1,1,46,2,3,19
FIR01641,0,12,12.991399,77.551777,2024-12-19,1900-01-01 13:34:18,2,1,49,1,4,13
FIR01642,3,0,12.912771,77.606901,2025-10-12,1900-01-01 17:43:38,2,2,36,0,3,17
FIR01643,3,7,12.927627,77.59644,2025-07-13,1900-01-01 19:58:54,2,2,58,2,3,19
FIR01644,1,5,13.03622,77.594004,2025-11-04,1900-01-01 04:28:52,2,2,40,0,5,4
FIR01645,9,5,13.031375,77.598993,2024-09-04,1900-01-01 20:19:59,1,0,36,0,6,20
FIR01646,6,3,12.841622,77.676832,2024-11-19,1900-01-01 19:08:27,0,0,35,2,5,19
FIR01647,9,10,13.002052,77.56875,2025-06-26,1900-01-01 07:07:56,1,0,26,0,4,7
FIR01648,8,1,12.917645,77.568945,2024-12-23,1900-01-01 21:27:14,1,0,24,1,1,21
FIR01649,6,8,12.93379,77.624248,2025-03-16,1900-01-01 01:59:46,0,2,66,1,3,1
FIR01650,9,14,13.096543,77.596921,2025-05-18,1900-01-01 15:15:39,1,0,47,0,3,15
FIR01651,8,3,12.838643,77.675538,2024-08-29,1900-01-01 17:38:39,1,2,55,0,4,17
FIR01652,4,8,12.938629,77.62083,2024-07-29,1900-01-01 16:34:28,2,0,23,1,1,16
FIR01653,9,10,13.001599,77.566036,2025-08-12,1900-01-01 04:30:57,1,2,42,2,5,4
FIR01654,0,13,12.970692,77.751955,2026-07-06,1900-01-01 10:01:22,2,1,32,2,1,10
FIR01655,1,4,12.915015,77.645964,2024-12-07,1900-01-01 23:53:57,2,2,40,2,2,23
FIR01656,1,5,13.040294,77.601809,2025-09-22,1900-01-01 22:45:34,2,1,65,2,1,22
FIR01657,9,6,12.976193,77.641254,2024-10-15,1900-01-01 00:11:31,1,1,38,0,5,0
FIR01658,9,2,12.927994,77.67876,2025-12-02,1900-01-01 04:14:53,1,2,19,2,5,4
FIR01659,6,6,12.981349,77.637835,2024-10-13,1900-01-01 08:38:23,0,0,36,0,3,8
FIR01660,8,9,12.978031,77.602868,2025-09-27,1900-01-01 19:13:45,1,1,64,0,2,19
FIR01661,4,6,12.983114,77.641304,2024-12-10,1900-01-01 15:33:43,2,1,46,0,5,15
FIR01662,8,2,12.926759,77.678702,2025-02-06,1900-01-01 17:28:26,1,2,34,2,4,17
FIR01663,8,12,12.99524,77.55735,2025-11-15,1900-01-01 12:06:49,1,2,56,2,2,12
FIR01664,2,3,12.844506,77.676778,2025-04-05,1900-01-01 22:33:36,2,0,20,0,2,22
FIR01665,7,12,12.987027,77.557786,2025-05-09,1900-01-01 11:54:47,0,1,27,0,0,11
FIR01666,3,5,13.033973,77.595298,2025-12-27,1900-01-01 19:58:54,2,0,66,0,2,19
FIR01667,0,12,12.994708,77.55916,2026-06-20,1900-01-01 09:39:49,2,1,46,0,2,9
FIR01668,5,12,12.996241,77.554219,2025-09-09,1900-01-01 13:38:47,0,2,38,1,5,13
FIR01669,5,9,12.976331,77.605015,2025-05-07,1900-01-01 21:24:52,0,2,53,0,6,21
FIR01670,7,1,12.914363,77.572492,2026-05-05,1900-01-01 03:45:19,0,2,56,1,5,3
FIR01671,6,8,12.939208,77.622833,2025-12-28,1900-01-01 06:41:27,0,1,52,2,3,6
FIR01672,8,14,13.098299,77.60088,2025-07-14,1900-01-01 17:13:02,1,2,27,2,1,17
FIR01673,0,8,12.934522,77.621823,2024-10-14,1900-01-01 13:10:23,2,1,54,0,1,13
FIR01674,9,9,12.972248,77.603246,2024-09-08,1900-01-01 09:15:13,1,2,45,2,3,9
FIR01675,7,2,12.927378,77.671224,2025-10-22,1900-01-01 02:40:36,0,0,58,1,6,2
FIR01676,6,2,12.923033,77.679341,2025-11-02,1900-01-01 18:56:36,0,2,41,0,3,18
FIR01677,8,14,13.102466,77.593298,2026-07-20,1900-01-01 10:31:40,1,0,28,2,1,10
FIR01678,7,2,12.926092,77.675085,2026-01-23,1900-01-01 03:28:40,0,2,32,1,0,3
FIR01679,2,6,12.978739,77.639586,2025-07-15,1900-01-01 10:01:45,2,0,70,1,5,10
FIR01680,2,13,12.972044,77.75257,2025-01-30,1900-01-01 22:03:21,2,2,49,1,4,22
FIR01681,7,7,12.924341,77.593195,2024-10-31,1900-01-01 02:14:57,0,1,29,1,4,2
FIR01682,2,10,13.001834,77.567504,2025-02-21,1900-01-01 01:05:41,2,1,55,0,0,1
FIR01683,2,10,12.999762,77.570856,2026-06-25,1900-01-01 08:16:38,2,0,42,0,4,8
FIR01684,0,13,12.969415,77.752473,2024-10-22,1900-01-01 16:00:33,2,0,32,2,5,16
FIR01685,8,3,12.835176,77.672106,2026-04-23,1900-01-01 22:06:26,1,0,19,1,4,22
FIR01686,4,12,12.990503,77.559274,2026-04-13,1900-01-01 02:18:30,2,0,31,1,1,2
FIR01687,2,4,12.912626,77.643573,2025-10-23,1900-01-01 05:26:27,2,1,44,0,4,5
FIR01688,4,2,12.929459,77.674627,2026-05-27,1900-01-01 22:30:36,2,0,66,0,6,22
FIR01689,5,13,12.965328,77.747946,2025-03-14,1900-01-01 23:06:58,0,2,63,1,0,23
FIR01690,4,5,13.036559,77.596555,2025-11-24,1900-01-01 20:48:26,2,1,36,1,1,20
FIR01691,9,4,12.907334,77.642621,2025-06-22,1900-01-01 01:28:26,1,0,37,0,3,1
FIR01692,3,10,13.00161,77.571995,2024-08-25,1900-01-01 04:19:19,2,1,54,2,3,4
FIR01693,1,4,12.911536,77.645832,2025-08-18,1900-01-01 10:21:17,2,0,70,0,1,10
FIR01694,0,3,12.840318,77.675936,2024-10-12,1900-01-01 01:36:30,2,1,46,2,2,1
FIR01695,2,3,12.841134,77.677497,2024-12-09,1900-01-01 01:06:45,2,0,30,0,1,1
FIR01696,6,3,12.838527,77.67707,2025-12-19,1900-01-01 02:05:55,0,0,67,1,0,2
FIR01697,3,14,13.098075,77.598519,2025-10-23,1900-01-01 22:35:08,2,0,39,2,4,22
FIR01698,3,5,13.037626,77.599365,2025-05-21,1900-01-01 03:48:52,2,0,62,1,6,3
FIR01699,5,13,12.966016,77.751446,2025-11-05,1900-01-01 10:48:13,0,2,31,1,6,10
FIR01700,6,13,12.972493,77.749964,2026-07-09,1900-01-01 19:41:51,0,0,44,0,4,19
FIR01701,4,14,13.09873,77.600529,2025-11-30,1900-01-01 07:16:22,2,1,28,2,3,7
FIR01702,8,14,13.097171,77.600459,2024-12-19,1900-01-01 06:13:05,1,2,54,2,4,6
FIR01703,2,14,13.102052,77.594831,2025-08-11,1900-01-01 05:57:19,2,0,18,0,1,5
FIR01704,8,7,12.924358,77.594756,2026-02-06,1900-01-01 10:12:46,1,1,32,1,0,10
FIR01705,3,14,13.100548,77.600308,2024-09-17,1900-01-01 09:20:48,2,2,43,2,5,9
FIR01706,7,6,12.974069,77.6363,2025-07-21,1900-01-01 15:11:20,0,0,65,1,1,15
FIR01707,7,4,12.909311,77.651768,2025-07-15,1900-01-01 17:32:52,0,0,18,0,5,17
FIR01708,4,3,12.835128,77.679436,2025-08-06,1900-01-01 19:36:35,2,2,38,0,6,19
FIR01709,0,13,12.97137,77.747613,2024-12-21,1900-01-01 16:49:32,2,0,47,1,2,16
FIR01710,1,14,13.103512,77.599589,2025-03-17,1900-01-01 09:19:29,2,2,70,1,1,9
FIR01711,3,4,12.907239,77.647806,2025-07-28,1900-01-01 04:29:03,2,0,67,2,1,4
FIR01712,8,4,12.913815,77.647679,2024-09-13,1900-01-01 13:59:54,1,2,26,2,0,13
FIR01713,3,3,12.835289,77.679441,2024-11-08,1900-01-01 11:49:19,2,1,62,0,0,11
FIR01714,8,5,13.030966,77.601205,2026-05-21,1900-01-01 06:12:21,1,1,48,2,4,6
FIR01715,8,4,12.914824,77.642733,2026-06-23,1900-01-01 01:22:56,1,1,46,1,5,1
FIR01716,2,8,12.934837,77.622501,2025-12-24,1900-01-01 21:26:16,2,1,42,0,6,21
FIR01717,8,1,12.922002,77.574371,2024-11-01,1900-01-01 19:57:46,1,1,40,2,0,19
FIR01718,0,9,12.97688,77.600493,2026-02-12,1900-01-01 18:15:19,2,1,32,2,4,18
FIR01719,7,13,12.967796,77.753363,2025-12-04,1900-01-01 03:01:26,0,1,68,0,4,3
FIR01720,4,8,12.934179,77.628499,2025-12-15,1900-01-01 18:31:41,2,2,36,1,1,18
FIR01721,0,3,12.841188,77.673685,2025-12-24,1900-01-01 07:21:02,2,2,40,0,6,7
FIR01722,3,8,12.931487,77.62591,2025-11-28,1900-01-01 03:24:43,2,2,44,0,0,3
FIR01723,6,13,12.970393,77.750612,2026-02-13,1900-01-01 11:39:00,0,2,36,2,0,11
FIR01724,9,0,12.919318,77.608562,2025-05-27,1900-01-01 10:28:06,1,1,58,2,5,10
FIR01725,1,3,12.842724,77.680489,2025-02-18,1900-01-01 13:51:55,2,0,54,2,5,13
FIR01726,2,0,12.921142,77.610831,2024-10-14,1900-01-01 19:34:05,2,1,40,2,1,19
FIR01727,3,1,12.92197,77.573211,2025-12-11,1900-01-01 03:04:20,2,0,35,2,4,3
FIR01728,6,12,12.992527,77.55483,2026-06-14,1900-01-01 14:07:45,0,0,20,2,3,14
FIR01729,6,10,12.999359,77.574818,2025-11-03,1900-01-01 11:33:22,0,1,44,0,1,11
FIR01730,0,9,12.975395,77.605736,2024-08-26,1900-01-01 09:57:25,2,2,49,0,1,9
FIR01731,5,14,13.101638,77.596859,2026-06-24,1900-01-01 13:40:06,0,0,31,1,6,13
FIR01732,7,2,12.929835,77.673542,2025-12-27,1900-01-01 21:34:18,0,1,65,1,2,21
FIR01733,0,1,12.91938,77.570714,2024-10-26,1900-01-01 05:47:56,2,2,59,0,2,5
FIR01734,2,1,12.915544,77.577959,2026-01-21,1900-01-01 23:18:00,2,2,47,1,6,23
FIR01735,4,5,13.031816,77.592406,2026-07-09,1900-01-01 18:21:16,2,1,22,0,4,18
FIR01736,3,7,12.929228,77.591001,2025-05-30,1900-01-01 11:25:37,2,0,56,0,0,11
FIR01737,3,7,12.92537,77.596978,2025-01-01,1900-01-01 04:46:36,2,1,46,2,6,4
FIR01738,6,13,12.968364,77.75337,2025-03-24,1900-01-01 20:14:39,0,1,69,2,1,20
FIR01739,8,13,12.968693,77.745747,2025-12-30,1900-01-01 06:45:50,1,2,25,0,5,6
FIR01740,6,6,12.974955,77.638755,2025-06-17,1900-01-01 01:32:22,0,1,30,2,5,1
FIR01741,9,10,13.004973,77.574719,2024-12-14,1900-01-01 07:24:56,1,1,63,0,2,7
FIR01742,9,5,13.032855,77.596406,2025-05-22,1900-01-01 06:24:17,1,2,21,2,4,6
FIR01743,1,12,12.994568,77.559389,2025-05-24,1900-01-01 13:24:13,2,0,38,0,2,13
FIR01744,4,10,13.005472,77.572957,2026-06-26,1900-01-01 20:36:40,2,2,24,0,0,20
FIR01745,4,8,12.935976,77.621053,2024-08-07,1900-01-01 16:16:53,2,2,37,0,6,16
FIR01746,8,6,12.981506,77.64386,2026-01-19,1900-01-01 19:15:38,1,2,23,0,1,19
FIR01747,3,6,12.982814,77.64399,2024-12-20,1900-01-01 20:00:09,2,2,46,1,0,20
FIR01748,3,12,12.991939,77.551418,2026-05-31,1900-01-01 14:17:14,2,0,44,0,3,14
FIR01749,6,0,12.917666,77.613551,2026-06-28,1900-01-01 01:38:17,0,1,34,0,3,1
FIR01750,6,9,12.97484,77.608648,2026-06-08,1900-01-01 12:09:05,0,1,31,0,1,12
FIR01751,7,10,13.002952,77.57162,2026-02-26,1900-01-01 14:47:23,0,2,46,2,4,14
FIR01752,7,10,13.002611,77.571776,2024-12-13,1900-01-01 00:26:53,0,2,33,2,0,0
FIR01753,5,11,12.961286,77.69847,2025-12-01,1900-01-01 19:28:11,0,0,40,1,1,19
FIR01754,5,12,12.991635,77.558593,2025-04-27,1900-01-01 22:29:28,0,2,51,1,3,22
FIR01755,9,2,12.923703,77.678291,2025-12-31,1900-01-01 15:36:47,1,0,63,2,6,15
FIR01756,6,0,12.921064,77.605919,2024-08-09,1900-01-01 23:14:20,0,1,58,2,0,23
FIR01757,0,9,12.974313,77.607796,2025-05-29,1900-01-01 04:34:13,2,2,27,0,4,4
FIR01758,3,12,12.992736,77.554664,2024-12-16,1900-01-01 22:42:03,2,2,22,2,1,22
FIR01759,7,11,12.956619,77.693262,2025-10-28,1900-01-01 16:34:33,0,1,69,1,5,16
FIR01760,7,4,12.914762,77.648334,2025-12-16,1900-01-01 04:47:52,0,2,31,2,5,4
FIR01761,9,9,12.979758,77.602678,2026-05-08,1900-01-01 17:25:09,1,1,68,2,0,17
FIR01762,5,6,12.97651,77.642043,2024-09-03,1900-01-01 20:58:31,0,1,54,0,5,20
FIR01763,5,3,12.844762,77.672781,2025-01-02,1900-01-01 17:14:43,0,1,31,0,4,17
FIR01764,1,12,12.994111,77.554042,2026-06-25,1900-01-01 06:11:22,2,2,21,2,4,6
FIR01765,2,2,12.931035,77.679698,2025-03-29,1900-01-01 08:42:22,2,1,28,2,2,8
FIR01766,7,2,12.929149,77.677495,2026-01-05,1900-01-01 11:21:35,0,1,40,2,1,11
FIR01767,0,3,12.837135,77.680603,2026-06-02,1900-01-01 06:56:39,2,2,54,2,5,6
FIR01768,2,12,12.986773,77.552177,2024-11-22,1900-01-01 04:17:16,2,2,21,2,0,4
FIR01769,3,5,13.037868,77.598257,2025-08-13,1900-01-01 14:29:56,2,0,58,0,6,14
FIR01770,9,4,12.91443,77.642649,2026-06-02,1900-01-01 22:54:34,1,2,47,1,5,22
FIR01771,0,2,12.923977,77.677517,2025-12-25,1900-01-01 04:27:03,2,2,41,1,4,4
FIR01772,4,10,13.007227,77.56711,2026-05-20,1900-01-01 05:49:20,2,2,23,1,6,5
FIR01773,0,6,12.978309,77.637777,2026-05-26,1900-01-01 05:08:48,2,2,24,2,5,5
FIR01774,8,1,12.918143,77.57507,2025-11-23,1900-01-01 16:33:12,1,2,36,0,3,16
FIR01775,9,5,13.038055,77.60018,2025-11-22,1900-01-01 06:10:41,1,2,52,1,2,6
FIR01776,5,9,12.975755,77.605812,2024-11-14,1900-01-01 10:12:38,0,2,59,1,4,10
FIR01777,6,12,12.98986,77.555763,2024-10-24,1900-01-01 09:12:22,0,2,26,0,4,9
FIR01778,0,6,12.978407,77.636095,2025-02-13,1900-01-01 04:04:57,2,0,50,2,4,4
FIR01779,9,2,12.92611,77.67772,2025-10-16,1900-01-01 23:09:45,1,1,37,1,4,23
FIR01780,0,2,12.925206,77.676867,2025-09-28,1900-01-01 23:51:42,2,2,53,2,3,23
FIR01781,7,7,12.924789,77.595953,2025-02-12,1900-01-01 14:01:58,0,0,35,1,6,14
FIR01782,5,2,12.932057,77.676253,2026-06-03,1900-01-01 16:38:34,0,0,22,0,6,16
FIR01783,1,7,12.926885,77.597897,2025-01-30,1900-01-01 18:27:26,2,0,31,2,4,18
FIR01784,5,6,12.975548,77.643683,2024-11-17,1900-01-01 16:10:13,0,1,32,0,3,16
FIR01785,2,8,12.934156,77.627126,2025-10-16,1900-01-01 05:58:42,2,2,48,1,4,5
FIR01786,7,6,12.979636,77.642418,2025-01-20,1900-01-01 00:49:03,0,1,37,2,1,0
FIR01787,9,3,12.837453,77.675103,2026-06-03,1900-01-01 00:23:20,1,2,45,2,6,0
FIR01788,8,14,13.099589,77.594605,2025-07-25,1900-01-01 02:45:14,1,2,49,2,0,2
FIR01789,6,4,12.913521,77.650861,2026-02-12,1900-01-01 00:58:43,0,0,27,0,4,0
FIR01790,3,14,13.097132,77.596121,2024-07-26,1900-01-01 19:13:46,2,1,26,0,0,19
FIR01791,6,4,12.910709,77.642724,2026-01-15,1900-01-01 04:52:31,0,2,47,2,4,4
FIR01792,0,5,13.039607,77.59667,2026-06-16,1900-01-01 10:25:51,2,1,18,0,5,10
FIR01793,0,13,12.97064,77.752414,2025-08-16,1900-01-01 19:41:55,2,1,45,0,2,19
FIR01794,0,13,12.971154,77.747549,2026-07-03,1900-01-01 00:00:16,2,2,19,1,0,0
FIR01795,5,6,12.981405,77.641095,2025-06-08,1900-01-01 04:27:17,0,0,18,1,3,4
FIR01796,7,2,12.930196,77.680581,2025-11-08,1900-01-01 14:44:37,0,1,33,0,2,14
FIR01797,6,11,12.956459,77.700848,2026-01-15,1900-01-01 02:27:30,0,1,44,1,4,2
FIR01798,5,12,12.99057,77.557907,2025-01-25,1900-01-01 11:32:30,0,1,29,2,2,11
FIR01799,2,0,12.913403,77.612104,2025-09-21,1900-01-01 22:55:03,2,1,67,1,3,22
FIR01800,9,0,12.913927,77.61004,2025-07-28,1900-01-01 12:16:40,1,2,33,2,1,12
FIR01801,5,4,12.912798,77.651106,2025-02-05,1900-01-01 22:03:31,0,1,32,2,6,22
FIR01802,2,3,12.840412,77.680127,2024-10-15,1900-01-01 10:03:32,2,2,42,2,5,10
FIR01803,9,6,12.980013,77.63857,2025-02-07,1900-01-01 13:06:20,1,1,35,1,0,13
FIR01804,7,6,12.975823,77.643602,2025-11-19,1900-01-01 22:16:10,0,2,60,1,6,22
FIR01805,9,13,12.966231,77.747935,2024-08-26,1900-01-01 06:17:40,1,2,50,0,1,6
FIR01806,1,13,12.972259,77.749507,2025-10-27,1900-01-01 19:09:06,2,1,63,2,1,19
FIR01807,9,8,12.932958,77.623177,2024-11-12,1900-01-01 04:40:33,1,1,24,2,5,4
FIR01808,2,8,12.93179,77.624641,2024-08-04,1900-01-01 16:00:40,2,0,58,2,3,16
FIR01809,5,13,12.966498,77.747931,2025-05-26,1900-01-01 12:32:05,0,1,60,0,1,12
FIR01810,4,7,12.929658,77.593776,2024-07-26,1900-01-01 14:03:27,2,1,68,2,0,14
FIR01811,8,6,12.974795,77.636168,2026-01-06,1900-01-01 13:58:48,1,2,31,1,5,13
FIR01812,0,9,12.974519,77.602978,2025-12-07,1900-01-01 14:59:29,2,0,38,0,3,14
FIR01813,1,12,12.991917,77.54985,2026-04-19,1900-01-01 07:32:37,2,0,30,2,3,7
FIR01814,2,11,12.95882,77.701617,2025-03-27,1900-01-01 08:20:47,2,0,56,1,4,8
FIR01815,4,6,12.977256,77.64343,2025-01-26,1900-01-01 07:58:30,2,2,23,1,3,7
FIR01816,9,10,13.002432,77.572564,2025-06-15,1900-01-01 07:19:11,1,1,32,0,3,7
FIR01817,9,8,12.933552,77.62914,2025-09-11,1900-01-01 23:00:23,1,0,25,2,4,23
FIR01818,7,10,13.001685,77.568432,2024-12-29,1900-01-01 11:42:50,0,1,69,1,3,11
FIR01819,2,14,13.10017,77.599748,2025-12-13,1900-01-01 09:15:53,2,2,49,1,2,9
FIR01820,9,3,12.840016,77.672466,2025-08-22,1900-01-01 12:31:50,1,2,40,0,0,12
FIR01821,9,7,12.9261,77.593981,2026-01-12,1900-01-01 19:27:05,1,1,19,0,1,19
FIR01822,2,0,12.91492,77.61216,2025-05-17,1900-01-01 18:38:35,2,1,24,2,2,18
FIR01823,6,10,13.005731,77.570396,2024-12-26,1900-01-01 16:13:33,0,2,34,1,4,16
FIR01824,0,6,12.976206,77.637049,2025-07-21,1900-01-01 21:18:50,2,1,48,0,1,21
FIR01825,2,7,12.92786,77.59595,2025-11-17,1900-01-01 10:32:56,2,1,55,1,1,10
FIR01826,3,3,12.836176,77.675112,2026-01-24,1900-01-01 17:00:45,2,0,24,1,2,17
FIR01827,9,11,12.95867,77.693644,2024-12-06,1900-01-01 17:09:27,1,1,41,1,0,17
FIR01828,0,9,12.972407,77.60502,2026-07-18,1900-01-01 21:34:08,2,0,56,0,2,21
FIR01829,4,12,12.991516,77.554115,2026-04-25,1900-01-01 01:28:15,2,1,50,1,2,1
FIR01830,6,3,12.839142,77.678874,2025-01-23,1900-01-01 08:26:41,0,1,19,1,4,8
FIR01831,2,7,12.929537,77.592137,2025-11-05,1900-01-01 18:37:42,2,1,35,0,6,18
FIR01832,7,4,12.914006,77.651101,2026-04-23,1900-01-01 15:13:27,0,1,44,1,4,15
FIR01833,6,5,13.036634,77.601042,2025-04-15,1900-01-01 20:14:17,0,2,64,0,5,20
FIR01834,0,3,12.835317,77.67286,2025-05-15,1900-01-01 01:18:29,2,0,34,1,4,1
FIR01835,3,1,12.916465,77.57772,2024-08-17,1900-01-01 21:25:41,2,2,70,0,2,21
FIR01836,3,0,12.917818,77.612829,2025-08-25,1900-01-01 16:23:05,2,2,47,2,1,16
FIR01837,0,14,13.097333,77.599508,2025-05-29,1900-01-01 14:16:59,2,1,26,1,4,14
FIR01838,7,0,12.917341,77.612307,2026-03-03,1900-01-01 22:43:36,0,1,56,0,5,22
FIR01839,7,5,13.033583,77.593389,2026-06-22,1900-01-01 09:45:23,0,2,18,2,1,9
FIR01840,0,7,12.925085,77.589331,2025-05-20,1900-01-01 14:49:22,2,0,33,0,5,14
FIR01841,3,7,12.92313,77.593363,2024-12-25,1900-01-01 13:50:05,2,2,39,0,6,13
FIR01842,7,0,12.921235,77.610311,2025-10-12,1900-01-01 20:29:16,0,1,58,0,3,20
FIR01843,1,13,12.969086,77.753971,2026-06-05,1900-01-01 01:28:10,2,2,38,1,0,1
FIR01844,2,6,12.974071,77.637519,2026-04-16,1900-01-01 02:11:02,2,0,23,0,4,2
FIR01845,8,8,12.934739,77.62372,2026-05-19,1900-01-01 16:38:51,1,1,32,0,5,16
FIR01846,2,4,12.913711,77.650122,2025-07-12,1900-01-01 23:55:35,2,2,59,0,2,23
FIR01847,6,7,12.929117,77.598106,2026-02-08,1900-01-01 01:42:07,0,2,23,1,3,1
FIR01848,8,11,12.958696,77.698249,2025-07-04,1900-01-01 03:30:18,1,1,32,1,0,3
FIR01849,5,8,12.939738,77.621367,2025-06-07,1900-01-01 08:36:31,0,1,26,2,2,8
FIR01850,4,11,12.957418,77.701359,2026-06-21,1900-01-01 06:21:49,2,0,33,2,3,6
FIR01851,4,12,12.988989,77.555142,2025-05-17,1900-01-01 09:31:02,2,2,67,2,2,9
FIR01852,3,14,13.0958,77.592777,2025-09-09,1900-01-01 13:17:01,2,1,33,2,5,13
FIR01853,4,14,13.104936,77.601098,2025-01-05,1900-01-01 12:32:45,2,1,46,0,3,12
FIR01854,4,11,12.963656,77.701062,2026-02-05,1900-01-01 04:38:11,2,0,46,0,4,4
FIR01855,8,14,13.105384,77.595633,2025-05-20,1900-01-01 21:05:05,1,2,59,0,5,21
FIR01856,8,3,12.842167,77.674537,2026-05-16,1900-01-01 05:06:54,1,1,70,2,2,5
FIR01857,7,12,12.987638,77.550805,2025-12-03,1900-01-01 10:59:27,0,2,68,2,6,10
FIR01858,6,3,12.835573,77.674149,2024-08-12,1900-01-01 07:31:36,0,1,30,0,1,7
FIR01859,3,14,13.102513,77.592922,2025-08-06,1900-01-01 14:28:56,2,1,66,0,6,14
FIR01860,6,11,12.954276,77.698579,2026-06-05,1900-01-01 08:08:08,0,1,18,2,0,8
FIR01861,6,6,12.980146,77.63994,2025-04-13,1900-01-01 04:21:31,0,1,52,1,3,4
FIR01862,4,11,12.95546,77.69664,2026-02-06,1900-01-01 22:59:21,2,1,21,2,0,22
FIR01863,5,7,12.920806,77.595517,2025-05-10,1900-01-01 15:45:57,0,0,27,1,2,15
FIR01864,9,2,12.927197,77.674788,2024-09-08,1900-01-01 08:41:00,1,1,64,0,3,8
FIR01865,6,7,12.922858,77.590899,2024-10-06,1900-01-01 04:57:49,0,2,39,1,3,4
FIR01866,6,5,13.040542,77.597404,2025-05-31,1900-01-01 19:54:05,0,0,63,0,2,19
FIR01867,7,12,12.987551,77.55314,2024-11-26,1900-01-01 14:21:29,0,0,28,2,5,14
FIR01868,3,0,12.91851,77.611757,2026-02-16,1900-01-01 04:23:18,2,2,66,2,1,4
FIR01869,6,11,12.954748,77.698439,2026-01-06,1900-01-01 11:37:41,0,2,69,0,5,11
FIR01870,1,1,12.922947,77.5716,2025-10-10,1900-01-01 07:32:08,2,1,47,2,0,7
FIR01871,2,7,12.922915,77.594875,2025-06-07,1900-01-01 09:10:36,2,0,66,0,2,9
FIR01872,1,8,12.933484,77.620339,2024-09-21,1900-01-01 10:48:00,2,0,39,1,2,10
FIR01873,4,9,12.974926,77.608086,2024-11-06,1900-01-01 04:26:43,2,2,47,2,6,4
FIR01874,2,11,12.96086,77.698127,2024-08-28,1900-01-01 07:07:55,2,1,56,1,6,7
FIR01875,2,4,12.906768,77.644181,2025-04-02,1900-01-01 23:56:49,2,1,46,2,6,23
FIR01876,8,10,13.005641,77.566585,2025-08-11,1900-01-01 13:28:09,1,0,70,0,1,13
FIR01877,1,3,12.841607,77.6774,2025-09-30,1900-01-01 21:43:34,2,1,41,2,5,21
FIR01878,7,2,12.931784,77.672471,2025-05-30,1900-01-01 01:36:03,0,2,47,1,0,1
FIR01879,0,5,13.034996,77.593156,2024-08-20,1900-01-01 17:30:36,2,2,30,1,5,17
FIR01880,6,5,13.030914,77.601815,2025-12-28,1900-01-01 16:45:41,0,0,23,2,3,16
FIR01881,6,14,13.100338,77.59906,2025-12-26,1900-01-01 05:09:43,0,0,31,0,0,5
FIR01882,2,4,12.915092,77.649747,2026-07-18,1900-01-01 12:28:27,2,2,53,0,2,12
FIR01883,7,1,12.919998,77.572857,2026-04-21,1900-01-01 08:26:06,0,2,62,2,5,8
FIR01884,7,12,12.99181,77.55038,2026-01-18,1900-01-01 15:57:59,0,1,62,2,3,15
FIR01885,3,14,13.105494,77.598503,2024-11-30,1900-01-01 03:37:03,2,1,61,0,2,3
FIR01886,9,1,12.915901,77.571008,2026-03-05,1900-01-01 21:45:57,1,2,63,1,4,21
FIR01887,5,9,12.975906,77.605191,2026-03-09,1900-01-01 11:50:55,0,1,56,1,1,11
FIR01888,7,0,12.916463,77.607559,2026-07-11,1900-01-01 13:05:19,0,2,45,0,2,13
FIR01889,9,14,13.10298,77.59653,2025-05-27,1900-01-01 14:40:34,1,1,49,1,5,14
FIR01890,7,13,12.973312,77.74817,2024-08-30,1900-01-01 08:03:51,0,1,57,1,0,8
FIR01891,5,8,12.938573,77.619568,2024-08-21,1900-01-01 00:39:44,0,2,54,2,6,0
FIR01892,6,6,12.980077,77.644663,2025-11-16,1900-01-01 23:15:10,0,1,50,2,3,23
FIR01893,1,10,13.002345,77.568044,2025-12-09,1900-01-01 19:01:06,2,1,51,2,5,19
FIR01894,9,13,12.96554,77.75367,2024-09-28,1900-01-01 22:13:39,1,2,65,0,2,22
FIR01895,8,5,13.034148,77.600169,2026-07-04,1900-01-01 17:03:30,1,2,48,2,2,17
FIR01896,4,9,12.971536,77.604289,2026-03-04,1900-01-01 14:02:01,2,2,42,0,6,14
FIR01897,2,4,12.913435,77.645859,2024-07-27,1900-01-01 22:52:36,2,1,44,2,2,22
FIR01898,7,7,12.924164,77.593443,2025-10-20,1900-01-01 13:56:56,0,0,66,1,1,13
FIR01899,4,14,13.101163,77.597859,2026-01-22,1900-01-01 22:19:35,2,2,22,2,4,22
FIR01900,7,8,12.930534,77.62288,2026-07-13,1900-01-01 06:00:45,0,2,37,0,1,6
FIR01901,0,3,12.84295,77.678091,2025-04-05,1900-01-01 08:52:35,2,2,46,0,2,8
FIR01902,7,9,12.976295,77.603492,2025-04-08,1900-01-01 13:05:46,0,0,34,1,5,13
FIR01903,1,8,12.933786,77.629301,2026-06-20,1900-01-01 13:16:54,2,1,48,1,2,13
FIR01904,8,7,12.923241,77.590072,2025-08-29,1900-01-01 20:12:36,1,1,21,2,0,20
FIR01905,5,11,12.959035,77.702263,2025-01-02,1900-01-01 07:57:02,0,0,35,2,4,7
FIR01906,2,14,13.100001,77.593204,2025-01-24,1900-01-01 13:35:16,2,2,67,1,0,13
FIR01907,0,9,12.980413,77.609854,2026-05-21,1900-01-01 00:56:59,2,0,45,0,4,0
FIR01908,0,4,12.910262,77.643124,2025-07-26,1900-01-01 22:50:21,2,2,37,0,2,22
FIR01909,9,5,13.034392,77.593059,2026-04-07,1900-01-01 03:43:16,1,0,34,1,5,3
FIR01910,6,8,12.934807,77.627774,2026-02-23,1900-01-01 00:08:46,0,0,50,1,1,0
FIR01911,6,10,13.00355,77.573175,2024-08-24,1900-01-01 14:00:56,0,2,46,2,2,14
FIR01912,7,13,12.970918,77.753217,2025-11-26,1900-01-01 07:20:44,0,1,48,2,6,7
FIR01913,1,13,12.965,77.753843,2025-06-23,1900-01-01 15:08:27,2,2,50,0,1,15
FIR01914,0,10,13.004056,77.569962,2024-12-22,1900-01-01 11:49:55,2,1,64,1,3,11
FIR01915,6,3,12.836647,77.678718,2026-07-07,1900-01-01 20:38:24,0,1,47,1,5,20
FIR01916,7,0,12.917082,77.611341,2026-07-22,1900-01-01 19:59:21,0,2,58,0,6,19
FIR01917,8,12,12.992613,77.557513,2026-04-08,1900-01-01 06:55:17,1,0,58,2,6,6
FIR01918,4,1,12.914013,77.57346,2026-03-22,1900-01-01 07:16:26,2,0,44,2,3,7
FIR01919,9,3,12.836815,77.673462,2026-06-17,1900-01-01 10:29:00,1,0,43,1,6,10
FIR01920,8,0,12.913301,77.605523,2025-05-14,1900-01-01 17:17:23,1,2,18,1,6,17
FIR01921,8,1,12.918543,77.569217,2025-10-15,1900-01-01 17:26:44,1,2,68,1,6,17
FIR01922,6,8,12.93123,77.625813,2026-05-24,1900-01-01 04:36:12,0,1,34,0,3,4
FIR01923,8,12,12.996055,77.556791,2025-08-15,1900-01-01 12:30:46,1,2,32,0,0,12
FIR01924,6,1,12.921203,77.576437,2025-02-07,1900-01-01 10:14:44,0,0,28,1,0,10
FIR01925,5,8,12.9368,77.628693,2024-08-14,1900-01-01 11:39:47,0,0,44,2,6,11
FIR01926,4,10,12.999257,77.573771,2025-12-09,1900-01-01 16:18:33,2,0,22,0,5,16
FIR01927,5,4,12.908848,77.646585,2024-09-02,1900-01-01 15:38:16,0,1,30,2,1,15
FIR01928,1,4,12.9118,77.644559,2025-04-16,1900-01-01 05:58:36,2,2,45,2,6,5
FIR01929,6,5,13.037921,77.592261,2026-06-16,1900-01-01 12:18:44,0,1,33,2,5,12
FIR01930,9,6,12.976347,77.642185,2025-03-19,1900-01-01 21:27:28,1,2,67,0,6,21
FIR01931,3,2,12.930722,77.673304,2025-11-11,1900-01-01 17:16:48,2,1,70,1,5,17
FIR01932,1,0,12.921247,77.605707,2025-05-11,1900-01-01 03:17:57,2,1,23,1,3,3
FIR01933,6,5,13.039446,77.593086,2024-10-18,1900-01-01 09:31:38,0,2,53,0,0,9
FIR01934,2,4,12.91291,77.648974,2024-12-29,1900-01-01 13:39:40,2,1,55,1,3,13
FIR01935,3,4,12.908866,77.643522,2025-04-09,1900-01-01 07:30:04,2,2,68,0,6,7
FIR01936,4,5,13.039396,77.598636,2024-10-12,1900-01-01 14:28:53,2,1,70,1,2,14
FIR01937,9,3,12.843155,77.678132,2025-05-25,1900-01-01 21:31:03,1,0,24,0,3,21
FIR01938,3,0,12.912148,77.610963,2025-06-14,1900-01-01 09:59:32,2,2,41,1,2,9
FIR01939,7,11,12.956484,77.70003,2026-02-04,1900-01-01 21:21:37,0,1,33,2,6,21
FIR01940,2,9,12.977685,77.608905,2025-04-23,1900-01-01 11:47:17,2,0,47,0,6,11
FIR01941,9,5,13.036256,77.597946,2024-09-13,1900-01-01 01:52:54,1,2,58,1,0,1
FIR01942,8,3,12.836976,77.676947,2025-07-26,1900-01-01 19:26:07,1,1,65,1,2,19
FIR01943,3,14,13.103569,77.591846,2026-07-18,1900-01-01 15:22:55,2,2,48,2,2,15
FIR01944,8,11,12.958679,77.701564,2026-05-20,1900-01-01 06:47:19,1,2,65,2,6,6
FIR01945,3,7,12.924042,77.595594,2026-01-22,1900-01-01 09:03:26,2,0,68,0,4,9
FIR01946,0,3,12.842632,77.674674,2024-10-12,1900-01-01 17:28:23,2,1,20,0,2,17
FIR01947,0,11,12.961693,77.699354,2026-07-15,1900-01-01 09:19:40,2,2,66,1,6,9
FIR01948,6,10,13.002766,77.565757,2025-05-28,1900-01-01 00:52:15,0,1,48,0,6,0
FIR01949,4,6,12.976841,77.639491,2024-09-23,1900-01-01 20:11:43,2,2,29,2,1,20
FIR01950,3,11,12.956093,77.692988,2026-01-12,1900-01-01 23:31:05,2,0,48,2,1,23
FIR01951,6,2,12.929186,77.674249,2025-06-10,1900-01-01 23:28:53,0,2,38,0,5,23
FIR01952,9,5,13.031792,77.594734,2025-10-23,1900-01-01 00:15:07,1,0,59,1,4,0
FIR01953,2,12,12.988221,77.555243,2025-05-22,1900-01-01 03:18:00,2,2,52,2,4,3
FIR01954,6,8,12.937591,77.626736,2024-11-14,1900-01-01 19:44:52,0,2,20,0,4,19
FIR01955,4,9,12.978915,77.608259,2024-11-06,1900-01-01 15:04:51,2,0,48,1,6,15
FIR01956,8,3,12.837643,77.676162,2026-03-10,1900-01-01 18:16:54,1,2,36,2,5,18
FIR01957,0,11,12.957345,77.698764,2026-04-18,1900-01-01 18:15:40,2,0,58,2,2,18
FIR01958,4,8,12.934054,77.621824,2025-12-23,1900-01-01 08:53:44,2,0,34,2,5,8
FIR01959,9,8,12.937087,77.627503,2026-02-02,1900-01-01 13:54:33,1,0,30,0,1,13
FIR01960,2,5,13.037558,77.592014,2025-08-24,1900-01-01 10:31:59,2,1,26,0,3,10
FIR01961,8,4,12.915724,77.648339,2025-06-04,1900-01-01 00:44:44,1,0,24,1,6,0
FIR01962,1,1,12.915467,77.57047,2026-02-20,1900-01-01 04:15:58,2,0,43,2,0,4
FIR01963,1,10,13.007548,77.57515,2024-08-29,1900-01-01 05:31:25,2,2,35,1,4,5
FIR01964,5,14,13.100038,77.595441,2025-03-14,1900-01-01 15:10:34,0,1,64,0,0,15
FIR01965,2,2,12.927204,77.677224,2025-12-23,1900-01-01 03:20:11,2,1,30,1,5,3
FIR01966,1,5,13.03878,77.593904,2025-07-11,1900-01-01 18:17:50,2,2,27,2,0,18
FIR01967,4,0,12.91677,77.609168,2025-07-29,1900-01-01 16:09:45,2,0,33,2,5,16
FIR01968,3,11,12.960766,77.695305,2025-02-11,1900-01-01 13:54:53,2,0,51,1,5,13
FIR01969,9,8,12.936349,77.622346,2024-10-02,1900-01-01 10:09:45,1,1,41,2,6,10
FIR01970,5,1,12.918371,77.576732,2026-01-29,1900-01-01 01:13:50,0,1,49,2,4,1
FIR01971,9,4,12.913485,77.644047,2026-04-21,1900-01-01 23:01:49,1,2,29,1,5,23
FIR01972,2,8,12.939329,77.621285,2026-04-25,1900-01-01 08:28:46,2,1,25,1,2,8
FIR01973,9,14,13.09952,77.597227,2026-01-18,1900-01-01 11:07:12,1,1,66,1,3,11
FIR01974,8,5,13.035878,77.599652,2025-07-23,1900-01-01 23:31:51,1,0,65,1,6,23
FIR01975,6,12,12.987831,77.552182,2025-02-08,1900-01-01 20:20:42,0,1,19,1,2,20
FIR01976,4,3,12.835091,77.680347,2025-05-30,1900-01-01 12:34:12,2,2,48,2,0,12
FIR01977,6,10,13.006402,77.565897,2026-01-17,1900-01-01 05:29:34,0,2,26,2,2,5
FIR01978,4,13,12.967814,77.747181,2026-04-03,1900-01-01 03:24:34,2,0,69,0,0,3
FIR01979,9,11,12.960678,77.697975,2026-01-06,1900-01-01 00:33:18,1,2,29,2,5,0
FIR01980,2,13,12.971811,77.751677,2025-06-18,1900-01-01 21:07:06,2,0,55,2,6,21
FIR01981,5,2,12.930714,77.676279,2025-04-24,1900-01-01 13:44:53,0,0,51,2,4,13
FIR01982,7,10,13.000848,77.574153,2026-07-04,1900-01-01 07:25:46,0,1,63,2,2,7
FIR01983,0,14,13.105456,77.597711,2025-06-09,1900-01-01 10:12:15,2,2,69,2,1,10
FIR01984,4,0,12.920026,77.611454,2025-11-27,1900-01-01 02:10:50,2,2,43,0,4,2
FIR01985,0,14,13.100074,77.599512,2026-01-02,1900-01-01 07:15:32,2,0,58,2,0,7
FIR01986,8,7,12.928944,77.593904,2025-12-25,1900-01-01 19:49:57,1,2,65,0,4,19
FIR01987,3,7,12.920594,77.596926,2026-06-10,1900-01-01 00:39:30,2,2,31,2,6,0
FIR01988,4,11,12.963555,77.699078,2025-10-27,1900-01-01 16:41:10,2,2,33,0,1,16
FIR01989,8,0,12.914456,77.614967,2025-01-01,1900-01-01 03:11:50,1,2,54,1,6,3
FIR01990,4,6,12.98211,77.640487,2025-01-10,1900-01-01 15:06:37,2,0,24,2,0,15
FIR01991,7,0,12.921471,77.611561,2025-08-15,1900-01-01 22:15:21,0,1,54,2,0,22
FIR01992,7,3,12.843084,77.673749,2025-11-01,1900-01-01 05:37:56,0,0,34,1,2,5
FIR01993,3,9,12.980346,77.603042,2025-06-09,1900-01-01 14:36:18,2,0,54,2,1,14
FIR01994,8,9,12.976674,77.606878,2025-05-25,1900-01-01 17:02:11,1,1,26,2,3,17
FIR01995,5,6,12.973941,77.636282,2025-05-18,1900-01-01 17:59:32,0,0,32,0,3,17
FIR01996,5,4,12.910462,77.647014,2025-05-12,1900-01-01 13:53:47,0,0,19,2,1,13
FIR01997,2,5,13.033207,77.598955,2025-05-16,1900-01-01 00:04:15,2,0,27,2,0,0
FIR01998,3,4,12.909326,77.651354,2024-12-12,1900-01-01 17:25:38,2,0,28,2,4,17
FIR01999,9,2,12.928229,77.671554,2025-09-19,1900-01-01 17:08:06,1,1,35,1,0,17
FIR02000,2,6,12.975572,77.644546,2026-06-15,1900-01-01 20:57:23,2,1,62,0,1,20
FIR02001,2,0,12.914658,77.610782,2026-04-29,1900-01-01 06:59:52,2,1,34,1,6,6
FIR02002,4,1,12.919413,77.57786,2025-12-21,1900-01-01 14:06:35,2,1,40,1,3,14
FIR02003,2,7,12.926675,77.594028,2025-08-11,1900-01-01 01:34:54,2,0,28,0,1,1
FIR02004,5,6,12.976878,77.636908,2024-08-08,1900-01-01 21:26:02,0,0,40,1,4,21
FIR02005,1,7,12.923531,77.593599,2025-02-18,1900-01-01 00:33:08,2,2,53,2,5,0
FIR02006,9,1,12.919636,77.575145,2026-01-16,1900-01-01 04:46:22,1,0,38,2,0,4
FIR02007,9,11,12.963355,77.696861,2025-03-20,1900-01-01 23:06:09,1,1,63,0,4,23
FIR02008,1,4,12.907713,77.6445,2024-09-21,1900-01-01 03:48:00,2,0,63,1,2,3
FIR02009,5,14,13.097164,77.59891,2025-05-04,1900-01-01 07:57:55,0,0,35,1,3,7
FIR02010,1,7,12.929341,77.593409,2026-06-19,1900-01-01 03:30:56,2,2,24,1,0,3
FIR02011,0,11,12.9602,77.697706,2026-06-28,1900-01-01 16:08:35,2,0,46,0,3,16
FIR02012,0,1,12.914649,77.569408,2025-12-23,1900-01-01 07:19:34,2,2,62,0,5,7
FIR02013,8,13,12.969445,77.751158,2025-09-27,1900-01-01 19:45:08,1,1,59,1,2,19
FIR02014,6,4,12.909502,77.651459,2026-02-24,1900-01-01 09:59:36,0,1,32,2,5,9
FIR02015,6,10,13.001051,77.568248,2026-03-04,1900-01-01 16:13:04,0,2,29,0,6,16
FIR02016,9,13,12.972643,77.750956,2026-01-19,1900-01-01 09:17:34,1,0,31,1,1,9
FIR02017,3,8,12.934212,77.621097,2024-10-11,1900-01-01 16:04:10,2,1,27,0,0,16
FIR02018,1,9,12.971715,77.603699,2026-05-16,1900-01-01 16:16:36,2,0,70,2,2,16
FIR02019,2,1,12.917015,77.571138,2026-04-15,1900-01-01 19:21:34,2,0,48,2,6,19
FIR02020,9,6,12.980955,77.641298,2025-03-30,1900-01-01 09:48:51,1,1,67,0,3,9
FIR02021,3,13,12.971481,77.74593,2026-01-24,1900-01-01 09:39:48,2,0,30,1,2,9
FIR02022,9,14,13.098253,77.591599,2026-06-03,1900-01-01 03:06:00,1,2,68,0,6,3
FIR02023,8,1,12.92289,77.577664,2025-09-03,1900-01-01 12:39:50,1,0,46,2,6,12
FIR02024,6,1,12.914058,77.575501,2025-07-25,1900-01-01 05:36:32,0,2,57,2,0,5
FIR02025,0,11,12.96216,77.692832,2026-07-16,1900-01-01 11:13:22,2,2,46,2,4,11
FIR02026,2,1,12.917231,77.573297,2024-08-05,1900-01-01 00:51:02,2,1,36,2,1,0
FIR02027,8,7,12.924927,77.592138,2026-01-04,1900-01-01 03:25:45,1,0,24,1,3,3
FIR02028,1,4,12.908755,77.65225,2025-11-19,1900-01-01 21:53:42,2,2,37,2,6,21
FIR02029,4,14,13.097584,77.597528,2026-06-10,1900-01-01 11:45:09,2,0,31,1,6,11
FIR02030,7,6,12.981595,77.642937,2025-08-17,1900-01-01 23:33:37,0,2,40,2,3,23
FIR02031,7,8,12.934258,77.622879,2025-10-21,1900-01-01 16:12:28,0,2,68,1,5,16
FIR02032,7,3,12.840191,77.680822,2024-11-17,1900-01-01 22:01:44,0,0,69,0,3,22
FIR02033,7,7,12.925429,77.597271,2026-04-08,1900-01-01 10:05:11,0,2,33,1,6,10
FIR02034,3,8,12.932491,77.628456,2024-12-13,1900-01-01 23:22:28,2,1,19,0,0,23
FIR02035,0,6,12.977884,77.643366,2025-09-02,1900-01-01 15:47:49,2,1,58,1,5,15
FIR02036,3,14,13.104668,77.598726,2025-02-21,1900-01-01 19:12:15,2,2,52,1,0,19
FIR02037,5,1,12.913578,77.570708,2025-10-10,1900-01-01 04:17:32,0,0,40,1,0,4
FIR02038,8,14,13.09763,77.593439,2025-06-05,1900-01-01 15:06:27,1,1,49,2,4,15
FIR02039,2,3,12.842358,77.672152,2025-01-07,1900-01-01 16:06:30,2,1,69,0,5,16
FIR02040,0,6,12.982634,77.645425,2025-06-27,1900-01-01 13:27:18,2,2,69,2,0,13
FIR02041,3,6,12.980818,77.637541,2024-07-25,1900-01-01 05:40:33,2,2,18,0,4,5
FIR02042,5,4,12.911962,77.645715,2024-09-30,1900-01-01 22:11:48,0,2,19,1,1,22
FIR02043,2,9,12.978352,77.604196,2025-09-12,1900-01-01 00:02:43,2,1,41,2,0,0
FIR02044,9,10,12.998906,77.57009,2024-08-03,1900-01-01 21:18:13,1,2,24,2,2,21
FIR02045,0,13,12.973518,77.750698,2025-01-18,1900-01-01 13:08:07,2,1,41,0,2,13
FIR02046,9,5,13.040511,77.598111,2026-05-02,1900-01-01 16:00:58,1,1,40,2,2,16
FIR02047,4,5,13.037286,77.59362,2026-07-22,1900-01-01 13:11:42,2,2,52,2,6,13
FIR02048,2,12,12.99208,77.555183,2026-07-06,1900-01-01 09:05:34,2,2,53,1,1,9
FIR02049,8,12,12.986583,77.556216,2026-07-11,1900-01-01 12:14:10,1,2,37,2,2,12
FIR02050,4,12,12.994227,77.553328,2026-06-10,1900-01-01 15:51:02,2,0,28,2,6,15
FIR02051,1,11,12.954744,77.693015,2026-05-02,1900-01-01 03:01:19,2,1,47,2,2,3
FIR02052,7,11,12.963056,77.70191,2026-03-17,1900-01-01 13:11:28,0,1,27,2,5,13
FIR02053,6,7,12.927265,77.590382,2025-04-04,1900-01-01 02:23:08,0,1,24,1,0,2
FIR02054,3,8,12.938889,77.623901,2025-01-05,1900-01-01 00:12:47,2,0,19,1,3,0
FIR02055,2,6,12.975506,77.63899,2025-03-25,1900-01-01 04:57:15,2,1,32,2,5,4
FIR02056,3,1,12.9221,77.575551,2026-07-15,1900-01-01 06:36:03,2,2,22,1,6,6
FIR02057,2,11,12.956365,77.701496,2025-10-14,1900-01-01 11:35:55,2,0,25,1,5,11
FIR02058,0,13,12.971422,77.752246,2024-08-03,1900-01-01 20:00:13,2,1,46,0,2,20
FIR02059,3,8,12.931571,77.626984,2026-05-03,1900-01-01 14:43:04,2,0,27,2,3,14
FIR02060,0,10,13.001152,77.57334,2025-09-16,1900-01-01 23:56:37,2,0,59,1,5,23
FIR02061,9,5,13.03988,77.594582,2026-04-01,1900-01-01 16:32:08,1,1,25,0,6,16
FIR02062,6,3,12.844629,77.679956,2025-12-22,1900-01-01 17:51:47,0,2,52,2,1,17
FIR02063,3,8,12.938721,77.626542,2025-06-21,1900-01-01 07:02:41,2,0,63,1,2,7
FIR02064,5,8,12.935681,77.62938,2024-12-06,1900-01-01 00:30:27,0,1,39,2,0,0
FIR02065,9,0,12.921236,77.605698,2024-11-23,1900-01-01 12:13:02,1,0,51,1,2,12
FIR02066,9,13,12.965026,77.74817,2026-04-24,1900-01-01 07:23:08,1,0,62,2,0,7
FIR02067,5,5,13.039159,77.596458,2025-03-25,1900-01-01 09:23:02,0,2,52,2,5,9
FIR02068,6,3,12.840712,77.681742,2025-06-22,1900-01-01 17:17:06,0,1,23,0,3,17
FIR02069,9,5,13.033549,77.59585,2024-12-04,1900-01-01 12:20:28,1,1,19,0,6,12
FIR02070,2,0,12.914853,77.614362,2026-03-23,1900-01-01 11:42:02,2,0,29,2,1,11
FIR02071,0,1,12.914663,77.575631,2024-10-20,1900-01-01 14:30:10,2,1,50,0,3,14
FIR02072,9,11,12.958641,77.693372,2025-10-01,1900-01-01 05:21:51,1,2,61,2,6,5
FIR02073,9,2,12.930098,77.677546,2026-03-12,1900-01-01 16:54:41,1,2,24,1,4,16
FIR02074,2,13,12.969829,77.75056,2026-03-21,1900-01-01 11:12:06,2,1,57,1,2,11
FIR02075,1,11,12.959834,77.700676,2025-01-01,1900-01-01 17:40:47,2,0,59,1,6,17
FIR02076,2,13,12.965778,77.746034,2026-07-06,1900-01-01 01:17:49,2,2,66,1,1,1
FIR02077,6,8,12.939493,77.620152,2026-04-19,1900-01-01 22:32:46,0,2,62,0,3,22
FIR02078,2,0,12.915276,77.610941,2025-12-19,1900-01-01 23:00:20,2,2,33,2,0,23
FIR02079,4,3,12.835606,77.674359,2025-09-06,1900-01-01 02:20:35,2,2,32,1,2,2
FIR02080,0,5,13.035703,77.600072,2026-04-12,1900-01-01 13:46:47,2,2,41,0,3,13
FIR02081,5,14,13.099219,77.597623,2026-04-07,1900-01-01 11:18:32,0,0,43,2,5,11
FIR02082,2,4,12.913301,77.651799,2026-03-09,1900-01-01 13:15:56,2,0,62,0,1,13
FIR02083,9,11,12.95977,77.699674,2025-12-14,1900-01-01 02:41:37,1,1,35,1,3,2
FIR02084,8,12,12.994324,77.556191,2026-04-16,1900-01-01 08:27:39,1,1,32,2,4,8
FIR02085,7,5,13.033268,77.596752,2026-02-04,1900-01-01 20:31:17,0,2,62,2,6,20
FIR02086,1,2,12.926271,77.677064,2025-02-19,1900-01-01 08:21:20,2,1,34,2,6,8
FIR02087,3,6,12.97597,77.637231,2025-01-29,1900-01-01 00:07:13,2,0,34,2,6,0
FIR02088,8,10,13.00205,77.574791,2025-11-27,1900-01-01 01:45:38,1,2,25,1,4,1
FIR02089,1,10,13.006281,77.567506,2024-08-22,1900-01-01 18:07:04,2,2,40,0,4,18
FIR02090,6,10,12.999796,77.571549,2025-05-10,1900-01-01 01:40:23,0,1,20,2,2,1
FIR02091,3,13,12.972796,77.747133,2025-09-01,1900-01-01 16:22:46,2,1,60,2,1,16
FIR02092,2,2,12.924542,77.673304,2025-05-30,1900-01-01 09:10:31,2,2,57,2,0,9
FIR02093,0,6,12.974616,77.64228,2025-03-28,1900-01-01 09:29:54,2,0,24,1,0,9
FIR02094,2,1,12.9155,77.577068,2024-11-02,1900-01-01 16:54:53,2,1,62,1,2,16
FIR02095,6,10,13.007719,77.568351,2025-05-04,1900-01-01 21:45:26,0,0,45,0,3,21
FIR02096,5,3,12.83797,77.677277,2024-09-30,1900-01-01 21:47:50,0,1,18,0,1,21
FIR02097,8,13,12.965022,77.754826,2024-10-01,1900-01-01 23:17:05,1,2,65,0,5,23
FIR02098,8,14,13.100502,77.597091,2026-03-01,1900-01-01 04:22:14,1,0,60,1,3,4
FIR02099,8,2,12.927067,77.672632,2025-02-18,1900-01-01 07:15:52,1,2,29,0,5,7
FIR02100,2,13,12.965802,77.7467,2026-03-14,1900-01-01 01:39:32,2,0,59,2,2,1
FIR02101,2,2,12.923631,77.678069,2025-05-04,1900-01-01 09:44:57,2,1,22,2,3,9
FIR02102,6,13,12.966762,77.747697,2025-01-02,1900-01-01 15:32:24,0,0,36,1,4,15
FIR02103,3,4,12.914695,77.651629,2026-02-18,1900-01-01 00:10:45,2,2,30,2,6,0
FIR02104,5,9,12.980579,77.605093,2024-09-03,1900-01-01 04:32:58,0,0,62,0,5,4
FIR02105,0,12,12.98683,77.557678,2024-10-13,1900-01-01 03:47:35,2,0,57,1,3,3
FIR02106,6,2,12.927928,77.674564,2025-09-03,1900-01-01 12:13:28,0,2,40,1,6,12
FIR02107,5,4,12.908808,77.646784,2025-07-19,1900-01-01 13:42:01,0,2,32,0,2,13
FIR02108,9,13,12.966693,77.7518,2026-01-07,1900-01-01 16:31:08,1,2,46,2,6,16
FIR02109,7,8,12.934978,77.624421,2025-10-06,1900-01-01 18:33:30,0,0,36,2,1,18
FIR02110,6,1,12.923301,77.571146,2025-05-03,1900-01-01 09:41:33,0,2,54,2,2,9
FIR02111,3,6,12.974822,77.641902,2024-07-30,1900-01-01 05:20:10,2,1,31,2,5,5
FIR02112,8,1,12.922019,77.577286,2024-08-16,1900-01-01 12:33:07,1,2,23,0,0,12
FIR02113,4,11,12.959563,77.700588,2026-02-10,1900-01-01 09:25:16,2,2,32,2,5,9
FIR02114,5,10,13.005582,77.567501,2024-08-04,1900-01-01 20:12:18,0,1,20,2,3,20
FIR02115,6,0,12.916596,77.608419,2025-06-07,1900-01-01 19:40:53,0,2,60,2,2,19
FIR02116,6,2,12.930331,77.678443,2026-02-04,1900-01-01 03:52:07,0,0,19,1,6,3
FIR02117,7,1,12.916075,77.573395,2026-03-20,1900-01-01 17:38:57,0,0,62,0,0,17
FIR02118,0,12,12.991038,77.558538,2025-11-10,1900-01-01 12:54:43,2,1,40,0,1,12
FIR02119,8,0,12.919518,77.607371,2025-09-12,1900-01-01 08:02:02,1,1,39,2,0,8
FIR02120,1,3,12.837026,77.672426,2026-03-05,1900-01-01 21:50:35,2,0,41,2,4,21
FIR02121,1,3,12.839626,77.672476,2026-03-29,1900-01-01 18:43:54,2,0,28,2,3,18
FIR02122,7,5,13.035591,77.601132,2025-07-26,1900-01-01 03:20:30,0,0,67,2,2,3
FIR02123,6,5,13.032755,77.598968,2026-03-06,1900-01-01 02:09:39,0,0,30,0,0,2
FIR02124,8,3,12.84276,77.675338,2026-06-05,1900-01-01 12:56:37,1,1,25,2,0,12
FIR02125,5,11,12.95731,77.699895,2026-03-19,1900-01-01 13:14:58,0,0,49,0,4,13
FIR02126,9,5,13.032421,77.601414,2025-08-05,1900-01-01 15:51:13,1,1,64,0,5,15
FIR02127,7,8,12.934617,77.6222,2026-01-16,1900-01-01 06:04:43,0,2,20,2,0,6
FIR02128,8,14,13.104516,77.597415,2025-09-07,1900-01-01 22:59:04,1,2,55,2,3,22
FIR02129,4,14,13.101693,77.599139,2025-02-11,1900-01-01 00:57:04,2,2,58,2,5,0
FIR02130,2,3,12.842048,77.678763,2025-05-13,1900-01-01 21:20:12,2,1,63,1,5,21
FIR02131,6,9,12.972143,77.60232,2025-06-09,1900-01-01 15:53:04,0,2,41,1,1,15
FIR02132,0,7,12.925429,77.594138,2025-11-12,1900-01-01 11:55:37,2,2,54,1,6,11
FIR02133,9,6,12.974899,77.637902,2026-02-04,1900-01-01 06:17:33,1,1,55,0,6,6
FIR02134,9,0,12.913233,77.605906,2026-04-06,1900-01-01 00:06:12,1,0,39,1,1,0
FIR02135,0,8,12.933574,77.622,2024-12-09,1900-01-01 07:44:43,2,0,32,1,1,7
FIR02136,6,4,12.915559,77.649099,2026-02-14,1900-01-01 22:19:22,0,1,19,0,2,22
FIR02137,2,6,12.980176,77.643469,2025-03-16,1900-01-01 18:41:41,2,2,35,1,3,18
FIR02138,7,12,12.993208,77.552266,2025-08-21,1900-01-01 19:46:51,0,2,23,1,4,19
FIR02139,3,10,12.999923,77.575528,2025-04-23,1900-01-01 18:19:49,2,0,53,2,6,18
FIR02140,8,5,13.03793,77.593328,2025-02-04,1900-01-01 07:26:18,1,2,48,2,5,7
FIR02141,8,9,12.971267,77.608125,2024-09-21,1900-01-01 13:26:20,1,1,24,2,2,13
FIR02142,1,9,12.974995,77.600067,2026-07-21,1900-01-01 01:07:27,2,1,60,2,5,1
FIR02143,5,3,12.844191,77.676903,2024-08-19,1900-01-01 16:57:56,0,2,64,1,1,16
FIR02144,9,10,12.999284,77.573099,2025-07-29,1900-01-01 05:47:01,1,0,37,2,5,5
FIR02145,4,5,13.037968,77.596225,2026-03-06,1900-01-01 04:45:51,2,1,46,0,0,4
FIR02146,1,10,12.999843,77.567012,2025-04-05,1900-01-01 20:45:43,2,0,41,1,2,20
FIR02147,7,13,12.973281,77.750703,2026-06-20,1900-01-01 05:08:47,0,1,35,2,2,5
FIR02148,8,11,12.959496,77.70075,2026-04-20,1900-01-01 07:17:38,1,2,27,1,1,7
FIR02149,0,1,12.922773,77.578368,2025-02-25,1900-01-01 19:29:57,2,1,46,0,5,19
FIR02150,1,14,13.096635,77.59573,2025-09-18,1900-01-01 01:04:32,2,1,39,2,4,1
FIR02151,3,1,12.914305,77.575241,2026-07-20,1900-01-01 06:21:06,2,2,29,1,1,6
FIR02152,6,2,12.930528,77.675933,2024-10-03,1900-01-01 23:39:11,0,0,67,0,4,23
FIR02153,3,1,12.913659,77.572758,2025-02-06,1900-01-01 23:24:39,2,0,31,1,4,23
FIR02154,2,11,12.957976,77.692919,2025-01-27,1900-01-01 20:33:17,2,1,62,2,1,20
FIR02155,7,7,12.926619,77.590444,2024-08-08,1900-01-01 06:44:02,0,2,44,2,4,6
FIR02156,9,2,12.926621,77.671656,2026-05-04,1900-01-01 03:30:43,1,1,70,2,1,3
FIR02157,7,6,12.982174,77.638777,2025-12-13,1900-01-01 10:40:59,0,0,25,1,2,10
FIR02158,6,1,12.917368,77.578261,2024-12-23,1900-01-01 23:37:41,0,2,68,2,1,23
FIR02159,9,12,12.993902,77.550403,2024-09-24,1900-01-01 13:47:47,1,2,50,2,5,13
FIR02160,1,2,12.923812,77.673982,2025-06-06,1900-01-01 08:13:27,2,1,66,0,0,8
FIR02161,5,2,12.928754,77.678873,2026-03-14,1900-01-01 09:38:48,0,2,69,0,2,9
FIR02162,8,14,13.098086,77.596401,2025-12-28,1900-01-01 20:13:37,1,2,63,1,3,20
FIR02163,9,8,12.938274,77.628046,2025-04-08,1900-01-01 07:23:29,1,2,64,1,5,7
FIR02164,9,10,13.00542,77.568568,2024-12-01,1900-01-01 05:26:23,1,0,54,0,3,5
FIR02165,1,8,12.935327,77.627868,2025-01-27,1900-01-01 14:25:15,2,1,41,1,1,14
FIR02166,0,12,12.993563,77.551503,2025-10-24,1900-01-01 19:06:05,2,0,36,1,0,19
FIR02167,1,5,13.032941,77.601551,2025-07-08,1900-01-01 09:05:16,2,1,53,1,5,9
FIR02168,2,12,12.992597,77.559454,2025-07-23,1900-01-01 01:50:41,2,0,66,1,6,1
FIR02169,8,7,12.929406,77.595127,2025-12-22,1900-01-01 16:57:13,1,1,58,0,1,16
FIR02170,2,5,13.034017,77.592028,2025-12-09,1900-01-01 01:11:56,2,1,54,1,5,1
FIR02171,1,6,12.981278,77.643277,2025-12-16,1900-01-01 05:16:07,2,1,48,1,5,5
FIR02172,3,1,12.913945,77.575537,2026-04-26,1900-01-01 19:16:21,2,2,37,0,3,19
FIR02173,9,2,12.932396,77.679602,2024-11-15,1900-01-01 00:59:12,1,2,31,2,0,0
FIR02174,5,9,12.970623,77.6036,2026-01-24,1900-01-01 23:16:19,0,2,26,2,2,23
FIR02175,9,9,12.976782,77.605108,2025-07-25,1900-01-01 19:24:12,1,1,36,1,0,19
FIR02176,1,8,12.933852,77.629037,2025-04-19,1900-01-01 14:07:36,2,0,55,0,2,14
FIR02177,7,12,12.98982,77.557789,2025-04-07,1900-01-01 00:03:58,0,2,44,2,1,0
FIR02178,7,5,13.040689,77.599144,2026-03-06,1900-01-01 23:24:58,0,0,33,0,0,23
FIR02179,0,11,12.95963,77.694202,2026-06-23,1900-01-01 23:49:17,2,2,66,0,5,23
FIR02180,4,6,12.97877,77.639327,2024-09-05,1900-01-01 02:50:35,2,2,60,0,4,2
FIR02181,3,5,13.032882,77.592747,2025-12-16,1900-01-01 19:50:52,2,0,58,1,5,19
FIR02182,6,3,12.836533,77.677081,2024-09-06,1900-01-01 22:39:14,0,2,69,2,0,22
FIR02183,8,10,13.001067,77.575266,2024-12-26,1900-01-01 08:47:28,1,0,56,2,4,8
FIR02184,1,11,12.962033,77.699307,2025-03-06,1900-01-01 20:51:16,2,2,33,1,4,20
FIR02185,7,7,12.928125,77.596352,2025-03-12,1900-01-01 01:27:21,0,0,54,0,6,1
FIR02186,8,0,12.915308,77.614641,2025-04-15,1900-01-01 16:39:08,1,1,21,2,5,16
FIR02187,4,13,12.973398,77.745294,2024-10-16,1900-01-01 19:42:14,2,0,39,1,6,19
FIR02188,9,11,12.958091,77.698411,2026-04-23,1900-01-01 14:54:18,1,1,52,2,4,14
FIR02189,1,11,12.956703,77.693295,2024-12-31,1900-01-01 05:02:21,2,2,65,0,5,5
FIR02190,5,7,12.921754,77.597664,2025-09-23,1900-01-01 01:33:38,0,0,25,1,5,1
FIR02191,8,11,12.958575,77.700671,2024-11-10,1900-01-01 09:26:41,1,1,45,2,3,9
FIR02192,2,13,12.973581,77.75018,2025-04-02,1900-01-01 04:53:28,2,2,28,0,6,4
FIR02193,2,14,13.097997,77.595022,2025-08-21,1900-01-01 08:50:42,2,2,24,1,4,8
FIR02194,2,12,12.993904,77.553345,2026-06-08,1900-01-01 09:10:21,2,2,35,2,1,9
FIR02195,9,12,12.993777,77.552357,2025-01-13,1900-01-01 03:35:46,1,0,48,2,1,3
FIR02196,3,10,13.002548,77.573305,2025-10-27,1900-01-01 06:34:14,2,0,60,2,1,6
FIR02197,5,4,12.909512,77.647355,2026-02-21,1900-01-01 21:14:12,0,2,65,2,2,21
FIR02198,7,10,13.000646,77.566662,2025-08-05,1900-01-01 19:02:15,0,1,23,1,5,19
FIR02199,7,4,12.911092,77.648412,2025-02-21,1900-01-01 05:03:41,0,0,59,2,0,5
FIR02200,5,3,12.835742,77.677411,2025-08-13,1900-01-01 03:12:24,0,1,58,1,6,3
FIR02201,5,9,12.979999,77.601014,2025-03-12,1900-01-01 21:07:35,0,0,32,2,6,21
FIR02202,5,2,12.931296,77.672055,2025-08-14,1900-01-01 13:31:05,0,1,56,2,4,13
FIR02203,8,4,12.914879,77.644292,2024-08-01,1900-01-01 04:50:58,1,2,50,1,4,4
FIR02204,9,3,12.836599,77.679578,2025-06-18,1900-01-01 21:05:22,1,1,27,2,6,21
FIR02205,8,5,13.034611,77.600275,2026-03-25,1900-01-01 20:21:59,1,1,41,0,6,20
FIR02206,7,0,12.917506,77.607489,2025-01-22,1900-01-01 13:18:36,0,2,62,0,6,13
FIR02207,7,14,13.105546,77.600809,2026-06-29,1900-01-01 13:35:52,0,0,66,0,1,13
FIR02208,5,14,13.104528,77.596829,2025-11-08,1900-01-01 17:07:02,0,1,66,0,2,17
FIR02209,7,8,12.934124,77.629312,2024-08-30,1900-01-01 06:01:23,0,1,67,1,0,6
FIR02210,8,10,13.004611,77.572135,2024-08-02,1900-01-01 23:19:25,1,0,62,0,0,23
FIR02211,4,13,12.974776,77.754815,2025-12-25,1900-01-01 05:18:57,2,2,60,1,4,5
FIR02212,6,10,13.005418,77.56849,2024-09-20,1900-01-01 16:10:10,0,0,50,1,0,16
FIR02213,8,1,12.916448,77.57012,2025-05-29,1900-01-01 22:40:44,1,0,19,1,4,22
FIR02214,2,14,13.100872,77.59908,2026-03-09,1900-01-01 15:22:25,2,0,68,1,1,15
FIR02215,5,6,12.977316,77.645666,2026-06-28,1900-01-01 12:19:46,0,0,51,0,3,12
FIR02216,5,4,12.916368,77.649291,2026-07-02,1900-01-01 11:19:16,0,0,59,0,4,11
FIR02217,6,8,12.936891,77.622528,2025-04-14,1900-01-01 21:11:30,0,1,50,2,1,21
FIR02218,1,13,12.972016,77.750185,2024-09-06,1900-01-01 14:55:34,2,2,25,1,0,14
FIR02219,6,9,12.971859,77.60562,2024-12-22,1900-01-01 05:45:23,0,0,54,0,3,5
FIR02220,8,7,12.929804,77.591741,2025-07-17,1900-01-01 00:53:01,1,1,69,0,4,0
FIR02221,0,6,12.976119,77.636366,2025-07-22,1900-01-01 04:52:16,2,1,40,2,5,4
FIR02222,8,10,13.004087,77.569572,2026-07-05,1900-01-01 12:30:50,1,1,68,2,3,12
FIR02223,6,13,12.973736,77.748988,2025-01-06,1900-01-01 00:42:27,0,0,68,1,1,0
FIR02224,1,5,13.039129,77.592361,2024-12-20,1900-01-01 07:29:26,2,2,61,1,0,7
FIR02225,2,6,12.979771,77.639895,2026-05-25,1900-01-01 20:07:00,2,1,20,1,1,20
FIR02226,2,0,12.918969,77.60998,2025-11-26,1900-01-01 18:49:03,2,2,45,1,6,18
FIR02227,6,12,12.994661,77.553559,2024-10-23,1900-01-01 12:20:33,0,2,66,1,6,12
FIR02228,2,0,12.917896,77.608863,2026-04-19,1900-01-01 12:37:20,2,0,40,0,3,12
FIR02229,5,9,12.976211,77.60273,2025-07-09,1900-01-01 19:59:10,0,0,25,2,6,19
FIR02230,7,12,12.987158,77.550164,2025-03-10,1900-01-01 18:30:07,0,2,20,2,1,18
FIR02231,1,1,12.913684,77.570736,2025-07-28,1900-01-01 22:48:59,2,2,48,1,1,22
FIR02232,8,7,12.927349,77.598216,2026-06-04,1900-01-01 00:07:31,1,0,27,2,4,0
FIR02233,2,5,13.039241,77.597447,2025-07-04,1900-01-01 05:38:31,2,0,48,0,0,5
FIR02234,4,10,13.000903,77.567408,2024-09-04,1900-01-01 07:24:52,2,2,62,2,6,7
FIR02235,1,1,12.919849,77.573771,2026-06-06,1900-01-01 06:40:28,2,0,64,1,2,6
FIR02236,1,5,13.033924,77.597422,2025-03-04,1900-01-01 10:32:04,2,1,62,0,5,10
FIR02237,2,3,12.837938,77.681182,2024-12-26,1900-01-01 01:53:38,2,0,65,2,4,1
FIR02238,8,10,13.004827,77.565962,2024-12-29,1900-01-01 01:41:56,1,2,65,2,3,1
FIR02239,6,9,12.980466,77.605808,2026-07-07,1900-01-01 23:54:17,0,1,50,1,5,23
FIR02240,9,4,12.916468,77.645196,2025-01-17,1900-01-01 07:00:24,1,1,58,2,0,7
FIR02241,1,2,12.926657,77.673527,2025-08-31,1900-01-01 03:26:26,2,2,29,1,3,3
FIR02242,4,14,13.102285,77.592799,2026-03-09,1900-01-01 07:21:59,2,2,38,2,1,7
FIR02243,5,4,12.916405,77.651819,2026-04-06,1900-01-01 14:40:53,0,2,35,1,1,14
FIR02244,0,13,12.972853,77.753273,2024-10-25,1900-01-01 12:17:50,2,2,19,2,0,12
FIR02245,8,12,12.98864,77.55313,2025-01-15,1900-01-01 14:52:59,1,2,42,0,6,14
FIR02246,4,5,13.032989,77.600517,2025-12-12,1900-01-01 08:24:10,2,0,38,1,0,8
FIR02247,2,10,13.005369,77.574161,2024-10-18,1900-01-01 10:19:52,2,2,46,0,0,10
FIR02248,4,3,12.840592,77.674314,2025-01-01,1900-01-01 14:11:52,2,0,19,1,6,14
FIR02249,9,11,12.957987,77.69713,2026-06-13,1900-01-01 21:21:24,1,0,47,2,2,21
FIR02250,6,11,12.962232,77.695322,2026-06-23,1900-01-01 21:46:53,0,1,66,1,5,21
FIR02251,6,14,13.104326,77.593576,2025-07-01,1900-01-01 21:35:27,0,0,43,2,5,21
FIR02252,6,7,12.924484,77.592164,2026-07-17,1900-01-01 17:07:53,0,2,48,0,0,17
FIR02253,5,1,12.917797,77.570954,2024-11-14,1900-01-01 04:42:50,0,2,68,1,4,4
FIR02254,9,12,12.991907,77.555926,2025-01-25,1900-01-01 06:00:27,1,1,28,2,2,6
FIR02255,4,1,12.919379,77.572656,2024-10-21,1900-01-01 00:46:39,2,0,47,1,1,0
FIR02256,7,3,12.844332,77.674187,2025-09-18,1900-01-01 16:32:53,0,1,65,2,4,16
FIR02257,8,6,12.98208,77.641652,2024-11-06,1900-01-01 20:38:45,1,1,60,1,6,20
FIR02258,8,14,13.098009,77.592472,2025-09-15,1900-01-01 17:59:54,1,0,67,0,1,17
FIR02259,2,10,13.006598,77.571709,2026-06-23,1900-01-01 09:24:00,2,1,19,2,5,9
FIR02260,3,2,12.931533,77.680591,2024-12-25,1900-01-01 14:10:36,2,1,19,0,6,14
FIR02261,3,12,12.991512,77.55003,2025-05-26,1900-01-01 06:30:58,2,2,59,1,1,6
FIR02262,4,11,12.9612,77.692406,2026-05-11,1900-01-01 10:44:28,2,0,58,1,1,10
FIR02263,4,11,12.959409,77.696687,2025-11-21,1900-01-01 05:58:16,2,0,49,1,0,5
FIR02264,4,3,12.844338,77.675465,2025-02-09,1900-01-01 01:13:03,2,2,59,1,3,1
FIR02265,8,10,13.000523,77.573203,2025-07-14,1900-01-01 03:13:21,1,1,22,1,1,3
FIR02266,9,5,13.035201,77.593704,2025-12-25,1900-01-01 07:52:23,1,1,58,1,4,7
FIR02267,0,9,12.973211,77.607351,2024-09-12,1900-01-01 19:04:08,2,1,26,2,4,19
FIR02268,4,12,12.993281,77.552434,2026-03-21,1900-01-01 04:56:31,2,1,57,2,2,4
FIR02269,3,9,12.978388,77.609657,2025-09-10,1900-01-01 10:50:51,2,2,27,0,6,10
FIR02270,8,4,12.906709,77.646978,2026-05-25,1900-01-01 18:58:41,1,0,63,2,1,18
FIR02271,7,2,12.927237,77.674098,2025-03-13,1900-01-01 19:35:40,0,2,58,1,4,19
FIR02272,1,0,12.921063,77.606879,2025-02-07,1900-01-01 19:12:25,2,2,36,1,0,19
FIR02273,2,1,12.918788,77.575493,2025-02-27,1900-01-01 16:42:52,2,1,28,2,4,16
FIR02274,4,7,12.92822,77.594304,2026-01-19,1900-01-01 20:10:52,2,1,28,0,1,20
FIR02275,6,1,12.913418,77.575794,2026-03-08,1900-01-01 09:20:47,0,0,26,0,3,9
FIR02276,1,14,13.09825,77.596475,2024-12-10,1900-01-01 23:23:23,2,1,33,0,5,23
FIR02277,0,5,13.039976,77.592732,2024-08-23,1900-01-01 23:21:20,2,0,32,1,0,23
FIR02278,1,0,12.914065,77.608649,2025-04-14,1900-01-01 22:38:25,2,1,60,2,1,22
FIR02279,8,8,12.937941,77.620315,2025-05-19,1900-01-01 07:09:11,1,0,45,1,1,7
FIR02280,5,14,13.102411,77.600042,2025-04-30,1900-01-01 15:29:31,0,2,25,1,6,15
FIR02281,3,0,12.92137,77.605903,2024-12-26,1900-01-01 19:26:20,2,2,61,1,4,19
FIR02282,5,10,13.002039,77.569175,2025-10-05,1900-01-01 21:54:30,0,2,69,0,3,21
FIR02283,2,7,12.927689,77.589347,2024-12-21,1900-01-01 07:18:50,2,2,68,1,2,7
FIR02284,6,11,12.960869,77.692854,2025-11-19,1900-01-01 10:42:31,0,1,40,2,6,10
FIR02285,3,1,12.919341,77.571002,2024-11-08,1900-01-01 21:55:56,2,1,66,0,0,21
FIR02286,1,1,12.923346,77.575136,2025-01-09,1900-01-01 11:30:19,2,2,63,1,4,11
FIR02287,1,7,12.922462,77.589077,2025-11-04,1900-01-01 09:47:12,2,1,50,2,5,9
FIR02288,2,2,12.930137,77.680943,2025-01-09,1900-01-01 05:55:47,2,1,20,2,4,5
FIR02289,3,4,12.915694,77.645281,2024-09-01,1900-01-01 18:07:05,2,1,34,2,3,18
FIR02290,1,0,12.911698,77.606221,2026-03-19,1900-01-01 12:11:04,2,0,32,2,4,12
FIR02291,9,10,12.999418,77.56806,2025-12-28,1900-01-01 00:25:00,1,0,64,0,3,0
FIR02292,5,0,12.917675,77.614017,2026-06-17,1900-01-01 11:09:53,0,2,38,2,6,11
FIR02293,8,11,12.95681,77.699699,2026-03-26,1900-01-01 01:51:53,1,1,64,2,4,1
FIR02294,7,11,12.95664,77.697252,2024-11-10,1900-01-01 02:58:25,0,0,31,0,3,2
FIR02295,0,11,12.961408,77.693962,2026-06-20,1900-01-01 01:30:50,2,0,66,2,2,1
FIR02296,1,7,12.928322,77.593367,2025-11-26,1900-01-01 22:59:20,2,0,46,0,6,22
FIR02297,8,14,13.100093,77.599641,2025-02-23,1900-01-01 14:27:09,1,1,51,1,3,14
FIR02298,7,10,13.008461,77.57178,2024-10-15,1900-01-01 02:24:39,0,0,70,2,5,2
FIR02299,0,4,12.913277,77.643041,2025-08-15,1900-01-01 22:40:14,2,1,63,2,0,22
FIR02300,2,13,12.969663,77.749539,2025-08-11,1900-01-01 04:42:56,2,2,48,2,1,4
FIR02301,9,13,12.965183,77.748785,2025-01-09,1900-01-01 13:37:59,1,1,68,1,4,13
FIR02302,2,5,13.033698,77.594265,2026-02-17,1900-01-01 04:21:12,2,2,38,2,5,4
FIR02303,9,11,12.962798,77.693932,2026-01-20,1900-01-01 23:36:31,1,0,67,2,5,23
FIR02304,7,9,12.972814,77.605195,2024-10-11,1900-01-01 19:42:46,0,0,41,0,0,19
FIR02305,4,1,12.916921,77.573026,2025-04-19,1900-01-01 15:52:05,2,1,21,1,2,15
FIR02306,8,5,13.033819,77.593425,2026-01-27,1900-01-01 07:18:41,1,2,52,1,5,7
FIR02307,8,6,12.978582,77.644171,2025-10-12,1900-01-01 03:56:50,1,1,46,1,3,3
FIR02308,1,5,13.032498,77.597779,2025-09-18,1900-01-01 05:32:01,2,2,20,2,4,5
FIR02309,1,4,12.908752,77.649144,2025-03-07,1900-01-01 10:09:43,2,0,60,1,0,10
FIR02310,8,12,12.995213,77.550995,2026-03-17,1900-01-01 09:53:49,1,2,32,0,5,9
FIR02311,0,11,12.962981,77.695576,2025-06-12,1900-01-01 15:39:36,2,0,47,1,4,15
FIR02312,9,13,12.969819,77.7452,2024-10-06,1900-01-01 05:27:11,1,0,52,0,3,5
FIR02313,8,4,12.908305,77.650284,2025-01-06,1900-01-01 14:02:11,1,1,54,0,1,14
FIR02314,5,0,12.918756,77.605122,2025-02-16,1900-01-01 22:25:26,0,2,18,1,3,22
FIR02315,6,13,12.972177,77.746671,2025-02-14,1900-01-01 11:08:45,0,2,20,2,0,11
FIR02316,6,5,13.033853,77.599712,2026-02-20,1900-01-01 17:12:04,0,1,42,2,0,17
FIR02317,8,2,12.923615,77.675656,2024-08-07,1900-01-01 16:12:02,1,1,49,0,6,16
FIR02318,6,3,12.838929,77.677567,2025-05-08,1900-01-01 13:12:16,0,2,65,0,4,13
FIR02319,3,3,12.837754,77.673212,2025-11-27,1900-01-01 07:08:14,2,2,63,0,4,7
FIR02320,4,11,12.954156,77.692507,2026-04-18,1900-01-01 05:04:20,2,1,62,0,2,5
FIR02321,7,11,12.960864,77.701099,2025-04-01,1900-01-01 15:02:41,0,1,56,0,5,15
FIR02322,7,5,13.033705,77.596771,2024-12-10,1900-01-01 21:17:17,0,1,33,1,5,21
FIR02323,2,1,12.9192,77.573261,2025-09-17,1900-01-01 22:14:02,2,0,49,1,6,22
FIR02324,5,6,12.977355,77.645199,2024-12-04,1900-01-01 16:19:02,0,2,69,0,6,16
FIR02325,7,6,12.973633,77.639141,2025-09-15,1900-01-01 05:21:30,0,1,25,1,1,5
FIR02326,9,7,12.927028,77.591878,2025-01-13,1900-01-01 21:27:09,1,0,48,0,1,21
FIR02327,1,8,12.932966,77.627814,2025-02-07,1900-01-01 06:43:54,2,2,22,2,0,6
FIR02328,8,8,12.937909,77.626527,2026-04-02,1900-01-01 23:33:26,1,0,48,1,4,23
FIR02329,3,3,12.838869,77.676171,2025-07-05,1900-01-01 13:04:26,2,0,23,2,2,13
FIR02330,8,6,12.97713,77.645369,2026-06-06,1900-01-01 01:32:38,1,2,26,1,2,1
FIR02331,8,0,12.920209,77.605286,2024-11-04,1900-01-01 07:38:51,1,2,18,2,1,7
FIR02332,9,3,12.840259,77.675321,2026-06-16,1900-01-01 22:18:50,1,0,45,2,5,22
FIR02333,5,6,12.982114,77.638457,2026-01-23,1900-01-01 01:14:54,0,2,59,2,0,1
FIR02334,0,3,12.841368,77.678399,2025-05-29,1900-01-01 13:45:03,2,1,58,1,4,13
FIR02335,9,8,12.934707,77.624587,2026-02-15,1900-01-01 08:58:11,1,2,44,2,3,8
FIR02336,2,13,12.968872,77.752072,2025-01-07,1900-01-01 21:46:20,2,1,26,1,5,21
FIR02337,3,2,12.92673,77.678259,2025-11-01,1900-01-01 11:40:34,2,0,49,2,2,11
FIR02338,6,14,13.098726,77.595463,2026-07-10,1900-01-01 07:20:39,0,0,51,0,0,7
FIR02339,9,2,12.930838,77.68015,2024-10-21,1900-01-01 22:48:09,1,1,66,2,1,22
FIR02340,6,14,13.098994,77.599082,2024-11-25,1900-01-01 20:45:41,0,0,53,0,1,20
FIR02341,9,12,12.993512,77.556136,2025-08-28,1900-01-01 12:09:58,1,2,48,1,4,12
FIR02342,3,8,12.938606,77.62933,2025-12-26,1900-01-01 21:36:49,2,0,65,1,0,21
FIR02343,5,6,12.977181,77.643969,2025-11-10,1900-01-01 11:11:10,0,2,48,1,1,11
FIR02344,3,2,12.932412,77.680861,2025-09-16,1900-01-01 13:09:37,2,2,23,2,5,13
FIR02345,0,9,12.971914,77.600411,2025-12-09,1900-01-01 12:55:11,2,1,55,2,5,12
FIR02346,0,9,12.972992,77.605306,2025-09-10,1900-01-01 23:11:59,2,1,53,1,6,23
FIR02347,3,6,12.974177,77.636024,2024-10-08,1900-01-01 23:02:50,2,0,47,1,5,23
FIR02348,9,4,12.913424,77.646388,2025-07-30,1900-01-01 23:44:10,1,2,34,1,6,23
FIR02349,5,5,13.03333,77.599795,2025-12-06,1900-01-01 15:41:12,0,2,49,0,2,15
FIR02350,3,5,13.031581,77.595365,2025-12-16,1900-01-01 08:46:37,2,2,31,2,5,8
FIR02351,4,11,12.958995,77.6963,2026-02-08,1900-01-01 00:44:17,2,1,66,1,3,0
FIR02352,4,11,12.957349,77.694959,2024-12-01,1900-01-01 08:56:19,2,2,38,1,3,8
FIR02353,7,5,13.034118,77.593716,2026-01-23,1900-01-01 21:22:46,0,1,68,2,0,21
FIR02354,1,13,12.965249,77.74817,2024-12-05,1900-01-01 12:08:59,2,0,36,2,4,12
FIR02355,5,7,12.921914,77.595743,2025-10-11,1900-01-01 09:40:53,0,2,59,0,2,9
FIR02356,3,3,12.836431,77.672874,2024-12-04,1900-01-01 19:10:00,2,1,24,0,6,19
FIR02357,8,12,12.993233,77.55522,2025-10-11,1900-01-01 03:58:38,1,2,60,0,2,3
FIR02358,5,11,12.96274,77.701561,2025-03-14,1900-01-01 17:03:24,0,1,32,1,0,17
FIR02359,1,1,12.916602,77.572806,2025-11-04,1900-01-01 19:50:15,2,2,45,1,5,19
FIR02360,9,0,12.915303,77.610774,2026-01-03,1900-01-01 11:04:04,1,0,67,0,2,11
FIR02361,2,8,12.932203,77.626218,2025-10-11,1900-01-01 05:10:38,2,0,26,2,2,5
FIR02362,7,6,12.980017,77.644804,2026-03-12,1900-01-01 13:57:19,0,1,43,0,4,13
FIR02363,0,8,12.936803,77.627906,2025-11-10,1900-01-01 09:31:40,2,0,66,0,1,9
FIR02364,9,1,12.914042,77.576243,2025-11-20,1900-01-01 11:31:34,1,1,22,0,4,11
FIR02365,1,7,12.929831,77.589086,2025-02-20,1900-01-01 21:14:55,2,2,42,1,4,21
FIR02366,2,9,12.971019,77.601414,2025-10-10,1900-01-01 10:17:26,2,1,42,0,0,10
FIR02367,1,14,13.105294,77.597153,2025-08-18,1900-01-01 15:20:32,2,0,45,1,1,15
FIR02368,0,6,12.976707,77.640789,2025-03-05,1900-01-01 07:40:10,2,1,32,2,6,7
FIR02369,1,10,12.999173,77.566299,2024-08-22,1900-01-01 14:07:54,2,2,30,0,4,14
FIR02370,6,7,12.923687,77.595343,2025-11-21,1900-01-01 16:39:27,0,0,64,0,0,16
FIR02371,2,12,12.992248,77.556325,2024-09-18,1900-01-01 22:11:28,2,1,23,1,6,22
FIR02372,3,3,12.835961,77.677403,2026-06-22,1900-01-01 14:38:22,2,0,18,1,1,14
FIR02373,5,14,13.104809,77.600994,2024-08-11,1900-01-01 15:41:27,0,0,36,1,3,15
FIR02374,0,11,12.955704,77.697121,2024-08-04,1900-01-01 11:27:20,2,0,66,1,3,11
FIR02375,3,12,12.991243,77.552298,2024-09-20,1900-01-01 18:42:06,2,1,20,2,0,18
FIR02376,9,0,12.911967,77.606091,2025-07-11,1900-01-01 22:31:33,1,0,32,2,0,22
FIR02377,2,12,12.990099,77.551392,2025-04-11,1900-01-01 14:12:37,2,0,53,1,0,14
FIR02378,2,4,12.913615,77.642759,2025-01-06,1900-01-01 06:13:07,2,1,60,2,1,6
FIR02379,8,9,12.9741,77.601544,2025-06-30,1900-01-01 12:51:30,1,1,40,2,1,12
FIR02380,4,14,13.097313,77.597517,2026-02-01,1900-01-01 09:41:18,2,0,50,2,3,9
FIR02381,2,5,13.040577,77.597368,2024-12-31,1900-01-01 15:08:37,2,0,67,1,5,15
FIR02382,7,8,12.932533,77.622949,2025-03-23,1900-01-01 09:34:21,0,2,25,2,3,9
FIR02383,3,6,12.973733,77.637362,2025-11-16,1900-01-01 01:51:27,2,0,41,0,3,1
FIR02384,9,9,12.978966,77.601448,2025-08-13,1900-01-01 01:04:26,1,2,20,2,6,1
FIR02385,4,11,12.95518,77.693932,2024-12-01,1900-01-01 11:24:21,2,0,35,0,3,11
FIR02386,4,9,12.97393,77.604556,2025-11-03,1900-01-01 12:03:20,2,2,27,0,1,12
FIR02387,7,9,12.978352,77.600648,2026-01-09,1900-01-01 20:12:34,0,0,24,2,0,20
FIR02388,6,12,12.993128,77.550028,2026-03-06,1900-01-01 03:15:51,0,1,70,0,0,3
FIR02389,5,6,12.981453,77.643841,2024-12-06,1900-01-01 04:05:28,0,1,55,1,0,4
FIR02390,2,8,12.937902,77.621977,2025-08-09,1900-01-01 13:15:00,2,1,31,2,2,13
FIR02391,6,5,13.031818,77.594271,2024-09-08,1900-01-01 00:31:37,0,1,32,2,3,0
FIR02392,5,5,13.036644,77.596978,2025-02-17,1900-01-01 01:18:20,0,0,65,2,1,1
FIR02393,7,1,12.918045,77.576204,2025-12-12,1900-01-01 17:12:52,0,1,48,0,0,17
FIR02394,0,12,12.990685,77.553868,2026-04-10,1900-01-01 02:48:46,2,1,33,2,0,2
FIR02395,9,8,12.938455,77.629451,2026-06-10,1900-01-01 04:12:49,1,2,27,2,6,4
FIR02396,5,3,12.83979,77.676739,2025-08-09,1900-01-01 01:52:05,0,1,70,0,2,1
FIR02397,1,0,12.911633,77.608318,2025-08-07,1900-01-01 04:26:22,2,1,33,2,4,4
FIR02398,6,1,12.919555,77.573689,2025-08-15,1900-01-01 01:18:50,0,0,40,0,0,1
FIR02399,1,5,13.034435,77.598194,2025-12-15,1900-01-01 02:44:33,2,2,55,0,1,2
FIR02400,9,4,12.908552,77.64285,2026-04-12,1900-01-01 15:32:28,1,2,67,2,3,15
FIR02401,2,12,12.99356,77.558252,2024-09-29,1900-01-01 23:17:43,2,0,22,2,3,23
FIR02402,6,10,12.999128,77.569442,2024-10-09,1900-01-01 10:15:13,0,1,44,1,6,10
FIR02403,7,14,13.097618,77.59808,2025-12-24,1900-01-01 07:13:51,0,0,21,2,6,7
FIR02404,8,4,12.910523,77.642556,2026-05-14,1900-01-01 14:16:28,1,2,63,1,4,14
FIR02405,1,14,13.104305,77.593128,2025-03-20,1900-01-01 07:30:49,2,1,54,0,4,7
FIR02406,5,13,12.970292,77.748662,2024-08-13,1900-01-01 15:26:14,0,0,56,1,5,15
FIR02407,6,3,12.836469,77.675709,2026-07-19,1900-01-01 00:33:07,0,0,18,2,3,0
FIR02408,6,7,12.929884,77.598083,2025-02-25,1900-01-01 10:00:04,0,1,35,2,5,10
FIR02409,1,13,12.970023,77.753478,2025-05-11,1900-01-01 20:58:08,2,1,67,2,3,20
FIR02410,8,1,12.921073,77.569932,2024-11-26,1900-01-01 13:55:13,1,0,48,1,5,13
FIR02411,8,11,12.959105,77.698465,2026-04-29,1900-01-01 02:34:08,1,2,50,1,6,2
FIR02412,4,3,12.836723,77.675161,2025-05-02,1900-01-01 13:30:11,2,2,61,0,0,13
FIR02413,3,9,12.974227,77.609471,2025-04-28,1900-01-01 13:30:04,2,0,61,1,1,13
FIR02414,4,4,12.907723,77.645439,2024-09-11,1900-01-01 05:18:00,2,1,69,1,6,5
FIR02415,3,13,12.965306,77.751926,2026-05-31,1900-01-01 16:43:57,2,0,28,2,3,16
FIR02416,0,3,12.835806,77.680381,2026-06-07,1900-01-01 20:32:30,2,0,64,2,3,20
FIR02417,0,13,12.969863,77.746685,2024-11-05,1900-01-01 07:36:37,2,0,60,0,5,7
FIR02418,9,2,12.927674,77.677687,2025-11-18,1900-01-01 15:47:51,1,0,27,2,5,15
FIR02419,0,8,12.932384,77.629456,2026-02-10,1900-01-01 23:35:46,2,2,21,2,5,23
FIR02420,0,9,12.977912,77.605449,2026-04-24,1900-01-01 21:01:27,2,1,20,2,0,21
FIR02421,4,9,12.978003,77.605292,2025-06-06,1900-01-01 19:05:25,2,1,41,0,0,19
FIR02422,2,14,13.103145,77.592122,2024-09-12,1900-01-01 01:08:07,2,2,51,2,4,1
FIR02423,2,13,12.966447,77.749163,2026-02-20,1900-01-01 09:25:36,2,1,32,1,0,9
FIR02424,4,11,12.962881,77.702343,2025-04-09,1900-01-01 14:09:36,2,2,47,1,6,14
FIR02425,7,7,12.925208,77.590861,2025-10-16,1900-01-01 21:14:12,0,1,36,0,4,21
FIR02426,3,8,12.934293,77.624777,2025-12-24,1900-01-01 22:29:55,2,1,42,1,6,22
FIR02427,2,3,12.842292,77.677518,2026-06-16,1900-01-01 02:17:47,2,0,43,0,5,2
FIR02428,2,7,12.927118,77.589713,2026-02-26,1900-01-01 19:04:48,2,0,30,1,4,19
FIR02429,2,4,12.913921,77.642472,2026-06-24,1900-01-01 07:54:56,2,0,57,1,6,7
FIR02430,9,9,12.973145,77.603355,2026-02-14,1900-01-01 15:40:23,1,0,33,1,2,15
FIR02431,1,14,13.101042,77.596666,2025-05-14,1900-01-01 09:36:43,2,1,30,0,6,9
FIR02432,4,3,12.839319,77.679478,2025-05-18,1900-01-01 14:48:59,2,1,25,1,3,14
FIR02433,2,5,13.037273,77.599283,2026-01-14,1900-01-01 07:28:25,2,0,65,0,6,7
FIR02434,6,4,12.915947,77.648251,2025-02-05,1900-01-01 19:05:31,0,2,67,1,6,19
FIR02435,7,7,12.923066,77.590931,2026-05-25,1900-01-01 04:09:02,0,1,37,2,1,4
FIR02436,6,10,13.002264,77.568521,2024-12-29,1900-01-01 14:02:03,0,2,30,2,3,14
FIR02437,4,7,12.922379,77.596169,2025-10-27,1900-01-01 22:47:19,2,1,28,2,1,22
FIR02438,2,14,13.09687,77.593356,2025-04-06,1900-01-01 18:31:40,2,2,20,2,3,18
FIR02439,5,6,12.974834,77.644303,2026-06-14,1900-01-01 16:15:07,0,0,63,0,3,16
FIR02440,3,9,12.977685,77.600551,2025-11-02,1900-01-01 01:52:40,2,2,43,1,3,1
FIR02441,1,14,13.099118,77.595096,2025-02-04,1900-01-01 17:45:51,2,1,56,1,5,17
FIR02442,9,4,12.906899,77.645116,2025-10-16,1900-01-01 03:13:09,1,2,30,2,4,3
FIR02443,6,6,12.974032,77.642243,2025-01-21,1900-01-01 11:43:59,0,1,50,2,5,11
FIR02444,9,1,12.922601,77.57213,2025-11-26,1900-01-01 08:06:04,1,0,47,0,6,8
FIR02445,1,14,13.097616,77.599044,2025-08-13,1900-01-01 08:16:25,2,0,31,1,6,8
FIR02446,8,12,12.990755,77.54988,2024-12-14,1900-01-01 07:42:12,1,2,49,0,2,7
FIR02447,1,13,12.96971,77.754242,2026-04-13,1900-01-01 07:29:08,2,0,39,2,1,7
FIR02448,4,9,12.978941,77.602688,2025-06-13,1900-01-01 22:28:18,2,1,60,0,0,22
FIR02449,2,3,12.835308,77.676814,2025-02-06,1900-01-01 04:33:06,2,1,54,1,4,4
FIR02450,2,9,12.976088,77.607755,2026-01-20,1900-01-01 13:10:01,2,2,56,0,5,13
FIR02451,6,3,12.835278,77.674612,2025-03-23,1900-01-01 19:32:59,0,2,70,1,3,19
FIR02452,4,14,13.097649,77.598349,2025-01-03,1900-01-01 23:14:17,2,1,44,2,0,23
FIR02453,0,11,12.961991,77.699611,2025-01-02,1900-01-01 20:16:09,2,0,67,0,4,20
FIR02454,2,11,12.954918,77.702325,2025-10-24,1900-01-01 13:13:03,2,1,23,0,0,13
FIR02455,1,8,12.934559,77.627878,2025-05-27,1900-01-01 19:32:41,2,1,64,0,5,19
FIR02456,2,5,13.032319,77.592536,2026-07-12,1900-01-01 17:22:45,2,2,45,0,3,17
FIR02457,9,14,13.098746,77.596056,2026-01-12,1900-01-01 09:07:43,1,2,30,1,1,9
FIR02458,7,13,12.966461,77.74635,2025-07-12,1900-01-01 19:51:48,0,0,34,1,2,19
FIR02459,6,14,13.104425,77.600537,2024-09-25,1900-01-01 12:08:08,0,1,23,2,6,12
FIR02460,8,12,12.989476,77.554837,2025-07-28,1900-01-01 12:18:25,1,1,64,0,1,12
FIR02461,2,4,12.906995,77.650004,2025-11-04,1900-01-01 17:38:43,2,2,46,1,5,17
FIR02462,2,6,12.973794,77.642133,2025-07-28,1900-01-01 10:30:34,2,2,32,2,1,10
FIR02463,7,1,12.921301,77.569078,2025-06-17,1900-01-01 04:18:23,0,1,43,2,5,4
FIR02464,2,11,12.96047,77.69711,2024-12-09,1900-01-01 00:07:53,2,1,46,2,1,0
FIR02465,2,10,13.003084,77.573809,2025-10-23,1900-01-01 22:17:50,2,0,35,1,4,22
FIR02466,9,2,12.929937,77.678433,2025-03-15,1900-01-01 13:02:40,1,2,22,0,2,13
FIR02467,3,6,12.982169,77.640373,2024-08-13,1900-01-01 06:33:16,2,0,19,2,5,6
FIR02468,8,14,13.104955,77.597594,2025-02-02,1900-01-01 02:42:51,1,1,58,1,3,2
FIR02469,8,7,12.929641,77.588928,2025-11-22,1900-01-01 00:14:24,1,0,26,1,2,0
FIR02470,7,10,13.006468,77.568282,2024-09-17,1900-01-01 09:08:02,0,0,22,0,5,9
FIR02471,5,2,12.92539,77.671369,2025-06-03,1900-01-01 01:20:57,0,0,19,2,5,1
FIR02472,0,7,12.920487,77.591486,2026-04-02,1900-01-01 14:18:48,2,0,59,0,4,14
FIR02473,6,13,12.969316,77.750167,2026-02-12,1900-01-01 15:10:48,0,2,27,1,4,15
FIR02474,7,5,13.04077,77.601582,2026-06-07,1900-01-01 12:23:14,0,0,53,0,3,12
FIR02475,7,12,12.993158,77.555288,2026-04-08,1900-01-01 02:44:56,0,0,50,0,6,2
FIR02476,7,8,12.933839,77.628561,2024-11-16,1900-01-01 08:31:28,0,1,39,2,2,8
FIR02477,1,13,12.971168,77.753712,2025-08-24,1900-01-01 03:03:06,2,1,56,0,3,3
FIR02478,5,5,13.034314,77.598198,2026-05-19,1900-01-01 22:57:25,0,2,62,0,5,22
FIR02479,5,9,12.976323,77.600352,2025-08-29,1900-01-01 23:05:46,0,2,49,2,0,23
FIR02480,4,10,13.004407,77.568956,2026-04-04,1900-01-01 04:24:29,2,2,35,0,2,4
FIR02481,4,8,12.938535,77.629127,2025-12-19,1900-01-01 11:49:53,2,2,69,1,0,11
FIR02482,7,11,12.96238,77.701927,2026-02-14,1900-01-01 07:37:26,0,1,24,0,2,7
FIR02483,1,11,12.963603,77.69818,2026-04-23,1900-01-01 07:21:53,2,0,40,0,4,7
FIR02484,2,6,12.983153,77.643979,2026-07-09,1900-01-01 00:29:53,2,1,20,0,4,0
FIR02485,3,9,12.974446,77.609525,2025-12-29,1900-01-01 17:09:14,2,2,67,1,1,17
FIR02486,2,14,13.097066,77.592226,2026-01-23,1900-01-01 08:12:02,2,2,62,2,0,8
FIR02487,5,5,13.038578,77.600876,2024-09-26,1900-01-01 07:09:53,0,2,40,0,4,7
FIR02488,2,7,12.920289,77.597497,2026-02-22,1900-01-01 20:21:10,2,0,33,2,3,20
FIR02489,6,3,12.840806,77.680735,2025-09-11,1900-01-01 14:18:47,0,0,69,2,4,14
FIR02490,3,4,12.914365,77.647747,2026-06-18,1900-01-01 06:05:50,2,2,25,1,4,6
FIR02491,0,4,12.912216,77.648118,2026-04-27,1900-01-01 19:27:45,2,1,27,2,1,19
FIR02492,3,7,12.929016,77.597026,2025-04-27,1900-01-01 17:21:28,2,2,45,1,3,17
FIR02493,3,0,12.916628,77.611521,2025-08-26,1900-01-01 17:06:26,2,1,29,1,5,17
FIR02494,4,10,13.003427,77.574214,2025-06-04,1900-01-01 08:00:09,2,0,18,0,6,8
FIR02495,4,0,12.911629,77.611068,2026-02-16,1900-01-01 14:30:13,2,2,25,0,1,14
FIR02496,2,11,12.959806,77.700824,2025-10-03,1900-01-01 20:16:37,2,1,47,2,0,20
FIR02497,8,3,12.841797,77.674327,2026-02-27,1900-01-01 07:22:14,1,1,62,0,0,7
FIR02498,9,7,12.92037,77.597631,2025-03-26,1900-01-01 03:14:30,1,1,66,0,6,3
FIR02499,0,5,13.03302,77.593954,2025-07-21,1900-01-01 14:42:04,2,2,46,0,1,14
FIR02500,4,4,12.916297,77.643306,2025-01-02,1900-01-01 06:05:53,2,0,59,2,4,6
FIR02501,9,4,12.913258,77.64609,2024-10-12,1900-01-01 18:11:05,1,1,39,0,2,18
FIR02502,2,3,12.841194,77.676268,2024-11-11,1900-01-01 03:04:54,2,2,39,0,1,3
FIR02503,4,5,13.030881,77.592511,2025-07-17,1900-01-01 13:22:27,2,2,44,2,4,13
FIR02504,4,1,12.917666,77.577151,2026-05-21,1900-01-01 15:28:27,2,0,54,0,4,15
FIR02505,8,13,12.966327,77.752353,2024-11-05,1900-01-01 15:30:26,1,2,45,0,5,15
FIR02506,9,9,12.976628,77.607309,2025-09-14,1900-01-01 07:15:41,1,0,31,0,3,7
FIR02507,8,9,12.980107,77.60735,2025-05-02,1900-01-01 10:17:49,1,2,57,1,0,10
FIR02508,3,7,12.922121,77.598011,2025-10-07,1900-01-01 10:25:30,2,2,32,2,5,10
FIR02509,8,8,12.939012,77.624679,2025-01-15,1900-01-01 20:05:36,1,1,48,1,6,20
FIR02510,2,4,12.916549,77.645886,2025-06-02,1900-01-01 11:22:50,2,1,46,1,1,11
FIR02511,0,7,12.926178,77.59209,2024-08-28,1900-01-01 04:46:53,2,1,49,1,6,4
FIR02512,2,3,12.84255,77.672601,2026-07-23,1900-01-01 03:16:58,2,2,23,0,4,3
FIR02513,9,14,13.098215,77.592906,2026-03-28,1900-01-01 21:28:25,1,1,20,2,2,21
FIR02514,5,1,12.916057,77.576429,2026-02-16,1900-01-01 13:24:12,0,0,63,2,1,13
FIR02515,0,3,12.843353,77.680174,2025-06-07,1900-01-01 05:15:01,2,0,20,2,2,5
FIR02516,2,2,12.926454,77.676963,2024-11-21,1900-01-01 17:58:35,2,2,57,2,4,17
FIR02517,9,4,12.914381,77.652276,2026-05-16,1900-01-01 04:10:01,1,0,32,2,2,4
FIR02518,5,1,12.923388,77.575352,2024-12-13,1900-01-01 15:35:11,0,2,36,2,0,15
FIR02519,1,6,12.977065,77.644261,2025-03-30,1900-01-01 04:01:51,2,2,39,0,3,4
FIR02520,5,12,12.986722,77.551693,2026-01-07,1900-01-01 21:13:24,0,1,38,2,6,21
FIR02521,7,13,12.967408,77.754899,2025-11-14,1900-01-01 17:53:00,0,0,33,0,0,17
FIR02522,2,3,12.841832,77.681926,2024-11-08,1900-01-01 21:23:04,2,2,45,1,0,21
FIR02523,3,10,12.999594,77.56578,2024-11-13,1900-01-01 20:25:53,2,2,68,2,6,20
FIR02524,1,3,12.836522,77.679498,2024-12-15,1900-01-01 08:09:36,2,2,24,0,3,8
FIR02525,5,8,12.930892,77.628956,2025-04-12,1900-01-01 22:38:01,0,1,69,1,2,22
FIR02526,2,5,13.035947,77.59747,2025-05-03,1900-01-01 21:31:30,2,0,40,2,2,21
FIR02527,7,11,12.962925,77.694642,2025-12-11,1900-01-01 13:33:46,0,1,50,2,4,13
FIR02528,2,7,12.929333,77.597745,2024-07-27,1900-01-01 13:35:30,2,1,39,1,2,13
FIR02529,2,11,12.958079,77.701054,2026-03-09,1900-01-01 19:43:42,2,2,41,0,1,19
FIR02530,6,7,12.92333,77.595265,2025-10-21,1900-01-01 09:33:22,0,1,34,2,5,9
FIR02531,1,1,12.921796,77.576936,2025-04-17,1900-01-01 14:43:57,2,1,27,2,4,14
FIR02532,0,2,12.930768,77.680654,2025-07-25,1900-01-01 00:46:28,2,1,43,1,0,0
FIR02533,5,12,12.993803,77.558129,2025-06-16,1900-01-01 18:35:30,0,1,51,2,1,18
FIR02534,1,4,12.913864,77.647032,2025-04-15,1900-01-01 12:14:21,2,1,33,0,5,12
FIR02535,4,1,12.91892,77.576046,2024-12-06,1900-01-01 07:06:15,2,0,31,2,0,7
FIR02536,4,10,13.003881,77.572582,2025-01-16,1900-01-01 22:26:33,2,0,21,2,4,22
FIR02537,7,12,12.988313,77.553807,2025-05-15,1900-01-01 09:39:59,0,0,29,1,4,9
FIR02538,6,11,12.955465,77.698468,2026-04-22,1900-01-01 17:16:37,0,2,38,1,6,17
FIR02539,4,0,12.914209,77.611531,2025-03-03,1900-01-01 02:25:50,2,1,33,1,1,2
FIR02540,7,13,12.965881,77.754703,2025-02-06,1900-01-01 04:10:05,0,2,32,1,4,4
FIR02541,8,4,12.907217,77.644228,2026-06-27,1900-01-01 00:49:11,1,1,21,1,2,0
FIR02542,6,14,13.105435,77.600899,2025-04-23,1900-01-01 02:04:24,0,1,25,2,6,2
FIR02543,4,10,13.000866,77.574706,2024-09-02,1900-01-01 06:47:43,2,2,30,1,1,6
FIR02544,5,2,12.930798,77.678445,2026-01-16,1900-01-01 08:06:11,0,1,42,0,0,8
FIR02545,2,2,12.930981,77.676629,2025-11-10,1900-01-01 22:10:32,2,2,42,2,1,22
FIR02546,8,11,12.954522,77.699077,2024-11-04,1900-01-01 14:32:31,1,1,44,0,1,14
FIR02547,8,0,12.915478,77.610457,2025-09-08,1900-01-01 11:08:40,1,0,30,2,1,11
FIR02548,1,14,13.09589,77.593203,2025-08-15,1900-01-01 11:11:46,2,1,69,2,0,11
FIR02549,5,11,12.96398,77.694086,2025-03-28,1900-01-01 09:33:08,0,2,18,1,0,9
FIR02550,1,7,12.927357,77.595849,2025-07-19,1900-01-01 21:23:04,2,1,58,1,2,21
FIR02551,0,9,12.980587,77.609098,2024-11-15,1900-01-01 03:59:31,2,2,42,1,0,3
FIR02552,7,1,12.917306,77.577732,2025-04-27,1900-01-01 14:14:59,0,1,36,2,3,14
FIR02553,5,7,12.922276,77.598535,2025-08-08,1900-01-01 02:50:31,0,0,35,0,0,2
FIR02554,2,14,13.097863,77.592349,2026-05-11,1900-01-01 21:44:15,2,2,26,2,1,21
FIR02555,7,0,12.917502,77.612042,2025-04-19,1900-01-01 06:08:45,0,2,58,0,2,6
FIR02556,1,8,12.935283,77.621683,2025-04-27,1900-01-01 13:12:45,2,2,52,2,3,13
FIR02557,5,6,12.983003,77.638679,2026-07-06,1900-01-01 23:26:09,0,0,25,2,1,23
FIR02558,8,2,12.931707,77.674581,2025-10-07,1900-01-01 04:52:08,1,1,46,2,5,4
FIR02559,4,4,12.914523,77.651536,2026-05-26,1900-01-01 08:11:40,2,0,66,0,5,8
FIR02560,7,7,12.925384,77.593009,2026-07-20,1900-01-01 00:55:06,0,0,27,0,1,0
FIR02561,8,6,12.979518,77.640395,2025-12-27,1900-01-01 23:50:39,1,1,61,1,2,23
FIR02562,3,7,12.920266,77.598445,2026-05-24,1900-01-01 01:06:49,2,0,51,0,3,1
FIR02563,5,3,12.840367,77.679625,2025-08-13,1900-01-01 10:34:53,0,2,37,1,6,10
FIR02564,6,9,12.97886,77.60947,2026-05-17,1900-01-01 14:57:21,0,2,68,0,3,14
FIR02565,8,9,12.973195,77.60279,2024-10-22,1900-01-01 07:27:05,1,0,67,2,5,7
FIR02566,3,13,12.973446,77.750794,2025-12-09,1900-01-01 04:43:08,2,1,40,1,5,4
FIR02567,2,8,12.935543,77.620175,2026-06-09,1900-01-01 07:54:43,2,2,33,1,5,7
FIR02568,3,13,12.968769,77.746298,2026-03-21,1900-01-01 05:42:14,2,2,69,1,2,5
FIR02569,2,3,12.842202,77.680141,2025-10-10,1900-01-01 02:18:27,2,0,41,2,0,2
FIR02570,4,2,12.930742,77.674969,2024-11-21,1900-01-01 22:22:08,2,1,55,2,4,22
FIR02571,1,5,13.035427,77.595756,2025-08-29,1900-01-01 20:06:27,2,2,66,2,0,20
FIR02572,1,5,13.032322,77.596398,2025-04-29,1900-01-01 02:34:40,2,0,50,1,5,2
FIR02573,0,6,12.978086,77.642236,2025-01-31,1900-01-01 10:14:26,2,2,53,2,0,10
FIR02574,1,7,12.926382,77.58881,2025-09-06,1900-01-01 00:47:41,2,2,57,1,2,0
FIR02575,4,1,12.913493,77.571231,2025-08-25,1900-01-01 04:02:16,2,0,54,2,1,4
FIR02576,3,4,12.911159,77.6506,2026-05-28,1900-01-01 21:17:56,2,1,52,0,4,21
FIR02577,7,11,12.963322,77.694309,2026-04-03,1900-01-01 08:11:01,0,0,27,2,0,8
FIR02578,7,3,12.835753,77.676571,2025-12-08,1900-01-01 00:32:52,0,2,49,1,1,0
FIR02579,8,10,13.007691,77.569486,2025-10-26,1900-01-01 11:09:36,1,1,55,2,3,11
FIR02580,0,3,12.843042,77.681143,2024-08-02,1900-01-01 10:22:34,2,1,62,2,0,10
FIR02581,6,1,12.918186,77.574863,2025-07-08,1900-01-01 06:55:46,0,0,60,0,5,6
FIR02582,6,0,12.912206,77.608673,2025-07-09,1900-01-01 15:13:34,0,0,34,0,6,15
FIR02583,4,1,12.915743,77.570816,2024-10-14,1900-01-01 03:16:49,2,2,25,1,1,3
FIR02584,4,2,12.9264,77.671379,2025-07-06,1900-01-01 23:12:04,2,1,18,1,3,23
FIR02585,2,4,12.907578,77.642563,2025-09-28,1900-01-01 22:44:34,2,2,22,0,3,22
FIR02586,7,10,13.000505,77.572515,2024-11-06,1900-01-01 22:03:16,0,0,20,2,6,22
FIR02587,4,2,12.926036,77.673363,2025-05-12,1900-01-01 12:36:51,2,2,32,1,1,12
FIR02588,8,4,12.912664,77.646111,2025-10-13,1900-01-01 17:57:13,1,2,20,2,1,17
FIR02589,8,12,12.987144,77.555637,2025-06-08,1900-01-01 06:52:22,1,1,35,2,3,6
FIR02590,7,3,12.836702,77.673477,2026-03-28,1900-01-01 20:39:23,0,2,48,0,2,20
FIR02591,8,7,12.929989,77.59307,2025-02-17,1900-01-01 13:05:45,1,0,48,0,1,13
FIR02592,4,0,12.916962,77.613316,2025-09-11,1900-01-01 12:02:51,2,1,19,0,4,12
FIR02593,7,0,12.915606,77.611894,2025-06-01,1900-01-01 12:05:19,0,2,18,1,3,12
FIR02594,0,8,12.934087,77.624169,2025-07-12,1900-01-01 02:21:36,2,2,62,2,2,2
FIR02595,5,10,13.005684,77.570467,2024-09-04,1900-01-01 06:33:40,0,2,51,2,6,6
FIR02596,2,8,12.933002,77.624862,2026-04-26,1900-01-01 22:56:44,2,0,39,1,3,22
FIR02597,8,4,12.908551,77.645315,2025-08-21,1900-01-01 09:32:41,1,1,70,0,4,9
FIR02598,7,7,12.924888,77.595298,2025-12-11,1900-01-01 03:58:21,0,2,65,0,4,3
FIR02599,5,5,13.032093,77.594486,2024-07-29,1900-01-01 10:43:43,0,0,68,1,1,10
FIR02600,7,9,12.977632,77.604449,2024-09-04,1900-01-01 10:11:42,0,1,56,2,6,10
FIR02601,3,3,12.843014,77.679642,2024-10-13,1900-01-01 02:38:00,2,2,35,1,3,2
FIR02602,5,8,12.933064,77.626714,2026-05-25,1900-01-01 11:30:11,0,1,53,2,1,11
FIR02603,8,14,13.102059,77.594593,2025-08-18,1900-01-01 18:35:16,1,0,35,1,1,18
FIR02604,7,10,13.00186,77.572439,2025-05-12,1900-01-01 03:52:52,0,2,41,2,1,3
FIR02605,4,11,12.957182,77.697327,2025-09-21,1900-01-01 07:08:41,2,2,58,2,3,7
FIR02606,8,9,12.974182,77.605045,2025-03-21,1900-01-01 19:29:52,1,0,68,1,0,19
FIR02607,0,1,12.918292,77.570069,2026-01-28,1900-01-01 06:56:54,2,2,70,0,6,6
FIR02608,7,7,12.921523,77.598146,2026-06-21,1900-01-01 21:18:49,0,1,69,1,3,21
FIR02609,1,1,12.914628,77.577027,2025-05-27,1900-01-01 07:32:56,2,0,37,0,5,7
FIR02610,3,0,12.913907,77.612867,2025-11-06,1900-01-01 03:04:22,2,2,70,0,4,3
FIR02611,2,5,13.031489,77.592948,2024-09-17,1900-01-01 15:59:09,2,0,20,0,5,15
FIR02612,5,12,12.988415,77.553181,2026-07-18,1900-01-01 17:43:35,0,0,55,0,2,17
FIR02613,9,8,12.934192,77.6289,2026-07-10,1900-01-01 18:39:07,1,1,32,1,0,18
FIR02614,3,11,12.963457,77.697427,2026-07-02,1900-01-01 21:07:36,2,2,55,2,4,21
FIR02615,3,0,12.914197,77.612225,2025-09-18,1900-01-01 06:14:02,2,0,58,2,4,6
FIR02616,8,9,12.972598,77.606461,2025-01-20,1900-01-01 12:47:05,1,0,60,2,1,12
FIR02617,6,8,12.938129,77.628427,2025-07-03,1900-01-01 15:56:48,0,1,49,0,4,15
FIR02618,0,9,12.971188,77.606252,2025-06-14,1900-01-01 21:14:06,2,1,46,1,2,21
FIR02619,8,9,12.971633,77.602933,2026-02-19,1900-01-01 00:15:40,1,0,27,2,4,0
FIR02620,2,4,12.909979,77.642499,2025-11-26,1900-01-01 08:08:48,2,1,60,0,6,8
FIR02621,9,1,12.923181,77.569568,2025-01-08,1900-01-01 17:54:53,1,0,55,0,6,17
FIR02622,4,13,12.973182,77.747766,2026-06-28,1900-01-01 03:40:20,2,0,21,1,3,3
FIR02623,7,1,12.914859,77.57519,2025-02-10,1900-01-01 03:11:44,0,2,48,1,1,3
FIR02624,4,12,12.995273,77.554438,2026-01-05,1900-01-01 10:57:12,2,1,59,2,1,10
FIR02625,1,3,12.838818,77.68083,2025-01-08,1900-01-01 00:09:27,2,1,20,0,6,0
FIR02626,9,8,12.937927,77.626955,2025-08-05,1900-01-01 04:41:53,1,0,27,1,5,4
FIR02627,7,0,12.917045,77.61486,2025-09-01,1900-01-01 14:28:45,0,0,35,0,1,14
FIR02628,1,13,12.970945,77.746527,2026-07-02,1900-01-01 19:42:48,2,2,26,2,4,19
FIR02629,1,9,12.972306,77.607503,2025-11-14,1900-01-01 17:21:58,2,2,26,2,0,17
FIR02630,5,1,12.921534,77.57329,2026-02-02,1900-01-01 01:52:30,0,2,22,0,1,1
FIR02631,2,7,12.922104,77.592912,2025-08-17,1900-01-01 23:12:54,2,2,46,2,3,23
FIR02632,9,7,12.92463,77.591629,2025-02-08,1900-01-01 15:01:59,1,2,65,1,2,15
FIR02633,4,6,12.979756,77.638895,2025-03-07,1900-01-01 05:54:56,2,2,47,0,0,5
FIR02634,8,5,13.036506,77.59897,2025-08-31,1900-01-01 23:44:30,1,0,34,1,3,23
FIR02635,1,9,12.976561,77.602121,2025-08-25,1900-01-01 12:16:38,2,0,40,2,1,12
FIR02636,4,13,12.974276,77.74921,2024-12-27,1900-01-01 21:48:22,2,2,43,1,0,21
FIR02637,7,7,12.928934,77.590936,2026-06-23,1900-01-01 10:26:05,0,2,60,0,5,10
FIR02638,8,4,12.914015,77.643286,2026-01-19,1900-01-01 00:25:34,1,2,28,0,1,0
FIR02639,7,9,12.973905,77.602672,2026-07-06,1900-01-01 22:58:27,0,0,38,0,1,22
FIR02640,1,5,13.03427,77.601705,2025-12-20,1900-01-01 13:17:44,2,1,35,0,2,13
FIR02641,3,2,12.925445,77.675288,2024-10-25,1900-01-01 19:48:08,2,0,39,2,0,19
FIR02642,7,5,13.035626,77.596396,2026-02-22,1900-01-01 05:36:24,0,1,49,0,3,5
FIR02643,3,10,13.006643,77.572241,2026-05-13,1900-01-01 02:41:20,2,1,51,1,6,2
FIR02644,8,4,12.913533,77.645991,2025-05-16,1900-01-01 02:48:45,1,2,60,1,0,2
FIR02645,8,3,12.837835,77.678526,2025-06-12,1900-01-01 18:36:02,1,1,50,0,4,18
FIR02646,5,6,12.980941,77.64037,2024-08-18,1900-01-01 19:12:14,0,0,61,0,3,19
FIR02647,0,5,13.035537,77.595223,2025-09-14,1900-01-01 05:58:10,2,2,70,1,3,5
FIR02648,2,11,12.95992,77.697834,2025-11-19,1900-01-01 20:11:11,2,0,45,0,6,20
FIR02649,7,3,12.844122,77.68123,2024-08-22,1900-01-01 17:49:15,0,1,52,1,4,17
FIR02650,1,0,12.915806,77.611171,2025-10-07,1900-01-01 19:17:25,2,2,49,1,5,19
FIR02651,7,6,12.981203,77.643181,2025-09-13,1900-01-01 03:52:07,0,1,65,0,2,3
FIR02652,1,1,12.916,77.576496,2025-09-16,1900-01-01 09:40:06,2,1,60,2,5,9
FIR02653,9,1,12.914941,77.572149,2024-10-10,1900-01-01 11:33:42,1,2,65,0,4,11
FIR02654,3,2,12.925179,77.672283,2025-12-18,1900-01-01 01:05:58,2,2,24,2,4,1
FIR02655,1,10,13.004267,77.572866,2025-08-13,1900-01-01 07:02:35,2,1,40,2,6,7
FIR02656,6,0,12.920875,77.607148,2026-01-01,1900-01-01 19:44:24,0,2,34,0,4,19
FIR02657,4,10,13.000925,77.572021,2025-07-25,1900-01-01 05:10:21,2,0,24,1,0,5
FIR02658,2,2,12.929804,77.677713,2025-05-18,1900-01-01 01:03:59,2,0,66,0,3,1
FIR02659,5,1,12.915149,77.574752,2024-12-08,1900-01-01 08:44:12,0,2,52,1,3,8
FIR02660,3,2,12.923454,77.673855,2025-09-23,1900-01-01 05:46:15,2,1,25,1,5,5
FIR02661,7,3,12.839756,77.680364,2025-09-03,1900-01-01 12:44:26,0,0,22,0,6,12
FIR02662,2,9,12.97971,77.604542,2026-02-14,1900-01-01 11:14:27,2,1,30,2,2,11
FIR02663,8,10,13.004248,77.574846,2024-07-27,1900-01-01 11:12:51,1,0,42,0,2,11
FIR02664,5,1,12.914176,77.576144,2026-02-16,1900-01-01 19:45:21,0,2,21,2,1,19
FIR02665,0,9,12.978363,77.605965,2026-01-04,1900-01-01 22:17:18,2,1,61,0,3,22
FIR02666,8,12,12.99304,77.555493,2024-09-12,1900-01-01 19:51:44,1,2,31,0,4,19
FIR02667,4,6,12.975692,77.641362,2024-10-03,1900-01-01 06:28:08,2,2,45,2,4,6
FIR02668,0,11,12.956729,77.69702,2026-02-08,1900-01-01 00:46:01,2,2,33,0,3,0
FIR02669,3,8,12.935472,77.627209,2025-05-22,1900-01-01 01:38:28,2,1,34,1,4,1
FIR02670,9,6,12.973856,77.637019,2025-12-25,1900-01-01 22:20:27,1,0,31,0,4,22
FIR02671,7,10,13.007319,77.57361,2026-01-26,1900-01-01 13:00:43,0,2,65,0,1,13
FIR02672,6,4,12.908129,77.64534,2025-12-30,1900-01-01 02:23:11,0,1,36,1,5,2
FIR02673,3,13,12.968239,77.74849,2024-11-29,1900-01-01 23:17:41,2,1,23,1,0,23
FIR02674,9,2,12.924459,77.672104,2025-11-06,1900-01-01 15:35:52,1,1,45,2,4,15
FIR02675,5,9,12.980036,77.601057,2025-06-27,1900-01-01 20:32:15,0,1,59,1,0,20
FIR02676,0,14,13.100843,77.596941,2026-06-16,1900-01-01 22:56:55,2,0,70,2,5,22
FIR02677,9,2,12.924723,77.673106,2024-08-07,1900-01-01 21:49:37,1,1,47,2,6,21
FIR02678,2,11,12.96059,77.693628,2026-03-12,1900-01-01 23:45:49,2,0,28,0,4,23
FIR02679,2,6,12.97427,77.641554,2026-05-24,1900-01-01 13:01:02,2,1,35,1,3,13
FIR02680,9,4,12.910008,77.646438,2025-09-30,1900-01-01 21:51:22,1,1,24,2,5,21
FIR02681,7,9,12.977163,77.603492,2026-03-05,1900-01-01 08:24:06,0,0,54,1,4,8
FIR02682,3,7,12.928364,77.58996,2024-12-30,1900-01-01 09:36:35,2,0,61,2,1,9
FIR02683,6,9,12.97584,77.602479,2024-09-12,1900-01-01 18:45:49,0,0,59,1,4,18
FIR02684,7,9,12.97097,77.601384,2024-09-09,1900-01-01 15:38:54,0,2,23,1,1,15
FIR02685,4,8,12.940093,77.624699,2024-11-13,1900-01-01 22:08:18,2,1,45,0,6,22
FIR02686,0,0,12.914995,77.609802,2024-11-24,1900-01-01 06:42:49,2,2,62,0,3,6
FIR02687,6,7,12.920987,77.591634,2024-07-25,1900-01-01 04:24:02,0,0,66,0,4,4
FIR02688,5,4,12.911494,77.647703,2025-12-10,1900-01-01 05:44:08,0,1,38,0,6,5
FIR02689,1,8,12.936123,77.623208,2026-05-29,1900-01-01 23:39:55,2,1,38,0,0,23
FIR02690,0,13,12.968449,77.75323,2025-08-12,1900-01-01 17:45:47,2,1,47,1,5,17
FIR02691,6,2,12.925375,77.677051,2025-12-07,1900-01-01 13:12:03,0,2,24,1,3,13
FIR02692,7,3,12.837978,77.680027,2025-03-12,1900-01-01 16:36:20,0,2,44,1,6,16
FIR02693,3,3,12.835807,77.674648,2025-01-08,1900-01-01 14:11:32,2,2,26,0,6,14
FIR02694,1,9,12.975378,77.604822,2025-03-14,1900-01-01 10:20:41,2,2,30,1,0,10
FIR02695,7,7,12.926353,77.595263,2025-05-13,1900-01-01 00:28:31,0,2,18,0,5,0
FIR02696,1,9,12.972226,77.608109,2025-05-15,1900-01-01 09:10:02,2,0,42,0,4,9
FIR02697,3,3,12.836584,77.674929,2026-06-16,1900-01-01 01:30:24,2,1,41,2,5,1
FIR02698,7,0,12.920093,77.613759,2025-05-10,1900-01-01 12:02:24,0,1,68,2,2,12
FIR02699,4,3,12.842055,77.673099,2025-10-09,1900-01-01 03:32:18,2,2,26,1,4,3
FIR02700,6,14,13.097701,77.599225,2024-08-05,1900-01-01 11:48:35,0,1,46,2,1,11
FIR02701,9,12,12.98723,77.553742,2025-03-19,1900-01-01 05:52:57,1,2,27,2,6,5
FIR02702,6,12,12.993067,77.552978,2024-12-22,1900-01-01 04:31:23,0,1,65,1,3,4
FIR02703,3,8,12.938426,77.619871,2025-01-25,1900-01-01 19:21:04,2,2,37,1,2,19
FIR02704,1,13,12.969869,77.751615,2025-10-17,1900-01-01 18:51:53,2,2,30,0,0,18
FIR02705,5,10,13.008195,77.572484,2026-03-01,1900-01-01 03:08:04,0,2,52,0,3,3
FIR02706,1,8,12.933934,77.622456,2025-05-13,1900-01-01 13:18:12,2,2,21,1,5,13
FIR02707,3,4,12.916399,77.64255,2024-12-23,1900-01-01 06:06:57,2,2,59,0,1,6
FIR02708,9,10,13.001156,77.568519,2026-04-12,1900-01-01 02:40:52,1,1,58,0,3,2
FIR02709,2,4,12.910691,77.649805,2025-05-29,1900-01-01 23:51:14,2,0,49,0,4,23
FIR02710,1,0,12.915304,77.605305,2025-07-07,1900-01-01 08:04:28,2,0,65,2,1,8
FIR02711,5,5,13.033947,77.601795,2026-07-15,1900-01-01 11:00:37,0,0,40,2,6,11
FIR02712,1,11,12.963813,77.693326,2026-06-09,1900-01-01 12:10:49,2,1,47,1,5,12
FIR02713,8,11,12.959638,77.699955,2026-05-27,1900-01-01 09:39:51,1,2,65,1,6,9
FIR02714,4,0,12.921221,77.609393,2025-12-13,1900-01-01 19:21:19,2,1,42,2,2,19
FIR02715,1,8,12.932103,77.629124,2025-02-20,1900-01-01 08:20:16,2,1,51,0,4,8
FIR02716,6,14,13.101319,77.599193,2025-05-26,1900-01-01 06:57:32,0,2,21,1,1,6
FIR02717,9,2,12.923657,77.677462,2025-07-08,1900-01-01 12:59:39,1,2,44,2,5,12
FIR02718,8,12,12.995979,77.551525,2025-03-27,1900-01-01 02:07:50,1,2,26,1,4,2
FIR02719,6,8,12.937463,77.622008,2024-10-14,1900-01-01 21:25:52,0,2,22,2,1,21
FIR02720,6,13,12.966734,77.753569,2026-01-18,1900-01-01 02:30:27,0,2,67,0,3,2
FIR02721,4,7,12.921426,77.597647,2026-07-01,1900-01-01 04:51:15,2,0,23,2,6,4
FIR02722,1,9,12.98037,77.609351,2026-05-30,1900-01-01 08:11:17,2,0,56,0,2,8
FIR02723,5,12,12.990741,77.553729,2026-07-18,1900-01-01 16:12:32,0,2,63,1,2,16
FIR02724,0,1,12.91626,77.569224,2025-01-11,1900-01-01 01:59:19,2,2,18,2,2,1
FIR02725,8,8,12.93528,77.622812,2024-11-12,1900-01-01 20:24:53,1,0,52,0,5,20
FIR02726,7,1,12.919389,77.57655,2025-06-29,1900-01-01 14:07:22,0,2,28,1,3,14
FIR02727,2,8,12.931926,77.6264,2025-04-02,1900-01-01 07:45:41,2,2,34,2,6,7
FIR02728,0,10,12.999381,77.570566,2025-10-23,1900-01-01 09:59:23,2,2,31,1,4,9
FIR02729,5,8,12.938669,77.626908,2026-03-20,1900-01-01 10:40:22,0,0,30,2,0,10
FIR02730,7,9,12.976003,77.608438,2024-10-15,1900-01-01 12:37:01,0,0,39,1,5,12
FIR02731,9,0,12.914828,77.610055,2025-08-22,1900-01-01 04:09:36,1,1,19,2,0,4
FIR02732,7,5,13.039251,77.59944,2024-11-01,1900-01-01 22:47:06,0,0,41,2,0,22
FIR02733,6,10,13.000515,77.570555,2025-02-15,1900-01-01 05:25:03,0,2,20,2,2,5
FIR02734,2,0,12.911995,77.607527,2025-11-01,1900-01-01 15:49:23,2,2,30,0,2,15
FIR02735,1,10,13.00668,77.568605,2025-06-01,1900-01-01 17:52:46,2,0,31,1,3,17
FIR02736,3,5,13.036693,77.595985,2024-11-21,1900-01-01 17:47:38,2,1,68,2,4,17
FIR02737,9,8,12.939452,77.62605,2025-04-05,1900-01-01 09:10:26,1,1,40,1,2,9
FIR02738,2,10,13.003709,77.569428,2025-01-17,1900-01-01 15:03:55,2,1,65,2,0,15
FIR02739,5,3,12.841159,77.68032,2025-11-20,1900-01-01 18:55:41,0,1,46,2,4,18
FIR02740,6,8,12.933944,77.625073,2024-11-15,1900-01-01 10:35:04,0,0,30,2,0,10
FIR02741,0,3,12.841413,77.680034,2025-08-25,1900-01-01 13:28:55,2,1,68,0,1,13
FIR02742,7,9,12.973488,77.607351,2025-04-14,1900-01-01 17:08:10,0,1,27,0,1,17
FIR02743,9,2,12.926698,77.67192,2026-04-30,1900-01-01 11:24:40,1,2,40,0,4,11
FIR02744,0,7,12.928056,77.594603,2024-08-07,1900-01-01 22:28:59,2,2,35,0,6,22
FIR02745,3,13,12.964936,77.746735,2025-02-10,1900-01-01 11:13:52,2,1,31,1,1,11
FIR02746,5,5,13.039915,77.593215,2026-04-14,1900-01-01 16:28:39,0,1,32,2,5,16
FIR02747,9,5,13.030835,77.592953,2025-04-30,1900-01-01 06:03:39,1,0,26,0,6,6
FIR02748,0,10,13.00531,77.567796,2025-04-01,1900-01-01 11:12:36,2,2,27,2,5,11
FIR02749,8,10,13.00373,77.566102,2026-06-20,1900-01-01 14:19:49,1,1,56,2,2,14
FIR02750,3,6,12.977412,77.642324,2026-04-08,1900-01-01 06:09:22,2,1,55,2,6,6
FIR02751,4,12,12.991561,77.549951,2025-12-24,1900-01-01 02:52:58,2,0,19,1,6,2
FIR02752,3,10,13.002835,77.569616,2026-04-25,1900-01-01 11:39:41,2,2,52,2,2,11
FIR02753,1,13,12.972341,77.749105,2026-06-23,1900-01-01 05:30:04,2,0,32,1,5,5
FIR02754,9,1,12.915058,77.572524,2025-12-27,1900-01-01 20:19:30,1,1,54,1,2,20
FIR02755,7,11,12.959679,77.698437,2025-05-19,1900-01-01 13:48:05,0,1,41,0,1,13
FIR02756,4,12,12.98942,77.557932,2025-02-15,1900-01-01 18:05:26,2,2,45,0,2,18
FIR02757,6,3,12.842124,77.673579,2026-06-21,1900-01-01 09:01:03,0,0,30,2,3,9
FIR02758,2,4,12.908057,77.652271,2025-04-08,1900-01-01 14:31:07,2,2,59,1,5,14
FIR02759,1,12,12.990916,77.555973,2026-02-20,1900-01-01 00:36:54,2,0,62,0,0,0
FIR02760,7,2,12.92503,77.677479,2026-02-08,1900-01-01 18:56:06,0,2,66,2,3,18
FIR02761,4,2,12.923738,77.677133,2025-10-14,1900-01-01 10:32:42,2,2,36,2,5,10
FIR02762,8,12,12.992454,77.55514,2026-05-29,1900-01-01 17:08:32,1,2,37,1,0,17
FIR02763,5,12,12.994176,77.554385,2024-11-17,1900-01-01 11:32:51,0,1,18,0,3,11
FIR02764,4,11,12.95902,77.701455,2026-06-02,1900-01-01 01:31:07,2,2,49,2,5,1
FIR02765,1,2,12.925612,77.675212,2025-09-26,1900-01-01 17:14:45,2,1,44,2,0,17
FIR02766,8,1,12.919992,77.572625,2026-01-18,1900-01-01 11:16:52,1,2,40,0,3,11
FIR02767,6,0,12.91516,77.612199,2025-10-11,1900-01-01 22:03:05,0,1,64,2,2,22
FIR02768,3,3,12.838349,77.680099,2026-06-17,1900-01-01 15:51:02,2,2,70,0,6,15
FIR02769,1,4,12.915135,77.646301,2026-03-21,1900-01-01 20:33:19,2,0,27,2,2,20
FIR02770,3,4,12.907653,77.650521,2025-07-08,1900-01-01 11:33:19,2,2,45,1,5,11
FIR02771,8,14,13.099218,77.598885,2025-06-26,1900-01-01 09:27:17,1,1,52,1,4,9
FIR02772,9,11,12.964041,77.700391,2025-06-18,1900-01-01 07:14:48,1,2,47,2,6,7
FIR02773,9,9,12.976499,77.606821,2025-10-20,1900-01-01 12:32:39,1,0,46,0,1,12
FIR02774,5,2,12.928864,77.673275,2024-11-24,1900-01-01 16:30:20,0,0,61,1,3,16
FIR02775,0,6,12.976055,77.64304,2024-12-27,1900-01-01 22:46:59,2,2,44,0,0,22
FIR02776,8,4,12.909301,77.651898,2026-06-07,1900-01-01 02:50:14,1,0,42,1,3,2
FIR02777,7,2,12.922948,77.673558,2025-12-09,1900-01-01 00:34:11,0,0,29,2,5,0
FIR02778,8,6,12.981145,77.637103,2025-12-15,1900-01-01 06:12:38,1,1,34,1,1,6
FIR02779,7,4,12.916155,77.651367,2026-07-21,1900-01-01 16:58:33,0,1,58,2,5,16
FIR02780,6,12,12.989903,77.55189,2026-06-21,1900-01-01 12:55:11,0,2,59,0,3,12
FIR02781,6,5,13.03536,77.59802,2025-08-23,1900-01-01 17:43:06,0,0,53,1,2,17
FIR02782,5,7,12.9299,77.59305,2026-05-26,1900-01-01 08:12:11,0,1,70,1,5,8
FIR02783,3,0,12.918377,77.615073,2026-03-21,1900-01-01 00:10:56,2,0,30,2,2,0
FIR02784,1,11,12.95699,77.696248,2026-02-25,1900-01-01 19:34:16,2,0,46,0,6,19
FIR02785,5,12,12.992395,77.557078,2026-01-02,1900-01-01 06:27:49,0,1,55,1,0,6
FIR02786,7,0,12.920699,77.605925,2025-02-02,1900-01-01 18:33:50,0,2,36,2,3,18
FIR02787,9,8,12.934099,77.626045,2025-05-16,1900-01-01 15:18:07,1,1,63,0,0,15
FIR02788,7,14,13.099075,77.599685,2025-07-04,1900-01-01 05:33:47,0,2,70,0,0,5
FIR02789,5,12,12.988743,77.555672,2025-08-09,1900-01-01 04:13:24,0,2,67,1,2,4
FIR02790,3,10,13.008272,77.569686,2026-07-16,1900-01-01 04:54:11,2,1,47,1,4,4
FIR02791,8,14,13.103953,77.594369,2025-03-02,1900-01-01 20:22:15,1,2,48,0,3,20
FIR02792,3,4,12.915684,77.645124,2025-09-13,1900-01-01 22:59:13,2,0,53,2,2,22
FIR02793,9,11,12.959422,77.69371,2025-06-29,1900-01-01 06:41:51,1,1,59,2,3,6
FIR02794,5,7,12.922134,77.59846,2025-02-12,1900-01-01 23:14:58,0,1,69,1,6,23
FIR02795,0,4,12.910118,77.647579,2025-12-21,1900-01-01 17:06:52,2,0,44,0,3,17
FIR02796,7,2,12.928993,77.675632,2026-03-04,1900-01-01 18:17:26,0,1,50,0,6,18
FIR02797,4,8,12.938994,77.621809,2024-11-05,1900-01-01 19:17:21,2,1,26,1,5,19
FIR02798,0,3,12.839369,77.677098,2025-03-11,1900-01-01 16:00:14,2,2,21,1,5,16
FIR02799,0,10,13.006684,77.566172,2025-06-18,1900-01-01 21:50:05,2,2,48,2,6,21
FIR02800,7,13,12.974209,77.74583,2025-09-22,1900-01-01 17:42:44,0,2,66,1,1,17
FIR02801,9,7,12.921196,77.597117,2026-07-02,1900-01-01 00:06:44,1,1,57,1,4,0
FIR02802,7,12,12.987283,77.555245,2024-08-14,1900-01-01 22:14:03,0,0,20,0,6,22
FIR02803,3,0,12.913744,77.608333,2026-05-09,1900-01-01 12:51:17,2,1,49,2,2,12
FIR02804,6,11,12.954675,77.693112,2026-06-27,1900-01-01 00:57:58,0,2,21,0,2,0
FIR02805,4,14,13.103235,77.592731,2024-09-15,1900-01-01 08:42:00,2,1,23,1,3,8
FIR02806,9,6,12.979417,77.642044,2025-02-01,1900-01-01 23:09:37,1,0,23,0,2,23
FIR02807,3,14,13.10015,77.596568,2026-05-02,1900-01-01 13:51:31,2,0,69,2,2,13
FIR02808,9,14,13.10025,77.594602,2026-06-07,1900-01-01 20:03:50,1,2,26,1,3,20
FIR02809,7,8,12.939413,77.629433,2025-11-30,1900-01-01 11:39:15,0,1,23,1,3,11
FIR02810,5,12,12.990228,77.556306,2024-07-26,1900-01-01 09:37:28,0,0,61,1,0,9
FIR02811,5,2,12.924841,77.672,2024-10-04,1900-01-01 05:55:44,0,1,28,1,0,5
FIR02812,5,14,13.09934,77.597215,2026-03-15,1900-01-01 14:05:30,0,1,66,1,3,14
FIR02813,9,0,12.912256,77.605736,2026-02-18,1900-01-01 07:11:29,1,1,33,2,6,7
FIR02814,8,6,12.979431,77.636189,2025-01-15,1900-01-01 12:08:58,1,2,18,2,6,12
FIR02815,7,8,12.933758,77.622884,2025-04-15,1900-01-01 03:47:25,0,1,43,0,5,3
FIR02816,1,0,12.918362,77.610066,2025-06-14,1900-01-01 07:43:54,2,1,56,2,2,7
FIR02817,8,1,12.922472,77.574202,2025-07-24,1900-01-01 17:54:46,1,1,70,0,4,17
FIR02818,4,4,12.913157,77.645591,2025-01-07,1900-01-01 03:00:08,2,2,48,2,5,3
FIR02819,1,10,13.000511,77.569677,2025-07-08,1900-01-01 08:18:54,2,1,51,0,5,8
FIR02820,0,2,12.929785,77.67665,2025-01-12,1900-01-01 13:12:21,2,1,21,0,3,13
FIR02821,4,14,13.100421,77.592199,2024-08-02,1900-01-01 10:04:54,2,0,45,0,0,10
FIR02822,9,0,12.919186,77.607613,2024-12-01,1900-01-01 10:08:18,1,1,40,0,3,10
FIR02823,1,6,12.978731,77.638006,2024-09-26,1900-01-01 23:51:42,2,0,38,0,4,23
FIR02824,3,3,12.838055,77.675256,2025-09-13,1900-01-01 02:18:33,2,1,38,2,2,2
FIR02825,3,12,12.990675,77.558896,2026-01-22,1900-01-01 11:20:50,2,0,56,2,4,11
FIR02826,1,3,12.83942,77.678037,2025-06-26,1900-01-01 23:53:45,2,1,45,1,4,23
FIR02827,8,3,12.837383,77.677332,2026-07-13,1900-01-01 13:39:00,1,1,62,0,1,13
FIR02828,2,13,12.970404,77.750601,2025-12-15,1900-01-01 02:21:05,2,1,43,2,1,2
FIR02829,9,12,12.991328,77.551086,2025-04-12,1900-01-01 22:54:34,1,2,67,0,2,22
FIR02830,9,3,12.844443,77.674696,2026-01-13,1900-01-01 16:47:09,1,1,49,1,5,16
FIR02831,0,1,12.916027,77.577863,2026-03-28,1900-01-01 00:16:35,2,1,30,2,2,0
FIR02832,5,9,12.974514,77.601177,2024-12-18,1900-01-01 19:19:15,0,0,33,1,6,19
FIR02833,1,2,12.930184,77.677988,2024-12-16,1900-01-01 01:15:15,2,2,66,0,1,1
FIR02834,2,4,12.912955,77.64558,2025-02-24,1900-01-01 09:46:55,2,0,64,1,1,9
FIR02835,8,1,12.916705,77.57284,2026-06-01,1900-01-01 20:21:55,1,2,60,2,1,20
FIR02836,3,12,12.993876,77.558124,2024-08-14,1900-01-01 01:39:58,2,2,30,1,6,1
FIR02837,5,1,12.917645,77.569943,2025-11-13,1900-01-01 15:04:48,0,0,61,1,4,15
FIR02838,4,6,12.97401,77.638716,2025-08-03,1900-01-01 23:12:08,2,1,53,2,3,23
FIR02839,8,13,12.965665,77.748796,2025-01-30,1900-01-01 05:38:48,1,0,65,1,4,5
FIR02840,7,8,12.939068,77.629222,2026-01-08,1900-01-01 10:25:27,0,0,24,2,4,10
FIR02841,5,1,12.915103,77.57031,2025-02-24,1900-01-01 11:24:58,0,0,20,2,1,11
FIR02842,6,12,12.991466,77.553955,2026-02-22,1900-01-01 04:56:22,0,0,20,2,3,4
FIR02843,3,7,12.926694,77.592318,2025-03-25,1900-01-01 07:27:24,2,1,63,2,5,7
FIR02844,7,10,13.005629,77.565859,2025-11-20,1900-01-01 00:23:29,0,0,26,2,4,0
FIR02845,9,1,12.915367,77.573416,2025-04-26,1900-01-01 22:33:05,1,1,25,0,2,22
FIR02846,3,9,12.972939,77.605591,2025-10-09,1900-01-01 19:43:45,2,1,52,0,4,19
FIR02847,9,14,13.098286,77.598846,2024-10-11,1900-01-01 19:59:51,1,2,47,1,0,19
FIR02848,0,3,12.835149,77.681602,2024-12-27,1900-01-01 04:26:58,2,2,30,2,0,4
FIR02849,0,4,12.916429,77.647308,2024-08-02,1900-01-01 16:05:23,2,1,29,1,0,16
FIR02850,5,1,12.921855,77.571497,2025-09-13,1900-01-01 19:29:34,0,0,20,2,2,19
FIR02851,6,12,12.991756,77.552115,2025-02-21,1900-01-01 03:43:01,0,0,46,2,0,3
FIR02852,8,11,12.958406,77.701273,2025-08-25,1900-01-01 15:54:03,1,2,20,1,1,15
FIR02853,9,4,12.912841,77.646919,2025-08-19,1900-01-01 17:15:19,1,0,37,0,5,17
FIR02854,2,10,13.001778,77.573059,2025-04-01,1900-01-01 22:56:53,2,2,20,0,5,22
FIR02855,1,9,12.976329,77.605287,2026-07-20,1900-01-01 21:55:18,2,2,33,2,1,21
FIR02856,7,9,12.971106,77.603956,2024-10-07,1900-01-01 20:45:28,0,2,46,0,1,20
FIR02857,3,13,12.967983,77.750463,2025-12-21,1900-01-01 14:00:09,2,2,68,0,3,14
FIR02858,1,5,13.040215,77.600838,2025-12-07,1900-01-01 07:06:14,2,1,52,2,3,7
FIR02859,9,13,12.973632,77.7478,2025-12-20,1900-01-01 07:02:16,1,2,61,2,2,7
FIR02860,3,0,12.912805,77.614892,2024-11-21,1900-01-01 00:02:30,2,1,70,2,4,0
FIR02861,5,8,12.939766,77.629027,2025-08-10,1900-01-01 08:32:34,0,2,54,1,3,8
FIR02862,8,14,13.09614,77.600153,2024-08-11,1900-01-01 06:59:25,1,2,64,2,3,6
FIR02863,7,1,12.913737,77.572197,2025-09-22,1900-01-01 01:45:47,0,0,36,1,1,1
FIR02864,4,14,13.104599,77.592055,2025-05-04,1900-01-01 15:55:58,2,2,52,2,3,15
FIR02865,8,12,12.986853,77.55137,2025-07-04,1900-01-01 23:00:50,1,2,43,2,0,23
FIR02866,5,3,12.84002,77.674526,2024-08-13,1900-01-01 21:02:23,0,1,49,1,5,21
FIR02867,5,4,12.914832,77.652191,2025-05-20,1900-01-01 15:18:26,0,0,22,1,5,15
FIR02868,0,8,12.940127,77.627837,2026-05-23,1900-01-01 06:56:38,2,0,69,2,2,6
FIR02869,9,3,12.841079,77.677111,2026-04-06,1900-01-01 20:39:21,1,2,57,2,1,20
FIR02870,3,10,13.002434,77.566481,2026-04-11,1900-01-01 04:49:19,2,2,47,2,2,4
FIR02871,9,3,12.843564,77.67281,2024-08-25,1900-01-01 12:52:32,1,2,70,1,3,12
FIR02872,2,8,12.937418,77.624984,2026-07-23,1900-01-01 15:12:13,2,2,36,1,4,15
FIR02873,0,7,12.920648,77.594007,2024-08-04,1900-01-01 01:40:48,2,0,69,1,3,1
FIR02874,5,9,12.97147,77.603183,2024-08-25,1900-01-01 04:18:30,0,1,68,2,3,4
FIR02875,4,10,13.006051,77.567485,2025-03-02,1900-01-01 13:59:53,2,0,46,0,3,13
FIR02876,2,11,12.957463,77.698347,2024-08-12,1900-01-01 02:55:27,2,0,38,0,1,2
FIR02877,8,1,12.916566,77.573445,2024-12-20,1900-01-01 09:25:02,1,0,55,0,0,9
FIR02878,5,7,12.925493,77.596607,2026-01-17,1900-01-01 11:50:29,0,2,58,1,2,11
FIR02879,9,5,13.032586,77.601465,2026-01-08,1900-01-01 03:18:41,1,1,65,1,4,3
FIR02880,8,14,13.103438,77.599908,2024-11-11,1900-01-01 17:33:34,1,1,28,2,1,17
FIR02881,0,12,12.986813,77.552052,2026-02-05,1900-01-01 07:15:33,2,2,54,2,4,7
FIR02882,4,7,12.920589,77.597366,2024-10-20,1900-01-01 16:21:03,2,1,53,0,3,16
FIR02883,3,4,12.90877,77.643969,2026-04-24,1900-01-01 10:25:16,2,0,32,1,0,10
FIR02884,7,4,12.911979,77.646173,2024-09-13,1900-01-01 13:19:34,0,2,39,0,0,13
FIR02885,8,0,12.917015,77.614452,2026-02-27,1900-01-01 08:38:25,1,1,70,1,0,8
FIR02886,8,0,12.913284,77.609373,2024-07-30,1900-01-01 09:39:48,1,2,54,2,5,9
FIR02887,8,5,13.036308,77.596008,2025-12-09,1900-01-01 23:36:37,1,2,53,0,5,23
FIR02888,2,11,12.961972,77.697512,2026-02-08,1900-01-01 23:22:51,2,0,22,1,3,23
FIR02889,0,2,12.924589,77.678499,2024-09-27,1900-01-01 00:58:54,2,0,57,0,0,0
FIR02890,4,6,12.981535,77.636596,2025-08-26,1900-01-01 22:13:31,2,1,69,2,5,22
FIR02891,2,14,13.102914,77.593189,2026-06-24,1900-01-01 03:10:11,2,1,65,2,6,3
FIR02892,0,0,12.920658,77.608999,2024-11-17,1900-01-01 14:18:34,2,0,68,2,3,14
FIR02893,3,0,12.919886,77.608382,2025-04-11,1900-01-01 22:07:47,2,2,31,2,0,22
FIR02894,9,11,12.963314,77.69554,2026-04-05,1900-01-01 06:52:33,1,2,21,0,3,6
FIR02895,0,0,12.91974,77.608887,2025-08-08,1900-01-01 19:44:50,2,0,49,2,0,19
FIR02896,0,0,12.91415,77.608594,2025-09-27,1900-01-01 04:51:37,2,0,42,2,2,4
FIR02897,1,13,12.969776,77.745023,2024-08-15,1900-01-01 00:55:44,2,2,34,0,4,0
FIR02898,8,9,12.977433,77.607793,2026-07-04,1900-01-01 06:12:10,1,1,45,1,2,6
FIR02899,7,7,12.920364,77.594554,2025-01-29,1900-01-01 22:22:46,0,0,45,1,6,22
FIR02900,1,7,12.920562,77.589,2024-10-30,1900-01-01 21:59:05,2,2,46,0,6,21
FIR02901,0,8,12.934689,77.619666,2025-01-06,1900-01-01 02:34:29,2,1,34,1,1,2
FIR02902,7,3,12.840136,77.673106,2024-11-17,1900-01-01 04:34:34,0,2,40,1,3,4
FIR02903,7,11,12.961164,77.692612,2025-11-28,1900-01-01 19:38:49,0,0,42,1,0,19
FIR02904,2,2,12.928577,77.672506,2025-05-22,1900-01-01 17:25:30,2,1,53,2,4,17
FIR02905,1,14,13.099718,77.59716,2025-09-01,1900-01-01 03:06:52,2,0,41,0,1,3
FIR02906,1,11,12.954698,77.692986,2025-02-07,1900-01-01 20:26:42,2,1,37,1,0,20
FIR02907,3,9,12.979816,77.601203,2024-09-08,1900-01-01 09:10:04,2,2,37,1,3,9
FIR02908,9,7,12.926556,77.589071,2026-01-08,1900-01-01 20:29:12,1,1,50,0,4,20
FIR02909,3,10,13.004304,77.574341,2024-09-02,1900-01-01 18:09:04,2,2,22,0,1,18
FIR02910,7,3,12.844832,77.680627,2025-04-23,1900-01-01 17:18:58,0,2,24,0,6,17
FIR02911,7,5,13.030849,77.593596,2024-12-07,1900-01-01 22:23:55,0,2,36,2,2,22
FIR02912,6,5,13.032534,77.596272,2025-10-29,1900-01-01 19:27:55,0,2,54,1,6,19
FIR02913,0,8,12.931219,77.62286,2025-10-13,1900-01-01 20:51:07,2,1,32,1,1,20
FIR02914,4,2,12.929103,77.673331,2026-01-20,1900-01-01 04:24:28,2,0,57,2,5,4
FIR02915,2,0,12.916585,77.607284,2026-03-22,1900-01-01 13:29:51,2,1,37,1,3,13
FIR02916,0,3,12.844893,77.680791,2026-06-13,1900-01-01 10:53:14,2,2,33,2,2,10
FIR02917,3,2,12.928539,77.672209,2025-12-15,1900-01-01 22:55:18,2,0,31,1,1,22
FIR02918,3,13,12.967501,77.746835,2024-08-08,1900-01-01 03:38:16,2,1,23,0,4,3
FIR02919,4,11,12.955556,77.694534,2025-07-26,1900-01-01 14:48:50,2,1,43,2,2,14
FIR02920,4,3,12.842474,77.678653,2025-03-29,1900-01-01 18:21:44,2,2,46,0,2,18
FIR02921,8,0,12.921462,77.61303,2025-12-01,1900-01-01 20:36:57,1,0,66,2,1,20
FIR02922,4,13,12.967037,77.754432,2026-02-22,1900-01-01 06:23:40,2,2,52,0,3,6
FIR02923,6,7,12.922068,77.591876,2025-02-25,1900-01-01 11:33:18,0,1,60,2,5,11
FIR02924,2,4,12.91449,77.645077,2024-08-14,1900-01-01 18:10:06,2,0,20,0,6,18
FIR02925,3,5,13.033866,77.594275,2024-11-17,1900-01-01 23:55:11,2,2,64,2,3,23
FIR02926,0,2,12.931883,77.67499,2024-11-03,1900-01-01 14:05:36,2,0,28,0,3,14
FIR02927,9,5,13.037196,77.597323,2026-06-21,1900-01-01 10:32:28,1,1,55,2,3,10
FIR02928,4,5,13.039126,77.599594,2026-01-11,1900-01-01 02:14:27,2,2,59,2,3,2
FIR02929,3,0,12.916176,77.606779,2024-07-23,1900-01-01 12:01:40,2,1,68,1,5,12
FIR02930,6,5,13.034188,77.5992,2026-06-07,1900-01-01 21:41:33,0,1,66,2,3,21
FIR02931,9,12,12.991933,77.549717,2025-12-28,1900-01-01 13:11:05,1,0,31,1,3,13
FIR02932,4,3,12.835666,77.672397,2025-03-16,1900-01-01 23:51:13,2,1,35,2,3,23
FIR02933,6,3,12.837729,77.674161,2025-05-20,1900-01-01 01:42:32,0,1,24,1,5,1
FIR02934,5,5,13.040481,77.596258,2025-09-15,1900-01-01 14:32:20,0,0,28,0,1,14
FIR02935,9,5,13.037284,77.597374,2024-07-26,1900-01-01 23:52:23,1,2,44,0,0,23
FIR02936,7,6,12.980758,77.637065,2025-01-01,1900-01-01 00:34:43,0,2,46,1,6,0
FIR02937,4,2,12.927406,77.673831,2025-07-01,1900-01-01 16:04:29,2,1,43,1,5,16
FIR02938,6,4,12.915981,77.644177,2026-03-29,1900-01-01 12:25:40,0,0,55,1,3,12
FIR02939,4,5,13.03652,77.592585,2026-04-19,1900-01-01 19:59:08,2,2,54,2,3,19
FIR02940,5,3,12.835294,77.672869,2025-02-19,1900-01-01 12:13:52,0,1,41,2,6,12
FIR02941,0,2,12.930684,77.671574,2026-01-25,1900-01-01 19:24:16,2,0,50,2,3,19
FIR02942,4,3,12.843889,77.673273,2026-01-06,1900-01-01 03:59:28,2,0,18,2,5,3
FIR02943,0,6,12.974885,77.643715,2024-12-18,1900-01-01 00:23:47,2,1,37,1,6,0
FIR02944,7,1,12.917853,77.572235,2024-10-26,1900-01-01 05:19:09,0,1,43,2,2,5
FIR02945,7,3,12.842991,77.675015,2026-04-20,1900-01-01 10:39:59,0,1,53,1,1,10
FIR02946,9,10,12.999969,77.57087,2026-01-03,1900-01-01 09:27:33,1,0,59,2,2,9
FIR02947,0,4,12.90736,77.649571,2025-09-07,1900-01-01 07:45:43,2,2,61,1,3,7
FIR02948,3,9,12.978934,77.60519,2025-03-26,1900-01-01 22:44:57,2,1,60,2,6,22
FIR02949,9,4,12.911166,77.644281,2025-11-14,1900-01-01 01:02:19,1,1,51,2,0,1
FIR02950,1,14,13.104134,77.60073,2024-08-10,1900-01-01 20:34:47,2,2,39,0,2,20
FIR02951,9,4,12.911441,77.650835,2026-03-13,1900-01-01 09:45:27,1,2,68,0,0,9
FIR02952,4,7,12.923131,77.589537,2025-10-18,1900-01-01 20:58:35,2,1,23,0,2,20
FIR02953,6,12,12.993378,77.552229,2026-07-13,1900-01-01 06:27:53,0,0,18,0,1,6
FIR02954,3,4,12.907608,77.650531,2025-11-17,1900-01-01 14:07:34,2,2,43,2,1,14
FIR02955,7,6,12.977736,77.640887,2025-04-10,1900-01-01 06:21:36,0,1,37,2,4,6
FIR02956,3,0,12.919775,77.611246,2024-08-29,1900-01-01 15:18:36,2,2,57,2,4,15
FIR02957,7,9,12.975698,77.605072,2025-04-28,1900-01-01 04:37:55,0,1,48,2,1,4
FIR02958,6,9,12.976551,77.606947,2024-12-08,1900-01-01 09:01:23,0,1,31,0,3,9
FIR02959,5,3,12.836107,77.675279,2025-07-25,1900-01-01 20:34:15,0,2,29,2,0,20
FIR02960,2,8,12.935566,77.625066,2025-06-30,1900-01-01 04:56:47,2,1,58,0,1,4
FIR02961,7,9,12.980474,77.600668,2026-01-28,1900-01-01 00:30:36,0,0,53,1,6,0
FIR02962,2,7,12.923487,77.598167,2026-05-23,1900-01-01 19:01:09,2,1,47,0,2,19
FIR02963,6,4,12.912534,77.642701,2026-04-07,1900-01-01 22:57:31,0,2,41,2,5,22
FIR02964,3,5,13.031657,77.594442,2026-05-04,1900-01-01 10:59:05,2,0,58,2,1,10
FIR02965,2,11,12.960911,77.697996,2026-03-29,1900-01-01 05:20:46,2,2,58,2,3,5
FIR02966,9,0,12.917146,77.607706,2026-02-15,1900-01-01 20:55:34,1,2,61,2,3,20
FIR02967,1,7,12.925233,77.593807,2026-01-09,1900-01-01 03:19:46,2,2,34,2,0,3
FIR02968,8,7,12.92389,77.593838,2025-05-19,1900-01-01 08:30:10,1,1,46,0,1,8
FIR02969,3,8,12.930339,77.626289,2024-11-08,1900-01-01 02:04:05,2,2,20,2,0,2
FIR02970,3,7,12.92505,77.593055,2026-06-12,1900-01-01 13:47:22,2,0,45,0,0,13
FIR02971,9,12,12.996472,77.559454,2026-03-29,1900-01-01 15:15:54,1,0,67,1,3,15
FIR02972,0,1,12.917199,77.574323,2025-02-08,1900-01-01 16:00:05,2,1,25,0,2,16
FIR02973,5,12,12.989002,77.558836,2025-08-12,1900-01-01 05:47:46,0,1,46,1,5,5
FIR02974,0,8,12.932949,77.628542,2025-04-17,1900-01-01 19:17:00,2,2,36,0,4,19
FIR02975,3,11,12.959184,77.692949,2025-06-04,1900-01-01 15:03:38,2,1,31,2,6,15
FIR02976,9,0,12.912771,77.611725,2025-05-16,1900-01-01 21:10:59,1,1,51,2,0,21
FIR02977,1,3,12.838525,77.681021,2025-05-26,1900-01-01 20:39:43,2,0,23,0,1,20
FIR02978,5,14,13.101071,77.599446,2026-05-15,1900-01-01 09:34:57,0,1,39,1,0,9
FIR02979,1,10,13.000554,77.565905,2025-12-18,1900-01-01 15:33:01,2,0,36,2,4,15
FIR02980,7,2,12.930423,77.677719,2024-11-20,1900-01-01 05:18:14,0,1,47,2,6,5
FIR02981,9,3,12.83591,77.678203,2026-03-02,1900-01-01 14:06:23,1,2,18,2,1,14
FIR02982,3,2,12.925505,77.676063,2026-02-14,1900-01-01 04:49:48,2,2,48,2,2,4
FIR02983,2,2,12.926295,77.673527,2024-09-09,1900-01-01 00:34:50,2,2,21,2,1,0
FIR02984,8,5,13.031831,77.601845,2026-07-03,1900-01-01 20:53:39,1,2,32,0,0,20
FIR02985,3,8,12.931587,77.624119,2025-05-24,1900-01-01 20:26:43,2,1,37,1,2,20
FIR02986,9,12,12.99508,77.558349,2025-09-21,1900-01-01 16:35:25,1,1,66,2,3,16
FIR02987,2,12,12.992436,77.558908,2024-11-25,1900-01-01 12:29:57,2,1,58,2,1,12
FIR02988,3,7,12.924043,77.593189,2026-01-01,1900-01-01 18:45:57,2,1,44,2,4,18
FIR02989,2,10,13.000683,77.570879,2025-05-01,1900-01-01 00:48:50,2,0,64,2,4,0
FIR02990,5,2,12.929062,77.67658,2025-07-10,1900-01-01 10:40:05,0,1,31,0,4,10
FIR02991,7,4,12.91139,77.650749,2026-02-05,1900-01-01 18:36:27,0,1,26,2,4,18
FIR02992,1,10,12.99951,77.568014,2024-07-26,1900-01-01 02:32:57,2,2,28,0,0,2
FIR02993,1,9,12.970945,77.606251,2024-07-29,1900-01-01 17:37:10,2,1,57,1,1,17
FIR02994,2,2,12.930622,77.677744,2026-01-08,1900-01-01 22:47:44,2,1,40,2,4,22
FIR02995,7,12,12.992543,77.55659,2025-08-06,1900-01-01 20:08:34,0,1,47,0,6,20
FIR02996,4,0,12.916656,77.611268,2024-08-30,1900-01-01 01:40:29,2,0,57,1,0,1
FIR02997,7,2,12.92296,77.673966,2026-03-23,1900-01-01 01:50:21,0,0,67,0,1,1
FIR02998,7,8,12.937311,77.62928,2024-09-26,1900-01-01 08:54:01,0,1,40,2,4,8
FIR02999,5,4,12.907678,77.642684,2025-07-22,1900-01-01 05:01:30,0,1,43,1,5,5
FIR03000,2,14,13.100475,77.593557,2025-09-10,1900-01-01 02:16:08,2,0,48,2,6,2
FIR03001,7,14,13.099663,77.591717,2026-06-23,1900-01-01 05:43:16,0,2,30,0,5,5
FIR03002,6,10,13.00661,77.567962,2025-02-09,1900-01-01 13:28:49,0,1,58,2,3,13
FIR03003,3,1,12.918738,77.57813,2025-10-13,1900-01-01 11:28:28,2,2,51,1,1,11
FIR03004,8,9,12.978176,77.600283,2025-10-02,1900-01-01 14:00:07,1,2,68,1,4,14
FIR03005,6,6,12.973571,77.640638,2025-09-18,1900-01-01 18:36:14,0,0,33,2,4,18
FIR03006,3,11,12.95515,77.700715,2026-01-06,1900-01-01 18:43:30,2,2,59,2,5,18
FIR03007,2,7,12.922413,77.591037,2024-10-26,1900-01-01 14:42:47,2,2,55,0,2,14
FIR03008,0,3,12.835061,77.6798,2025-09-03,1900-01-01 06:59:53,2,0,27,0,6,6
FIR03009,7,3,12.843723,77.681426,2025-10-28,1900-01-01 17:25:05,0,0,45,0,5,17
FIR03010,4,0,12.91671,77.608296,2025-06-06,1900-01-01 16:45:41,2,1,61,0,0,16
FIR03011,5,0,12.913809,77.614638,2024-09-25,1900-01-01 10:40:36,0,0,59,1,6,10
FIR03012,0,14,13.102051,77.600177,2025-06-23,1900-01-01 01:35:05,2,1,68,2,1,1
FIR03013,1,5,13.031611,77.596263,2024-09-22,1900-01-01 15:05:46,2,2,36,0,3,15
FIR03014,6,12,12.987624,77.553957,2025-02-25,1900-01-01 23:58:23,0,2,34,1,5,23
FIR03015,1,12,12.988335,77.552387,2024-09-22,1900-01-01 16:39:06,2,1,38,2,3,16
FIR03016,7,13,12.970043,77.745751,2026-02-02,1900-01-01 17:59:31,0,2,28,2,1,17
FIR03017,0,5,13.038311,77.599679,2024-11-20,1900-01-01 22:27:04,2,1,51,0,6,22
FIR03018,8,4,12.910629,77.645071,2026-01-06,1900-01-01 11:30:40,1,2,66,1,5,11
FIR03019,0,1,12.923256,77.571233,2026-03-12,1900-01-01 09:11:32,2,1,29,2,4,9
FIR03020,2,2,12.928616,77.675589,2024-12-22,1900-01-01 03:55:02,2,2,66,0,3,3
FIR03021,7,4,12.9083,77.647582,2025-01-03,1900-01-01 05:35:10,0,2,41,2,0,5
FIR03022,5,2,12.930858,77.676671,2025-01-20,1900-01-01 09:33:12,0,2,52,1,1,9
FIR03023,0,14,13.096905,77.601116,2024-09-27,1900-01-01 23:45:18,2,1,28,0,0,23
FIR03024,9,12,12.992041,77.557851,2025-07-27,1900-01-01 13:06:10,1,2,32,0,3,13
FIR03025,1,3,12.8413,77.678127,2024-10-15,1900-01-01 06:03:48,2,2,53,0,5,6
FIR03026,6,12,12.992481,77.55257,2026-06-04,1900-01-01 19:02:33,0,2,56,1,4,19
FIR03027,5,5,13.033798,77.593421,2024-10-05,1900-01-01 06:45:10,0,0,20,0,2,6
FIR03028,7,14,13.101605,77.600701,2025-06-15,1900-01-01 19:04:36,0,2,24,2,3,19
FIR03029,3,9,12.973376,77.601253,2025-01-22,1900-01-01 12:13:21,2,2,69,0,6,12
FIR03030,8,10,13.006185,77.573272,2024-07-31,1900-01-01 14:43:02,1,1,37,2,6,14
FIR03031,9,13,12.971323,77.752113,2024-12-19,1900-01-01 07:17:23,1,2,37,1,4,7
FIR03032,9,14,13.096423,77.600264,2025-07-20,1900-01-01 15:40:53,1,1,39,2,3,15
FIR03033,0,13,12.966203,77.745427,2025-05-03,1900-01-01 01:58:21,2,1,41,2,2,1
FIR03034,2,12,12.988453,77.555891,2024-12-02,1900-01-01 15:08:57,2,2,22,2,1,15
FIR03035,6,9,12.978947,77.60092,2025-08-09,1900-01-01 16:11:52,0,1,54,2,2,16
FIR03036,7,2,12.932407,77.676247,2025-06-30,1900-01-01 20:44:23,0,2,30,2,1,20
FIR03037,7,10,13.000675,77.572767,2026-07-13,1900-01-01 14:07:53,0,2,28,1,1,14
FIR03038,2,12,12.991543,77.550848,2026-06-26,1900-01-01 04:05:08,2,0,64,0,0,4
FIR03039,1,11,12.956105,77.700389,2025-05-28,1900-01-01 07:47:50,2,2,45,2,6,7
FIR03040,3,13,12.969564,77.751181,2025-02-19,1900-01-01 09:00:01,2,0,41,1,6,9
FIR03041,8,8,12.938934,77.619714,2025-11-17,1900-01-01 20:27:48,1,2,60,1,1,20
FIR03042,6,3,12.844426,77.67875,2025-10-19,1900-01-01 23:42:51,0,2,48,1,3,23
FIR03043,8,12,12.989671,77.551169,2025-09-16,1900-01-01 21:25:42,1,1,64,0,5,21
FIR03044,0,2,12.932081,77.67944,2025-07-22,1900-01-01 04:01:17,2,0,44,1,5,4
FIR03045,8,1,12.922649,77.570227,2026-07-15,1900-01-01 00:36:44,1,2,46,2,6,0
FIR03046,7,3,12.837554,77.67866,2025-07-17,1900-01-01 19:24:00,0,0,18,0,4,19
FIR03047,4,8,12.933776,77.621189,2025-03-11,1900-01-01 20:02:37,2,0,50,0,5,20
FIR03048,6,10,13.003811,77.571769,2025-05-12,1900-01-01 12:37:44,0,1,56,1,1,12
FIR03049,8,3,12.8376,77.680708,2025-03-03,1900-01-01 06:32:38,1,1,68,1,1,6
FIR03050,2,6,12.974691,77.645,2026-02-17,1900-01-01 16:34:24,2,1,27,1,5,16
FIR03051,2,13,12.967918,77.749008,2024-08-15,1900-01-01 23:19:08,2,0,32,1,4,23
FIR03052,4,12,12.99152,77.553218,2025-03-20,1900-01-01 22:59:24,2,1,64,1,4,22
FIR03053,2,0,12.920067,77.608001,2026-03-30,1900-01-01 17:35:21,2,1,21,1,1,17
FIR03054,2,2,12.924194,77.674751,2025-06-15,1900-01-01 21:10:36,2,2,68,0,3,21
FIR03055,6,12,12.990094,77.555517,2025-03-15,1900-01-01 18:58:03,0,1,31,0,2,18
FIR03056,9,6,12.978051,77.63771,2025-11-04,1900-01-01 18:53:55,1,0,60,2,5,18
FIR03057,7,11,12.959524,77.699017,2025-12-28,1900-01-01 22:58:11,0,2,35,2,3,22
FIR03058,5,4,12.915793,77.643255,2024-10-31,1900-01-01 03:27:20,0,0,54,1,4,3
FIR03059,6,0,12.921256,77.607999,2024-09-03,1900-01-01 05:24:28,0,0,63,2,5,5
FIR03060,5,6,12.975729,77.644887,2024-11-03,1900-01-01 18:12:38,0,0,33,2,3,18
FIR03061,4,6,12.974578,77.637469,2024-11-18,1900-01-01 10:35:05,2,2,59,2,1,10
FIR03062,1,8,12.931575,77.627039,2024-11-27,1900-01-01 05:06:10,2,0,34,2,6,5
FIR03063,3,3,12.841692,77.673996,2024-10-02,1900-01-01 11:58:22,2,0,29,1,6,11
FIR03064,3,0,12.920577,77.606745,2025-06-14,1900-01-01 16:04:15,2,2,58,2,2,16
FIR03065,2,4,12.915302,77.64294,2026-06-30,1900-01-01 21:27:05,2,1,60,0,5,21
FIR03066,4,2,12.92426,77.671243,2025-12-07,1900-01-01 02:37:48,2,0,48,1,3,2
FIR03067,4,4,12.907002,77.644402,2026-04-06,1900-01-01 09:13:18,2,1,55,0,1,9
FIR03068,9,1,12.91737,77.569363,2025-08-30,1900-01-01 13:06:58,1,2,43,1,2,13
FIR03069,3,0,12.91734,77.605504,2024-07-30,1900-01-01 18:28:41,2,2,27,2,5,18
FIR03070,0,9,12.976305,77.604168,2024-10-17,1900-01-01 12:51:13,2,0,48,0,4,12
FIR03071,6,7,12.929777,77.59261,2025-03-19,1900-01-01 20:30:26,0,0,67,2,6,20
FIR03072,4,5,13.038881,77.597539,2025-09-03,1900-01-01 09:57:03,2,2,55,1,6,9
FIR03073,6,6,12.976672,77.638179,2025-09-04,1900-01-01 03:41:48,0,0,66,1,4,3
FIR03074,9,0,12.920741,77.614248,2024-08-14,1900-01-01 21:08:43,1,0,28,1,6,21
FIR03075,1,3,12.837559,77.681334,2026-04-06,1900-01-01 07:36:50,2,2,31,2,1,7
FIR03076,5,0,12.911997,77.606436,2025-12-29,1900-01-01 01:48:52,0,0,54,0,1,1
FIR03077,0,13,12.972693,77.751246,2025-06-28,1900-01-01 16:22:53,2,2,40,2,2,16
FIR03078,0,14,13.09785,77.597728,2025-05-01,1900-01-01 14:11:32,2,0,62,1,4,14
FIR03079,0,12,12.990547,77.551689,2024-11-25,1900-01-01 21:19:19,2,0,37,1,1,21
FIR03080,5,11,12.955243,77.696012,2026-01-17,1900-01-01 17:49:58,0,0,70,0,2,17
FIR03081,0,5,13.033353,77.600356,2025-10-25,1900-01-01 03:24:29,2,1,65,1,2,3
FIR03082,4,5,13.038759,77.596522,2025-03-06,1900-01-01 13:47:03,2,0,54,2,4,13
FIR03083,3,7,12.92245,77.588857,2026-01-08,1900-01-01 03:19:51,2,0,41,1,4,3
FIR03084,0,9,12.976616,77.607443,2026-01-21,1900-01-01 00:20:50,2,1,47,0,6,0
FIR03085,7,9,12.979238,77.601698,2025-07-30,1900-01-01 18:08:46,0,1,59,0,6,18
FIR03086,2,13,12.966601,77.749029,2026-07-07,1900-01-01 00:14:28,2,1,55,2,5,0
FIR03087,6,14,13.098277,77.599505,2025-05-06,1900-01-01 11:49:49,0,1,23,1,5,11
FIR03088,5,9,12.970766,77.602387,2025-04-07,1900-01-01 00:40:57,0,2,18,1,1,0
FIR03089,7,0,12.912642,77.610973,2025-11-17,1900-01-01 13:35:46,0,2,69,2,1,13
FIR03090,4,7,12.929407,77.590732,2025-07-15,1900-01-01 02:22:09,2,2,68,1,5,2
FIR03091,9,4,12.909309,77.651627,2024-08-07,1900-01-01 11:13:50,1,0,70,1,6,11
FIR03092,1,4,12.911729,77.645867,2025-12-07,1900-01-01 15:17:04,2,1,36,2,3,15
FIR03093,4,9,12.976252,77.602506,2026-02-10,1900-01-01 17:53:50,2,2,48,1,5,17
FIR03094,0,9,12.97821,77.604975,2025-01-29,1900-01-01 01:44:23,2,1,55,2,6,1
FIR03095,2,13,12.968958,77.752046,2025-08-22,1900-01-01 03:59:47,2,0,43,1,0,3
FIR03096,5,1,12.91405,77.576201,2024-09-08,1900-01-01 21:34:58,0,2,25,0,3,21
FIR03097,0,13,12.9665,77.751155,2024-08-17,1900-01-01 01:58:29,2,0,49,0,2,1
FIR03098,3,2,12.92609,77.67396,2026-03-17,1900-01-01 23:46:25,2,0,60,1,5,23
FIR03099,6,8,12.938524,77.620159,2025-02-21,1900-01-01 17:12:54,0,1,53,1,0,17
FIR03100,1,2,12.923667,77.673753,2026-01-19,1900-01-01 23:36:13,2,0,19,2,1,23
FIR03101,3,13,12.965657,77.746577,2025-10-20,1900-01-01 02:54:26,2,1,31,0,1,2
FIR03102,6,2,12.926259,77.680046,2025-03-08,1900-01-01 00:02:37,0,0,64,1,2,0
FIR03103,9,1,12.920341,77.575058,2025-07-20,1900-01-01 06:14:48,1,2,25,2,3,6
FIR03104,0,0,12.912693,77.607395,2025-11-30,1900-01-01 13:34:21,2,2,63,1,3,13
FIR03105,9,14,13.097213,77.596231,2024-11-03,1900-01-01 10:04:38,1,0,24,2,3,10
FIR03106,3,12,12.988359,77.559267,2026-01-09,1900-01-01 20:22:20,2,0,63,0,0,20
FIR03107,2,13,12.969592,77.754623,2025-12-05,1900-01-01 15:29:19,2,1,52,0,0,15
FIR03108,7,10,13.004709,77.572419,2025-11-26,1900-01-01 07:12:45,0,2,47,2,6,7
FIR03109,6,4,12.91364,77.646699,2026-01-25,1900-01-01 05:54:41,0,1,18,2,3,5
FIR03110,7,11,12.957979,77.699467,2024-10-08,1900-01-01 06:49:26,0,1,27,1,5,6
FIR03111,0,10,13.003312,77.568115,2025-02-06,1900-01-01 08:13:48,2,0,67,1,4,8
FIR03112,0,1,12.920334,77.578361,2026-07-03,1900-01-01 00:09:48,2,1,49,2,0,0
FIR03113,2,10,13.002412,77.57397,2025-02-22,1900-01-01 04:25:16,2,0,47,0,2,4
FIR03114,2,12,12.987148,77.550885,2025-10-30,1900-01-01 15:47:26,2,0,43,2,4,15
FIR03115,4,7,12.924943,77.592203,2026-01-23,1900-01-01 19:47:14,2,2,33,2,0,19
FIR03116,7,1,12.920929,77.568776,2025-11-18,1900-01-01 06:00:40,0,0,67,1,5,6
FIR03117,7,10,13.006095,77.566893,2025-01-20,1900-01-01 02:52:10,0,1,18,0,1,2
FIR03118,9,9,12.972046,77.60455,2026-02-11,1900-01-01 00:06:37,1,1,50,2,6,0
FIR03119,6,10,13.000366,77.571513,2025-08-05,1900-01-01 21:21:16,0,2,43,0,5,21
FIR03120,5,11,12.961128,77.698153,2025-03-29,1900-01-01 21:49:32,0,0,23,1,2,21
FIR03121,4,1,12.914398,77.569706,2024-12-22,1900-01-01 19:41:21,2,1,19,2,3,19
FIR03122,7,5,13.032414,77.600474,2024-07-29,1900-01-01 13:05:53,0,2,62,0,1,13
FIR03123,1,0,12.917191,77.613622,2024-12-28,1900-01-01 03:25:53,2,2,38,2,2,3
FIR03124,3,8,12.934942,77.625221,2025-04-30,1900-01-01 17:26:00,2,2,50,2,6,17
FIR03125,6,1,12.91586,77.577032,2026-01-14,1900-01-01 18:22:50,0,0,21,2,6,18
FIR03126,1,6,12.983047,77.645311,2026-01-27,1900-01-01 16:57:35,2,0,30,0,5,16
FIR03127,2,14,13.0987,77.596798,2024-11-15,1900-01-01 09:58:07,2,1,37,2,0,9
FIR03128,9,6,12.979891,77.640798,2026-01-22,1900-01-01 15:49:27,1,2,62,1,4,15
FIR03129,7,4,12.9134,77.642655,2025-06-20,1900-01-01 07:59:43,0,0,35,0,0,7
FIR03130,3,9,12.978068,77.600469,2025-12-17,1900-01-01 10:02:58,2,2,66,2,6,10
FIR03131,7,5,13.038605,77.593708,2024-07-23,1900-01-01 04:54:47,0,0,50,2,5,4
FIR03132,0,5,13.038617,77.594317,2026-06-17,1900-01-01 21:51:41,2,1,30,2,6,21
FIR03133,1,0,12.914795,77.607154,2025-05-03,1900-01-01 09:34:58,2,0,50,0,2,9
FIR03134,4,0,12.913779,77.60949,2025-02-25,1900-01-01 02:43:39,2,1,35,2,5,2
FIR03135,9,11,12.955601,77.694584,2024-11-28,1900-01-01 19:55:23,1,0,60,2,4,19
FIR03136,4,9,12.975277,77.602616,2025-06-18,1900-01-01 00:35:46,2,2,65,2,6,0
FIR03137,7,13,12.970188,77.747577,2025-07-10,1900-01-01 11:17:59,0,0,22,1,4,11
FIR03138,4,10,13.006353,77.57116,2024-12-30,1900-01-01 23:18:15,2,0,47,2,1,23
FIR03139,8,8,12.930273,77.621931,2026-05-27,1900-01-01 16:40:13,1,2,36,1,6,16
FIR03140,0,11,12.959876,77.696656,2025-02-27,1900-01-01 23:13:31,2,1,66,2,4,23
FIR03141,3,1,12.914046,77.576189,2026-01-04,1900-01-01 08:25:39,2,1,29,1,3,8
FIR03142,4,2,12.926579,77.680294,2025-05-25,1900-01-01 07:54:34,2,1,33,2,3,7
FIR03143,1,2,12.928365,77.671817,2025-03-31,1900-01-01 17:31:02,2,1,55,1,1,17
FIR03144,1,12,12.9937,77.556589,2024-09-21,1900-01-01 05:08:30,2,0,52,1,2,5
FIR03145,9,0,12.91393,77.610586,2024-08-14,1900-01-01 09:11:32,1,2,34,0,6,9
FIR03146,1,2,12.932197,77.676276,2025-12-01,1900-01-01 00:02:29,2,0,39,0,1,0
FIR03147,4,1,12.916679,77.574936,2026-03-04,1900-01-01 20:25:13,2,0,28,2,6,20
FIR03148,6,11,12.958538,77.697791,2026-02-27,1900-01-01 04:18:51,0,1,35,1,0,4
FIR03149,1,3,12.839122,77.677002,2024-11-27,1900-01-01 16:18:24,2,0,55,1,6,16
FIR03150,5,8,12.939142,77.624984,2024-12-05,1900-01-01 17:43:16,0,0,19,2,4,17
FIR03151,5,1,12.921429,77.573085,2026-04-25,1900-01-01 03:02:56,0,1,30,0,2,3
FIR03152,0,10,13.006153,77.568194,2026-06-02,1900-01-01 07:17:07,2,1,39,2,5,7
FIR03153,1,11,12.959896,77.699276,2025-10-25,1900-01-01 15:15:44,2,0,36,2,2,15
FIR03154,4,14,13.102583,77.598044,2025-09-27,1900-01-01 05:19:22,2,2,26,2,2,5
FIR03155,4,3,12.83738,77.674761,2025-10-16,1900-01-01 13:41:40,2,0,27,1,4,13
FIR03156,4,9,12.974411,77.609882,2024-12-24,1900-01-01 09:30:37,2,1,54,1,5,9
FIR03157,1,10,13.005831,77.572135,2026-04-29,1900-01-01 13:15:08,2,2,66,1,6,13
FIR03158,4,9,12.973264,77.603729,2025-06-13,1900-01-01 07:39:56,2,1,30,2,0,7
FIR03159,2,1,12.921425,77.574348,2025-12-08,1900-01-01 03:26:05,2,1,63,1,1,3
FIR03160,8,12,12.99266,77.555469,2026-03-24,1900-01-01 17:12:12,1,1,36,0,5,17
FIR03161,0,2,12.929427,77.6713,2025-01-10,1900-01-01 04:08:41,2,2,63,0,0,4
FIR03162,1,12,12.994805,77.552288,2024-08-11,1900-01-01 01:30:47,2,2,38,0,3,1
FIR03163,2,8,12.932223,77.626822,2025-04-07,1900-01-01 02:22:50,2,2,62,2,1,2
FIR03164,7,0,12.917805,77.613494,2025-07-24,1900-01-01 03:10:14,0,1,21,1,4,3
FIR03165,7,4,12.915278,77.651561,2025-08-14,1900-01-01 09:07:33,0,1,42,2,4,9
FIR03166,0,3,12.844471,77.681144,2026-03-20,1900-01-01 14:39:53,2,0,63,0,0,14
FIR03167,8,7,12.929644,77.59198,2026-01-03,1900-01-01 12:52:43,1,0,36,1,2,12
FIR03168,4,14,13.099873,77.594468,2024-10-12,1900-01-01 08:39:50,2,0,27,0,2,8
FIR03169,7,0,12.91829,77.613991,2024-08-12,1900-01-01 16:40:43,0,1,40,1,1,16
FIR03170,7,14,13.103757,77.599942,2026-05-17,1900-01-01 04:04:01,0,2,49,0,3,4
FIR03171,7,13,12.96837,77.753891,2025-11-16,1900-01-01 03:00:57,0,1,40,0,3,3
FIR03172,3,11,12.959269,77.69481,2026-07-20,1900-01-01 20:20:58,2,2,39,0,1,20
FIR03173,9,4,12.909182,77.646101,2024-11-21,1900-01-01 15:07:36,1,1,62,1,4,15
FIR03174,4,14,13.098805,77.594878,2026-06-20,1900-01-01 10:31:52,2,1,31,1,2,10
FIR03175,7,5,13.03757,77.59693,2026-06-20,1900-01-01 15:29:03,0,0,34,2,2,15
FIR03176,1,4,12.909066,77.647729,2025-08-11,1900-01-01 23:37:40,2,2,58,2,1,23
FIR03177,1,9,12.979783,77.604596,2025-10-11,1900-01-01 03:51:36,2,0,35,0,2,3
FIR03178,6,9,12.97814,77.605103,2025-06-21,1900-01-01 00:32:45,0,1,63,1,2,0
FIR03179,9,5,13.031788,77.595131,2025-01-05,1900-01-01 00:35:04,1,1,31,2,3,0
FIR03180,8,12,12.987266,77.553382,2024-11-25,1900-01-01 14:24:35,1,1,53,0,1,14
FIR03181,7,4,12.909297,77.646977,2025-11-04,1900-01-01 16:18:02,0,0,38,1,5,16
FIR03182,1,9,12.976065,77.609547,2024-11-02,1900-01-01 02:56:40,2,0,64,2,2,2
FIR03183,0,4,12.909962,77.648134,2026-06-25,1900-01-01 14:40:55,2,2,60,1,4,14
FIR03184,0,10,13.000249,77.566574,2025-02-20,1900-01-01 09:26:52,2,1,31,0,4,9
FIR03185,0,4,12.906707,77.650248,2024-11-18,1900-01-01 15:11:17,2,0,30,2,1,15
FIR03186,5,10,13.008244,77.566212,2025-04-01,1900-01-01 21:58:51,0,1,63,2,5,21
FIR03187,8,5,13.033247,77.60147,2025-07-20,1900-01-01 22:31:59,1,2,18,0,3,22
FIR03188,9,3,12.836381,77.680616,2025-03-26,1900-01-01 09:49:35,1,0,66,0,6,9
FIR03189,5,11,12.963738,77.694952,2026-02-27,1900-01-01 10:23:35,0,2,56,1,0,10
FIR03190,0,13,12.971959,77.745503,2026-01-04,1900-01-01 14:39:54,2,2,27,0,3,14
FIR03191,4,10,13.00456,77.573629,2026-03-03,1900-01-01 00:18:42,2,0,47,1,5,0
FIR03192,6,13,12.967883,77.749554,2024-10-15,1900-01-01 04:01:50,0,1,64,1,5,4
FIR03193,4,11,12.962323,77.694232,2025-10-23,1900-01-01 13:12:29,2,0,44,2,4,13
FIR03194,5,6,12.979685,77.644184,2024-09-17,1900-01-01 23:04:08,0,0,57,1,5,23
FIR03195,5,3,12.844525,77.680176,2025-02-16,1900-01-01 02:35:50,0,0,48,2,3,2
FIR03196,8,2,12.926656,77.673425,2025-06-11,1900-01-01 00:49:22,1,0,42,1,6,0
FIR03197,5,0,12.917297,77.61191,2024-10-16,1900-01-01 19:15:15,0,1,27,2,6,19
FIR03198,2,13,12.967448,77.749122,2025-07-20,1900-01-01 17:45:02,2,2,32,1,3,17
FIR03199,1,8,12.939852,77.625541,2025-01-12,1900-01-01 01:08:59,2,2,18,1,3,1
FIR03200,9,2,12.925669,77.671342,2026-05-02,1900-01-01 14:37:47,1,1,68,1,2,14
FIR03201,5,0,12.917388,77.611948,2025-08-27,1900-01-01 20:58:00,0,0,52,2,6,20
FIR03202,9,14,13.098973,77.596008,2025-12-11,1900-01-01 07:15:34,1,2,40,1,4,7
FIR03203,1,14,13.102211,77.598516,2024-10-16,1900-01-01 12:26:59,2,2,58,1,6,12
FIR03204,8,3,12.83565,77.674722,2025-02-05,1900-01-01 02:17:14,1,0,46,2,6,2
FIR03205,1,9,12.975456,77.601631,2025-01-31,1900-01-01 22:01:50,2,0,35,1,0,22
FIR03206,1,12,12.993145,77.552166,2025-12-23,1900-01-01 13:56:45,2,1,64,1,5,13
FIR03207,4,7,12.92125,77.597371,2025-06-28,1900-01-01 21:14:16,2,2,33,1,2,21
FIR03208,8,1,12.914543,77.574797,2026-04-01,1900-01-01 17:14:23,1,0,62,1,6,17
FIR03209,9,7,12.929829,77.596725,2026-05-12,1900-01-01 07:25:30,1,1,70,0,5,7
FIR03210,4,13,12.973058,77.75057,2025-05-22,1900-01-01 23:24:01,2,1,20,2,4,23
FIR03211,1,6,12.97466,77.639569,2024-09-23,1900-01-01 23:45:25,2,0,48,2,1,23
FIR03212,5,13,12.968851,77.7519,2026-02-24,1900-01-01 04:37:33,0,2,43,0,5,4
FIR03213,8,6,12.979134,77.643915,2024-11-25,1900-01-01 20:21:36,1,2,48,2,1,20
FIR03214,0,4,12.912025,77.646522,2024-07-29,1900-01-01 06:38:48,2,1,62,0,1,6
FIR03215,5,4,12.907594,77.647195,2025-01-10,1900-01-01 20:26:59,0,1,39,0,0,20
FIR03216,7,2,12.923795,77.676752,2026-05-13,1900-01-01 20:25:29,0,0,24,1,6,20
FIR03217,7,9,12.975256,77.600286,2024-12-10,1900-01-01 13:36:15,0,2,51,0,5,13
FIR03218,7,1,12.920175,77.572376,2026-02-11,1900-01-01 01:35:49,0,2,56,2,6,1
FIR03219,7,11,12.955044,77.692442,2026-01-02,1900-01-01 00:28:17,0,2,58,2,0,0
FIR03220,0,14,13.101004,77.595937,2024-09-29,1900-01-01 01:02:07,2,0,47,1,3,1
FIR03221,1,5,13.036133,77.596157,2024-08-15,1900-01-01 05:31:22,2,1,45,2,4,5
FIR03222,3,2,12.926106,77.675708,2025-04-17,1900-01-01 14:17:43,2,0,43,1,4,14
FIR03223,5,14,13.096282,77.592232,2025-11-26,1900-01-01 01:14:39,0,2,57,0,6,1
FIR03224,6,3,12.841334,77.675258,2025-01-10,1900-01-01 02:31:51,0,0,25,2,0,2
FIR03225,4,4,12.907015,77.648812,2025-09-12,1900-01-01 14:57:50,2,0,19,1,0,14
FIR03226,6,6,12.973534,77.636252,2025-07-16,1900-01-01 05:44:33,0,1,43,0,6,5
FIR03227,4,13,12.968045,77.752944,2024-11-17,1900-01-01 14:37:03,2,1,31,1,3,14
FIR03228,1,3,12.840532,77.675686,2026-03-11,1900-01-01 06:27:10,2,0,31,0,6,6
FIR03229,0,5,13.039488,77.597558,2026-05-26,1900-01-01 17:31:24,2,0,62,2,5,17
FIR03230,1,1,12.916715,77.573684,2025-01-17,1900-01-01 22:15:21,2,1,47,2,0,22
FIR03231,3,5,13.038389,77.598363,2026-03-20,1900-01-01 19:29:06,2,0,58,1,0,19
FIR03232,6,13,12.971996,77.746769,2024-08-15,1900-01-01 14:41:10,0,1,63,0,4,14
FIR03233,8,6,12.975399,77.639114,2025-11-21,1900-01-01 01:49:38,1,2,54,0,0,1
FIR03234,9,3,12.842024,77.674828,2024-09-20,1900-01-01 04:49:15,1,0,25,1,0,4
FIR03235,5,3,12.83549,77.67282,2025-08-16,1900-01-01 04:45:23,0,0,55,2,2,4
FIR03236,4,12,12.99443,77.553998,2024-10-01,1900-01-01 13:59:45,2,1,55,1,5,13
FIR03237,8,1,12.922211,77.568741,2025-05-09,1900-01-01 21:11:02,1,2,57,0,0,21
FIR03238,9,9,12.97499,77.600698,2026-05-26,1900-01-01 14:25:43,1,0,32,1,5,14
FIR03239,0,5,13.039202,77.59469,2024-12-25,1900-01-01 15:10:26,2,2,65,0,6,15
FIR03240,0,10,13.006014,77.5704,2024-11-29,1900-01-01 21:57:09,2,1,49,0,0,21
FIR03241,7,8,12.940125,77.623265,2026-04-23,1900-01-01 02:16:45,0,2,36,0,4,2
FIR03242,9,5,13.035867,77.595576,2024-11-17,1900-01-01 19:07:42,1,0,30,2,3,19
FIR03243,4,4,12.912233,77.643366,2025-08-19,1900-01-01 13:52:22,2,0,27,1,5,13
FIR03244,4,14,13.104498,77.592709,2025-03-17,1900-01-01 00:11:33,2,0,55,0,1,0
FIR03245,0,13,12.965387,77.745822,2025-08-07,1900-01-01 07:59:38,2,1,54,0,4,7
FIR03246,1,3,12.84294,77.679026,2026-07-11,1900-01-01 08:34:32,2,0,19,1,2,8
FIR03247,9,5,13.036194,77.598856,2024-08-26,1900-01-01 08:14:53,1,1,70,1,1,8
FIR03248,1,14,13.105136,77.59684,2025-12-05,1900-01-01 10:27:17,2,2,62,0,0,10
FIR03249,2,8,12.931326,77.626606,2025-10-13,1900-01-01 05:42:37,2,0,45,2,1,5
FIR03250,1,14,13.099802,77.597463,2025-01-01,1900-01-01 01:16:45,2,0,34,1,6,1
FIR03251,6,0,12.919418,77.605538,2026-04-01,1900-01-01 03:07:13,0,1,48,0,6,3
FIR03252,9,0,12.919744,77.614561,2026-07-02,1900-01-01 10:47:43,1,0,36,1,4,10
FIR03253,1,3,12.839078,77.68068,2025-09-07,1900-01-01 15:21:38,2,2,41,0,3,15
FIR03254,2,8,12.939506,77.619607,2026-06-05,1900-01-01 18:49:48,2,0,65,2,0,18
FIR03255,3,11,12.955447,77.694948,2025-11-09,1900-01-01 05:05:10,2,2,34,0,3,5
FIR03256,5,8,12.936595,77.628598,2025-03-23,1900-01-01 13:58:25,0,2,69,2,3,13
FIR03257,4,7,12.925327,77.59793,2024-11-08,1900-01-01 01:43:42,2,2,66,0,0,1
FIR03258,8,11,12.963096,77.693713,2024-07-30,1900-01-01 15:49:06,1,1,37,2,5,15
FIR03259,0,14,13.097033,77.594991,2025-08-16,1900-01-01 20:04:51,2,0,29,2,2,20
FIR03260,9,11,12.955973,77.692421,2024-10-02,1900-01-01 12:04:21,1,2,66,2,6,12
FIR03261,6,14,13.096317,77.593521,2025-06-16,1900-01-01 18:49:15,0,1,22,0,1,18
FIR03262,4,4,12.915942,77.650989,2025-08-25,1900-01-01 10:05:35,2,2,58,1,1,10
FIR03263,5,9,12.978643,77.603181,2026-07-04,1900-01-01 08:22:45,0,0,20,0,2,8
FIR03264,4,11,12.963989,77.699481,2024-12-20,1900-01-01 07:38:42,2,0,64,0,0,7
FIR03265,2,0,12.913864,77.614949,2025-12-19,1900-01-01 23:40:52,2,2,51,1,0,23
FIR03266,6,14,13.098751,77.595433,2025-09-22,1900-01-01 16:52:16,0,1,19,0,1,16
FIR03267,0,13,12.970773,77.749644,2024-08-16,1900-01-01 10:29:17,2,1,37,2,0,10
FIR03268,7,13,12.974371,77.75344,2025-01-12,1900-01-01 03:12:11,0,1,66,0,3,3
FIR03269,5,2,12.92911,77.679227,2026-06-25,1900-01-01 04:03:43,0,2,67,2,4,4
FIR03270,5,8,12.935976,77.623527,2026-02-23,1900-01-01 16:00:41,0,2,50,2,1,16
FIR03271,3,2,12.932846,77.680778,2025-02-04,1900-01-01 20:56:06,2,0,40,0,5,20
FIR03272,8,11,12.960994,77.700555,2025-10-23,1900-01-01 11:58:37,1,1,63,1,4,11
FIR03273,7,4,12.913766,77.644658,2026-03-01,1900-01-01 17:42:28,0,1,23,0,3,17
FIR03274,3,8,12.935823,77.621843,2024-09-13,1900-01-01 05:01:34,2,2,68,0,0,5
FIR03275,4,12,12.993695,77.55533,2024-09-05,1900-01-01 12:36:41,2,2,34,0,4,12
FIR03276,0,12,12.988029,77.554782,2026-01-02,1900-01-01 12:28:51,2,0,58,1,0,12
FIR03277,9,3,12.838773,77.672608,2026-03-04,1900-01-01 16:35:27,1,0,32,2,6,16
FIR03278,1,9,12.978638,77.601496,2026-05-21,1900-01-01 15:51:10,2,2,40,1,4,15
FIR03279,3,6,12.97651,77.640263,2025-07-14,1900-01-01 16:51:55,2,1,67,1,1,16
FIR03280,1,11,12.959595,77.695791,2025-07-01,1900-01-01 09:51:57,2,2,40,2,5,9
FIR03281,4,10,12.999618,77.56968,2025-03-19,1900-01-01 09:06:54,2,2,29,1,6,9
FIR03282,9,4,12.910899,77.64589,2026-04-19,1900-01-01 10:52:56,1,2,24,2,3,10
FIR03283,7,9,12.980348,77.602833,2025-06-05,1900-01-01 17:43:02,0,2,67,2,4,17
FIR03284,8,0,12.917642,77.606115,2025-01-20,1900-01-01 20:18:53,1,1,53,0,1,20
FIR03285,5,3,12.838765,77.677405,2024-11-19,1900-01-01 17:09:39,0,1,46,2,5,17
FIR03286,2,1,12.916434,77.575709,2026-01-18,1900-01-01 03:05:20,2,1,31,2,3,3
FIR03287,1,12,12.996321,77.55601,2026-03-17,1900-01-01 01:37:24,2,1,37,1,5,1
FIR03288,7,8,12.932326,77.627823,2025-10-31,1900-01-01 11:32:43,0,0,47,0,0,11
FIR03289,4,1,12.922174,77.576933,2026-06-06,1900-01-01 03:25:18,2,0,37,1,2,3
FIR03290,5,4,12.909592,77.650969,2024-11-05,1900-01-01 02:46:15,0,2,38,2,5,2
FIR03291,9,4,12.909999,77.649424,2026-02-27,1900-01-01 03:09:46,1,2,36,0,0,3
FIR03292,2,5,13.038242,77.599205,2025-11-21,1900-01-01 18:36:11,2,1,32,0,0,18
FIR03293,7,10,13.007708,77.567181,2024-11-06,1900-01-01 04:47:18,0,0,69,1,6,4
FIR03294,0,11,12.956108,77.701374,2025-12-11,1900-01-01 03:31:51,2,2,30,1,4,3
FIR03295,4,9,12.971022,77.605784,2025-08-19,1900-01-01 01:26:48,2,1,69,1,5,1
FIR03296,5,11,12.956502,77.694828,2026-03-09,1900-01-01 21:55:16,0,2,65,2,1,21
FIR03297,3,13,12.971448,77.75013,2024-12-20,1900-01-01 06:46:50,2,0,41,2,0,6
FIR03298,9,5,13.03634,77.595914,2024-09-29,1900-01-01 00:24:26,1,1,60,2,3,0
FIR03299,4,3,12.844383,77.677046,2025-08-27,1900-01-01 16:56:18,2,1,56,2,6,16
FIR03300,1,13,12.974113,77.749862,2025-07-29,1900-01-01 17:57:03,2,2,47,0,5,17
FIR03301,6,0,12.917581,77.607854,2025-05-05,1900-01-01 07:00:12,0,1,65,1,1,7
FIR03302,8,4,12.91049,77.652116,2026-02-20,1900-01-01 19:19:56,1,1,47,2,0,19
FIR03303,1,1,12.922557,77.576413,2025-06-22,1900-01-01 08:27:04,2,0,51,0,3,8
FIR03304,4,7,12.929987,77.597433,2026-06-20,1900-01-01 06:50:09,2,1,38,0,2,6
FIR03305,9,8,12.932132,77.621432,2024-12-28,1900-01-01 04:00:11,1,0,69,2,2,4
FIR03306,8,10,13.006443,77.569029,2026-01-20,1900-01-01 08:47:05,1,1,56,1,5,8
FIR03307,8,13,12.973806,77.750083,2025-07-30,1900-01-01 03:09:08,1,0,24,1,6,3
FIR03308,2,0,12.920821,77.611099,2026-01-23,1900-01-01 15:53:25,2,2,29,2,0,15
FIR03309,5,14,13.096613,77.592003,2024-08-22,1900-01-01 23:30:19,0,1,62,2,4,23
FIR03310,1,11,12.960818,77.694931,2025-02-05,1900-01-01 06:39:59,2,0,59,0,6,6
FIR03311,9,1,12.922865,77.573427,2024-10-11,1900-01-01 20:28:46,1,2,28,0,0,20
FIR03312,8,6,12.974461,77.637811,2024-08-10,1900-01-01 06:31:02,1,1,66,1,2,6
FIR03313,2,9,12.974542,77.605592,2025-10-13,1900-01-01 07:52:13,2,0,52,2,1,7
FIR03314,3,11,12.964072,77.692891,2025-06-22,1900-01-01 09:46:45,2,1,55,2,3,9
FIR03315,7,4,12.913072,77.650722,2025-02-18,1900-01-01 15:54:12,0,1,45,0,5,15
FIR03316,3,0,12.911768,77.61185,2026-01-29,1900-01-01 10:09:34,2,2,36,2,4,10
FIR03317,4,12,12.986881,77.558108,2025-09-23,1900-01-01 11:29:04,2,2,69,0,5,11
FIR03318,7,7,12.929362,77.59279,2026-06-21,1900-01-01 22:57:22,0,2,32,1,3,22
FIR03319,8,2,12.930146,77.677835,2025-05-19,1900-01-01 15:22:15,1,1,40,1,1,15
FIR03320,0,9,12.978972,77.605064,2025-03-24,1900-01-01 11:23:11,2,2,37,1,1,11
FIR03321,8,3,12.836983,77.677531,2025-05-18,1900-01-01 11:05:22,1,1,20,1,3,11
FIR03322,7,10,13.002705,77.568,2026-03-26,1900-01-01 14:15:23,0,1,23,1,4,14
FIR03323,1,0,12.912501,77.60871,2025-05-02,1900-01-01 10:44:02,2,0,48,2,0,10
FIR03324,9,2,12.931241,77.67143,2025-07-26,1900-01-01 07:01:57,1,1,70,0,2,7
FIR03325,0,0,12.916568,77.612224,2026-04-08,1900-01-01 07:04:39,2,1,61,2,6,7
FIR03326,8,6,12.974765,77.64244,2026-03-19,1900-01-01 18:52:02,1,0,67,2,4,18
FIR03327,5,12,12.987296,77.553199,2025-09-29,1900-01-01 11:04:08,0,2,22,0,1,11
FIR03328,3,3,12.842413,77.680081,2026-04-26,1900-01-01 10:50:02,2,0,34,1,3,10
FIR03329,2,11,12.955512,77.692819,2025-10-17,1900-01-01 11:44:58,2,0,63,2,0,11
FIR03330,0,9,12.972489,77.606235,2025-07-12,1900-01-01 13:56:02,2,1,69,1,2,13
FIR03331,5,13,12.966693,77.753431,2025-08-23,1900-01-01 07:11:55,0,0,56,2,2,7
FIR03332,4,12,12.995032,77.549544,2024-11-15,1900-01-01 05:37:09,2,2,58,1,0,5
FIR03333,5,8,12.933207,77.621418,2024-12-21,1900-01-01 15:17:57,0,0,52,0,2,15
FIR03334,7,6,12.97675,77.642867,2025-09-21,1900-01-01 23:26:51,0,2,36,1,3,23
FIR03335,8,5,13.036144,77.592134,2024-09-14,1900-01-01 18:17:06,1,0,59,2,2,18
FIR03336,8,3,12.844615,77.673505,2026-02-20,1900-01-01 04:02:32,1,0,32,1,0,4
FIR03337,3,0,12.918674,77.613288,2024-08-29,1900-01-01 11:04:42,2,2,67,1,4,11
FIR03338,0,11,12.959417,77.695262,2025-05-29,1900-01-01 02:01:10,2,0,45,1,4,2
FIR03339,7,8,12.937853,77.622634,2024-10-23,1900-01-01 15:42:59,0,1,31,0,6,15
FIR03340,3,5,13.031544,77.592126,2025-11-06,1900-01-01 02:41:03,2,2,42,0,4,2
FIR03341,6,4,12.912224,77.64531,2025-09-12,1900-01-01 20:34:52,0,2,39,1,0,20
FIR03342,0,4,12.911874,77.645452,2025-09-21,1900-01-01 15:47:10,2,1,65,1,3,15
FIR03343,9,11,12.95882,77.697998,2025-12-28,1900-01-01 19:32:07,1,0,37,0,3,19
FIR03344,2,12,12.990167,77.555744,2026-06-01,1900-01-01 07:23:30,2,2,49,1,1,7
FIR03345,6,2,12.928036,77.678095,2025-07-04,1900-01-01 07:43:00,0,1,48,1,0,7
FIR03346,8,14,13.100471,77.600284,2026-02-15,1900-01-01 05:33:28,1,1,49,2,3,5
FIR03347,9,6,12.981277,77.636249,2025-11-05,1900-01-01 14:56:56,1,2,39,0,6,14
FIR03348,1,0,12.911779,77.608335,2026-02-16,1900-01-01 14:25:13,2,0,27,2,1,14
FIR03349,6,4,12.912891,77.648199,2025-09-05,1900-01-01 19:27:58,0,2,49,0,0,19
FIR03350,7,12,12.98674,77.550497,2026-05-18,1900-01-01 16:56:16,0,0,33,2,1,16
FIR03351,8,11,12.958791,77.699623,2024-08-20,1900-01-01 12:26:47,1,2,42,1,5,12
FIR03352,5,0,12.914853,77.613872,2025-09-14,1900-01-01 17:45:55,0,1,41,2,3,17
FIR03353,5,1,12.922202,77.574399,2024-08-27,1900-01-01 09:27:51,0,2,70,0,5,9
FIR03354,0,1,12.913759,77.57587,2026-05-13,1900-01-01 00:40:10,2,1,49,2,6,0
FIR03355,9,13,12.972896,77.748549,2025-04-06,1900-01-01 06:14:19,1,0,61,2,3,6
FIR03356,4,6,12.980589,77.642146,2024-10-22,1900-01-01 06:00:57,2,1,39,0,5,6
FIR03357,2,2,12.929457,77.672365,2025-05-16,1900-01-01 16:45:50,2,1,68,2,0,16
FIR03358,8,14,13.104046,77.594328,2024-09-03,1900-01-01 09:16:29,1,2,26,0,5,9
FIR03359,0,3,12.840724,77.672412,2026-03-13,1900-01-01 18:33:01,2,2,51,2,0,18
FIR03360,5,10,13.001964,77.569516,2026-03-02,1900-01-01 06:38:46,0,1,63,1,1,6
FIR03361,1,14,13.101561,77.599811,2026-03-12,1900-01-01 02:49:47,2,2,59,2,4,2
FIR03362,8,11,12.956186,77.694891,2025-08-12,1900-01-01 20:43:43,1,1,24,1,5,20
FIR03363,9,7,12.922074,77.588855,2025-06-19,1900-01-01 05:26:50,1,0,60,1,4,5
FIR03364,0,9,12.976826,77.600629,2025-11-06,1900-01-01 00:01:06,2,0,44,0,4,0
FIR03365,0,5,13.035476,77.60047,2025-04-28,1900-01-01 02:30:32,2,0,27,2,1,2
FIR03366,7,1,12.915196,77.570075,2025-10-19,1900-01-01 21:33:22,0,0,37,0,3,21
FIR03367,7,9,12.97287,77.601114,2026-02-21,1900-01-01 14:59:38,0,1,31,0,2,14
FIR03368,9,2,12.928861,77.68045,2025-03-16,1900-01-01 01:45:01,1,1,51,2,3,1
FIR03369,7,14,13.098172,77.597844,2026-05-02,1900-01-01 17:02:57,0,2,66,1,2,17
FIR03370,7,12,12.992899,77.557185,2025-01-23,1900-01-01 05:58:28,0,1,59,0,4,5
FIR03371,1,5,13.034142,77.595376,2025-06-18,1900-01-01 09:55:29,2,2,20,1,6,9
FIR03372,7,7,12.924069,77.591503,2024-10-20,1900-01-01 17:49:00,0,1,32,1,3,17
FIR03373,1,5,13.034111,77.601397,2026-04-01,1900-01-01 00:28:10,2,0,68,1,6,0
FIR03374,4,7,12.921687,77.597299,2026-04-10,1900-01-01 14:00:42,2,1,19,0,0,14
FIR03375,5,2,12.930133,77.679985,2025-11-20,1900-01-01 02:49:35,0,1,23,1,4,2
FIR03376,9,9,12.97969,77.606027,2025-10-22,1900-01-01 18:31:25,1,0,22,1,6,18
FIR03377,7,6,12.974966,77.639015,2025-03-02,1900-01-01 17:08:12,0,2,32,1,3,17
FIR03378,6,8,12.930562,77.625862,2025-12-25,1900-01-01 08:23:46,0,0,40,1,4,8
FIR03379,1,10,13.004127,77.568507,2025-12-07,1900-01-01 06:54:00,2,1,53,2,3,6
FIR03380,5,14,13.098102,77.599785,2026-01-21,1900-01-01 19:54:23,0,1,53,2,6,19
FIR03381,3,9,12.970994,77.601215,2026-03-17,1900-01-01 19:51:06,2,0,46,0,5,19
FIR03382,2,8,12.936923,77.62403,2025-05-19,1900-01-01 07:40:10,2,1,29,1,1,7
FIR03383,4,1,12.920145,77.569417,2025-08-24,1900-01-01 20:51:06,2,2,39,1,3,20
FIR03384,9,12,12.994853,77.557956,2024-12-01,1900-01-01 18:59:54,1,0,21,0,3,18
FIR03385,8,9,12.972779,77.606257,2025-06-14,1900-01-01 22:56:44,1,2,35,2,2,22
FIR03386,9,13,12.968574,77.747088,2025-05-09,1900-01-01 01:42:03,1,2,58,1,0,1
FIR03387,2,2,12.929966,77.678573,2026-04-02,1900-01-01 06:33:10,2,2,27,1,4,6
FIR03388,8,11,12.959388,77.692942,2025-05-22,1900-01-01 18:57:22,1,2,45,1,4,18
FIR03389,7,2,12.926012,77.68019,2026-05-23,1900-01-01 06:08:52,0,1,33,0,2,6
FIR03390,0,12,12.996257,77.558423,2024-10-14,1900-01-01 22:06:22,2,0,66,1,1,22
FIR03391,4,5,13.037148,77.600273,2025-12-26,1900-01-01 08:20:46,2,0,65,2,0,8
FIR03392,4,6,12.98007,77.636429,2025-02-06,1900-01-01 04:12:55,2,2,49,1,4,4
FIR03393,2,14,13.095921,77.599536,2026-02-08,1900-01-01 08:59:19,2,1,56,1,3,8
FIR03394,8,10,13.000685,77.570679,2025-02-20,1900-01-01 16:18:32,1,1,60,0,4,16
FIR03395,4,7,12.92031,77.595527,2024-10-22,1900-01-01 01:36:51,2,2,67,0,5,1
FIR03396,3,10,13.008327,77.567865,2026-06-21,1900-01-01 17:43:16,2,2,62,1,3,17
FIR03397,8,9,12.971154,77.60923,2025-05-22,1900-01-01 06:38:59,1,1,61,0,4,6
FIR03398,7,8,12.936827,77.627793,2024-08-12,1900-01-01 23:41:19,0,0,21,0,1,23
FIR03399,8,13,12.965267,77.750672,2025-06-08,1900-01-01 02:54:00,1,0,22,2,3,2
FIR03400,0,13,12.97237,77.754507,2024-10-20,1900-01-01 12:40:14,2,2,25,2,3,12
FIR03401,1,4,12.913317,77.651798,2025-11-13,1900-01-01 15:14:54,2,0,48,1,4,15
FIR03402,2,0,12.912981,77.608276,2026-07-10,1900-01-01 03:20:55,2,1,63,0,0,3
FIR03403,4,13,12.967816,77.745381,2026-04-25,1900-01-01 23:25:57,2,0,55,1,2,23
FIR03404,7,13,12.968951,77.751653,2025-01-16,1900-01-01 03:48:32,0,0,37,1,4,3
FIR03405,9,0,12.917545,77.60519,2026-03-01,1900-01-01 04:36:16,1,0,48,1,3,4
FIR03406,2,6,12.982529,77.641753,2025-10-22,1900-01-01 04:59:56,2,2,20,2,6,4
FIR03407,8,2,12.930606,77.679172,2025-09-29,1900-01-01 12:02:40,1,2,38,2,1,12
FIR03408,2,4,12.916539,77.645919,2026-03-25,1900-01-01 09:35:03,2,1,18,0,6,9
FIR03409,2,3,12.842311,77.67382,2025-05-25,1900-01-01 15:38:05,2,2,55,2,3,15
FIR03410,3,12,12.992044,77.556465,2024-12-05,1900-01-01 22:54:42,2,1,45,2,4,22
FIR03411,8,0,12.919618,77.610556,2025-10-02,1900-01-01 07:47:42,1,2,69,1,4,7
FIR03412,7,8,12.935687,77.625628,2025-09-18,1900-01-01 18:56:34,0,2,56,0,4,18
FIR03413,3,11,12.955003,77.69246,2025-12-13,1900-01-01 13:12:58,2,0,21,1,2,13
FIR03414,9,0,12.920089,77.608321,2025-02-02,1900-01-01 12:31:56,1,1,21,2,3,12
FIR03415,9,5,13.039024,77.592507,2025-03-07,1900-01-01 23:17:15,1,0,55,2,0,23
FIR03416,3,7,12.929729,77.598305,2025-04-07,1900-01-01 20:29:17,2,1,35,2,1,20
FIR03417,8,11,12.962156,77.70103,2025-05-28,1900-01-01 14:44:21,1,2,52,0,6,14
FIR03418,9,9,12.974185,77.605016,2025-06-19,1900-01-01 06:26:40,1,0,30,0,4,6
FIR03419,5,3,12.844549,77.680886,2025-07-30,1900-01-01 05:08:37,0,0,37,0,6,5
FIR03420,4,8,12.936713,77.622628,2026-05-10,1900-01-01 17:42:03,2,0,56,2,3,17
FIR03421,0,10,13.008429,77.573409,2025-12-25,1900-01-01 05:16:53,2,1,33,2,4,5
FIR03422,1,5,13.03877,77.594955,2025-06-11,1900-01-01 00:05:55,2,0,46,2,6,0
FIR03423,8,3,12.840715,77.673767,2025-08-22,1900-01-01 23:36:39,1,0,53,2,0,23
FIR03424,9,9,12.972467,77.601124,2025-09-23,1900-01-01 12:40:01,1,1,56,2,5,12
FIR03425,6,9,12.972293,77.607018,2025-04-30,1900-01-01 11:25:44,0,2,33,2,6,11
FIR03426,1,2,12.923182,77.673799,2024-11-02,1900-01-01 10:36:49,2,0,59,1,2,10
FIR03427,2,1,12.920693,77.57207,2026-01-22,1900-01-01 11:19:57,2,1,28,0,4,11
FIR03428,1,11,12.956226,77.698974,2025-10-05,1900-01-01 00:58:35,2,0,53,0,3,0
FIR03429,7,4,12.912141,77.650535,2026-04-27,1900-01-01 17:55:23,0,1,55,1,1,17
FIR03430,5,4,12.913118,77.650975,2025-06-05,1900-01-01 11:40:15,0,1,43,0,4,11
FIR03431,9,10,13.004903,77.574337,2025-08-09,1900-01-01 23:47:44,1,2,65,1,2,23
FIR03432,8,5,13.033769,77.60152,2024-12-04,1900-01-01 02:44:00,1,1,38,1,6,2
FIR03433,2,4,12.911779,77.65058,2025-07-30,1900-01-01 22:02:03,2,2,40,2,6,22
FIR03434,0,5,13.032909,77.592566,2025-06-11,1900-01-01 09:09:18,2,0,31,0,6,9
FIR03435,6,4,12.911986,77.646088,2024-10-25,1900-01-01 06:04:16,0,1,27,1,0,6
FIR03436,0,12,12.988568,77.552741,2025-11-11,1900-01-01 20:15:52,2,2,18,2,5,20
FIR03437,9,1,12.916461,77.573202,2024-12-10,1900-01-01 05:40:17,1,2,40,2,5,5
FIR03438,1,0,12.917389,77.61443,2024-10-16,1900-01-01 09:56:14,2,2,26,2,6,9
FIR03439,9,13,12.966771,77.750073,2026-06-30,1900-01-01 23:32:52,1,0,39,1,5,23
FIR03440,3,10,13.004455,77.57269,2024-10-29,1900-01-01 01:14:18,2,0,41,0,5,1
FIR03441,0,13,12.973593,77.745012,2026-02-09,1900-01-01 11:37:13,2,1,46,0,1,11
FIR03442,7,10,13.0076,77.569623,2024-11-29,1900-01-01 14:51:07,0,1,60,2,0,14
FIR03443,5,8,12.931157,77.620225,2025-03-05,1900-01-01 06:43:50,0,1,51,0,6,6
FIR03444,8,12,12.994744,77.557202,2025-01-29,1900-01-01 14:35:17,1,0,38,2,6,14
FIR03445,5,13,12.969367,77.749256,2026-07-11,1900-01-01 02:29:48,0,1,36,0,2,2
FIR03446,0,2,12.923712,77.675133,2025-06-21,1900-01-01 16:39:38,2,0,66,1,2,16
FIR03447,9,1,12.922942,77.56926,2025-08-01,1900-01-01 01:32:36,1,0,70,2,0,1
FIR03448,1,8,12.931056,77.620921,2024-10-06,1900-01-01 12:09:53,2,2,52,0,3,12
FIR03449,1,4,12.909173,77.646091,2025-11-20,1900-01-01 10:59:43,2,1,23,2,4,10
FIR03450,3,8,12.938086,77.624083,2025-11-22,1900-01-01 13:11:43,2,1,23,0,2,13
FIR03451,1,3,12.843949,77.681036,2025-10-08,1900-01-01 13:20:11,2,2,25,1,6,13
FIR03452,1,6,12.976327,77.639123,2025-12-21,1900-01-01 01:34:50,2,2,24,2,3,1
FIR03453,5,14,13.103453,77.592816,2025-05-19,1900-01-01 10:01:32,0,2,61,0,1,10
FIR03454,6,7,12.927218,77.592694,2025-06-27,1900-01-01 09:18:41,0,0,21,2,0,9
FIR03455,5,12,12.988876,77.557648,2026-01-24,1900-01-01 07:34:52,0,0,63,2,2,7
FIR03456,3,5,13.032935,77.596753,2024-12-14,1900-01-01 16:03:26,2,1,37,0,2,16
FIR03457,6,13,12.97257,77.748433,2026-01-01,1900-01-01 21:22:27,0,0,54,2,4,21
FIR03458,2,9,12.97995,77.602595,2025-10-22,1900-01-01 18:59:51,2,2,51,2,6,18
FIR03459,8,0,12.91982,77.609807,2024-09-28,1900-01-01 21:47:38,1,1,33,1,2,21
FIR03460,7,14,13.100782,77.601028,2025-10-12,1900-01-01 14:29:34,0,0,56,1,3,14
FIR03461,2,13,12.97346,77.752568,2025-07-06,1900-01-01 05:24:52,2,2,29,1,3,5
FIR03462,5,7,12.923964,77.589455,2026-02-07,1900-01-01 00:38:56,0,0,23,1,2,0
FIR03463,9,6,12.981019,77.63677,2025-05-29,1900-01-01 11:29:00,1,1,50,2,4,11
FIR03464,2,6,12.982442,77.641484,2025-03-24,1900-01-01 22:27:17,2,0,19,2,1,22
FIR03465,9,12,12.996322,77.553468,2026-05-25,1900-01-01 01:05:04,1,0,63,1,1,1
FIR03466,7,9,12.97597,77.604625,2025-12-31,1900-01-01 00:42:11,0,0,55,0,6,0
FIR03467,5,10,13.00484,77.567325,2025-08-01,1900-01-01 08:03:52,0,1,20,1,0,8
FIR03468,8,5,13.033336,77.59456,2026-01-22,1900-01-01 04:06:55,1,2,27,2,4,4
FIR03469,4,4,12.910486,77.646786,2025-12-15,1900-01-01 08:18:29,2,0,56,0,1,8
FIR03470,4,2,12.925554,77.680609,2026-04-04,1900-01-01 03:12:40,2,1,62,0,2,3
FIR03471,5,9,12.980009,77.601627,2026-06-28,1900-01-01 21:16:56,0,2,36,0,3,21
FIR03472,8,8,12.932879,77.625162,2025-03-07,1900-01-01 07:18:25,1,0,54,0,0,7
FIR03473,4,10,13.000567,77.574104,2025-11-17,1900-01-01 02:14:30,2,1,28,2,1,2
FIR03474,0,9,12.970771,77.600885,2024-10-08,1900-01-01 12:33:09,2,0,49,1,5,12
FIR03475,6,13,12.965452,77.749079,2025-07-28,1900-01-01 11:31:54,0,0,50,0,1,11
FIR03476,0,14,13.103012,77.598154,2024-12-06,1900-01-01 03:09:54,2,2,64,2,0,3
FIR03477,4,5,13.039454,77.593456,2025-06-02,1900-01-01 08:33:49,2,1,62,0,1,8
FIR03478,7,2,12.92943,77.671753,2024-09-12,1900-01-01 03:34:32,0,2,31,0,4,3
FIR03479,6,1,12.921335,77.57492,2025-06-12,1900-01-01 22:53:03,0,0,18,0,4,22
FIR03480,7,3,12.840017,77.676083,2026-07-21,1900-01-01 06:45:58,0,0,27,0,5,6
FIR03481,3,8,12.932447,77.627017,2025-07-08,1900-01-01 20:13:09,2,1,70,1,5,20
FIR03482,0,4,12.910524,77.642446,2025-04-11,1900-01-01 06:27:34,2,1,42,1,0,6
FIR03483,5,4,12.906768,77.644907,2024-09-09,1900-01-01 06:37:01,0,2,25,2,1,6
FIR03484,6,3,12.838424,77.681242,2025-10-30,1900-01-01 10:10:15,0,0,53,1,4,10
FIR03485,8,7,12.925909,77.59029,2025-08-24,1900-01-01 01:53:25,1,0,31,0,3,1
FIR03486,9,3,12.842514,77.676324,2024-08-02,1900-01-01 21:35:26,1,2,56,0,0,21
FIR03487,8,8,12.93841,77.622172,2025-01-10,1900-01-01 01:33:09,1,2,32,0,0,1
FIR03488,5,13,12.97221,77.74711,2024-09-11,1900-01-01 07:57:53,0,2,43,1,6,7
FIR03489,3,11,12.960878,77.697106,2025-02-22,1900-01-01 11:23:34,2,0,68,2,2,11
FIR03490,8,9,12.978083,77.60083,2026-02-14,1900-01-01 23:53:02,1,0,35,2,2,23
FIR03491,2,6,12.982324,77.637247,2025-03-02,1900-01-01 08:08:49,2,1,54,0,3,8
FIR03492,2,2,12.927228,77.680855,2024-08-27,1900-01-01 09:55:27,2,0,69,1,5,9
FIR03493,9,13,12.969776,77.754864,2025-02-04,1900-01-01 23:52:52,1,1,26,2,5,23
FIR03494,9,0,12.912081,77.608698,2025-06-06,1900-01-01 16:29:52,1,0,18,1,0,16
FIR03495,1,0,12.914487,77.606704,2025-02-02,1900-01-01 01:09:20,2,1,45,0,3,1
FIR03496,3,9,12.972245,77.601837,2025-02-26,1900-01-01 11:56:20,2,1,19,1,6,11
FIR03497,9,9,12.97791,77.602634,2026-03-26,1900-01-01 06:50:11,1,0,44,0,4,6
FIR03498,7,11,12.956521,77.69246,2024-07-26,1900-01-01 04:47:14,0,0,64,1,0,4
FIR03499,2,12,12.986633,77.549569,2025-01-29,1900-01-01 15:43:52,2,1,65,1,6,15
FIR03500,6,6,12.980311,77.640193,2026-05-18,1900-01-01 00:12:36,0,2,39,2,1,0
FIR03501,2,10,13.003988,77.572646,2025-03-11,1900-01-01 06:19:45,2,1,28,2,5,6
FIR03502,2,6,12.981564,77.636169,2025-12-20,1900-01-01 01:57:43,2,0,62,1,2,1
FIR03503,8,4,12.907749,77.64362,2025-02-24,1900-01-01 08:04:34,1,0,24,0,1,8
FIR03504,7,2,12.930644,77.67937,2025-11-17,1900-01-01 06:58:43,0,0,57,1,1,6
FIR03505,7,12,12.9889,77.559396,2024-09-14,1900-01-01 16:21:10,0,2,22,2,2,16
FIR03506,0,9,12.977815,77.6014,2025-03-29,1900-01-01 12:05:39,2,1,57,1,2,12
FIR03507,6,0,12.913492,77.61009,2025-11-01,1900-01-01 02:45:06,0,2,46,1,2,2
FIR03508,7,10,12.999726,77.568799,2025-12-19,1900-01-01 14:17:20,0,0,23,0,0,14
FIR03509,5,2,12.929569,77.67309,2026-04-01,1900-01-01 05:06:06,0,2,23,0,6,5
FIR03510,7,9,12.970611,77.608582,2026-01-31,1900-01-01 20:34:22,0,1,62,1,2,20
FIR03511,4,12,12.987592,77.551742,2024-07-28,1900-01-01 23:24:47,2,1,23,2,3,23
FIR03512,4,10,13.006441,77.56649,2026-03-28,1900-01-01 07:47:10,2,1,63,2,2,7
FIR03513,6,0,12.919491,77.608968,2024-12-06,1900-01-01 20:47:33,0,1,58,2,0,20
FIR03514,9,5,13.035227,77.598422,2025-10-27,1900-01-01 06:55:39,1,0,22,0,1,6
FIR03515,5,10,13.005541,77.567731,2026-07-09,1900-01-01 21:11:27,0,1,36,1,4,21
FIR03516,6,1,12.913973,77.576656,2026-03-07,1900-01-01 08:26:04,0,2,35,2,2,8
FIR03517,1,0,12.91828,77.610061,2025-08-31,1900-01-01 21:03:04,2,1,37,2,3,21
FIR03518,5,8,12.936806,77.623943,2025-01-19,1900-01-01 18:37:37,0,1,62,1,3,18
FIR03519,3,1,12.919073,77.575147,2025-06-18,1900-01-01 08:33:20,2,2,33,1,6,8
FIR03520,8,10,13.004075,77.573412,2025-12-11,1900-01-01 11:39:54,1,2,69,1,4,11
FIR03521,2,8,12.936017,77.619841,2026-06-19,1900-01-01 08:58:00,2,2,45,2,0,8
FIR03522,1,5,13.035849,77.59831,2024-08-22,1900-01-01 17:31:19,2,0,29,2,4,17
FIR03523,1,0,12.919742,77.605302,2024-12-05,1900-01-01 17:09:54,2,2,52,1,4,17
FIR03524,4,1,12.914874,77.576972,2025-12-03,1900-01-01 05:17:05,2,2,61,0,6,5
FIR03525,2,5,13.036712,77.595403,2026-02-08,1900-01-01 01:51:51,2,2,38,2,3,1
FIR03526,0,10,13.00762,77.56703,2026-02-11,1900-01-01 18:18:23,2,2,53,0,6,18
FIR03527,9,3,12.842989,77.679567,2024-10-19,1900-01-01 18:30:26,1,0,54,0,2,18
FIR03528,7,13,12.96706,77.745054,2025-11-16,1900-01-01 08:41:07,0,1,70,2,3,8
FIR03529,3,14,13.104579,77.594599,2026-05-31,1900-01-01 07:05:55,2,2,50,2,3,7
FIR03530,1,4,12.908269,77.650998,2026-07-22,1900-01-01 07:03:37,2,0,29,2,6,7
FIR03531,1,1,12.917472,77.571383,2026-04-07,1900-01-01 20:26:51,2,0,67,1,5,20
FIR03532,9,14,13.103038,77.594736,2024-09-13,1900-01-01 05:49:33,1,1,69,1,0,5
FIR03533,1,2,12.930894,77.680417,2025-04-09,1900-01-01 15:55:38,2,1,67,0,6,15
FIR03534,6,5,13.039719,77.598878,2024-08-27,1900-01-01 15:11:41,0,1,54,1,5,15
FIR03535,2,14,13.10359,77.595172,2026-06-15,1900-01-01 00:06:33,2,2,31,0,1,0
FIR03536,7,10,13.005897,77.574183,2025-03-31,1900-01-01 04:46:24,0,1,62,1,1,4
FIR03537,3,1,12.91591,77.569164,2025-08-14,1900-01-01 14:51:36,2,1,47,2,4,14
FIR03538,1,14,13.104825,77.595748,2025-12-01,1900-01-01 01:34:31,2,0,48,1,1,1
FIR03539,6,11,12.959046,77.701351,2025-09-18,1900-01-01 22:45:15,0,2,34,0,4,22
FIR03540,9,3,12.842971,77.680226,2026-07-20,1900-01-01 19:21:27,1,0,30,1,1,19
FIR03541,4,0,12.91224,77.608308,2025-07-11,1900-01-01 15:22:24,2,2,43,0,0,15
FIR03542,8,11,12.954605,77.697698,2024-07-23,1900-01-01 04:05:37,1,0,25,2,5,4
FIR03543,2,11,12.958471,77.695307,2026-01-17,1900-01-01 06:39:50,2,0,35,0,2,6
FIR03544,5,0,12.918383,77.610603,2025-07-03,1900-01-01 02:54:25,0,1,55,2,4,2
FIR03545,8,4,12.913474,77.645277,2026-06-02,1900-01-01 14:28:20,1,2,45,2,5,14
FIR03546,5,9,12.970731,77.608543,2025-04-09,1900-01-01 10:39:10,0,1,63,1,6,10
FIR03547,6,9,12.980051,77.608758,2026-05-08,1900-01-01 10:04:10,0,2,38,1,0,10
FIR03548,5,5,13.03286,77.600981,2026-06-26,1900-01-01 23:56:51,0,0,62,1,0,23
FIR03549,3,5,13.039722,77.598686,2025-06-03,1900-01-01 17:40:20,2,0,64,1,5,17
FIR03550,1,3,12.838342,77.678797,2025-09-24,1900-01-01 12:32:03,2,0,31,0,6,12
FIR03551,8,6,12.980128,77.641348,2024-11-24,1900-01-01 02:18:34,1,0,44,2,3,2
FIR03552,8,14,13.105607,77.596442,2025-05-23,1900-01-01 07:58:13,1,2,26,0,0,7
FIR03553,9,7,12.924496,77.590281,2024-09-08,1900-01-01 15:50:36,1,0,32,0,3,15
FIR03554,6,6,12.976053,77.636282,2024-12-01,1900-01-01 15:31:43,0,0,61,0,3,15
FIR03555,4,2,12.931938,77.680692,2025-12-08,1900-01-01 04:03:50,2,0,41,0,1,4
FIR03556,5,14,13.099208,77.599706,2025-04-16,1900-01-01 11:25:22,0,0,35,0,6,11
FIR03557,8,2,12.926702,77.67627,2025-02-23,1900-01-01 08:28:04,1,0,26,2,3,8
FIR03558,7,1,12.919473,77.571299,2025-12-07,1900-01-01 07:28:41,0,2,32,1,3,7
FIR03559,6,6,12.981494,77.637525,2025-07-17,1900-01-01 22:45:20,0,1,31,2,4,22
FIR03560,3,4,12.915789,77.644762,2026-07-22,1900-01-01 09:31:36,2,0,52,2,6,9
FIR03561,5,10,13.003567,77.572265,2025-02-25,1900-01-01 08:07:37,0,2,57,0,5,8
FIR03562,2,11,12.962739,77.702082,2026-03-03,1900-01-01 20:51:53,2,0,23,2,5,20
FIR03563,2,7,12.927761,77.595873,2026-02-11,1900-01-01 13:07:15,2,0,37,0,6,13
FIR03564,5,0,12.920417,77.613936,2026-07-06,1900-01-01 00:17:24,0,0,43,2,1,0
FIR03565,4,2,12.927885,77.677978,2025-01-15,1900-01-01 19:14:35,2,0,58,2,6,19
FIR03566,8,8,12.936363,77.624819,2026-05-28,1900-01-01 22:00:28,1,0,26,2,4,22
FIR03567,1,10,13.005837,77.57392,2025-08-01,1900-01-01 16:56:19,2,1,34,2,0,16
FIR03568,3,10,12.99962,77.570587,2026-03-25,1900-01-01 11:23:05,2,2,48,1,6,11
FIR03569,8,4,12.914708,77.64777,2026-02-13,1900-01-01 23:55:34,1,0,33,1,0,23
FIR03570,9,12,12.989566,77.553052,2025-07-20,1900-01-01 08:55:22,1,0,31,2,3,8
FIR03571,5,4,12.912389,77.650715,2025-05-31,1900-01-01 21:28:37,0,2,70,0,2,21
FIR03572,1,8,12.932538,77.621258,2026-02-08,1900-01-01 19:45:17,2,0,57,2,3,19
FIR03573,5,0,12.918726,77.609094,2024-11-28,1900-01-01 15:43:27,0,1,31,2,4,15
FIR03574,2,11,12.957971,77.693362,2025-08-10,1900-01-01 18:58:55,2,1,41,1,3,18
FIR03575,6,7,12.928074,77.597689,2026-07-05,1900-01-01 18:09:35,0,0,53,2,3,18
FIR03576,2,8,12.934752,77.620982,2026-07-18,1900-01-01 19:59:09,2,2,36,1,2,19
FIR03577,2,6,12.974466,77.641619,2026-06-30,1900-01-01 16:10:48,2,1,49,1,5,16
FIR03578,3,6,12.97711,77.638322,2024-08-19,1900-01-01 18:29:03,2,0,40,2,1,18
FIR03579,7,4,12.906705,77.644459,2026-01-13,1900-01-01 02:54:58,0,2,66,0,5,2
FIR03580,0,11,12.963608,77.693218,2025-04-08,1900-01-01 13:21:22,2,2,38,1,5,13
FIR03581,7,6,12.979065,77.645454,2026-02-05,1900-01-01 05:40:43,0,1,51,2,4,5
FIR03582,7,3,12.836031,77.680853,2025-08-10,1900-01-01 06:38:54,0,0,28,2,3,6
FIR03583,1,7,12.920869,77.591723,2026-03-27,1900-01-01 05:49:05,2,1,39,0,0,5
FIR03584,3,1,12.91524,77.570404,2026-01-06,1900-01-01 23:41:40,2,1,18,2,5,23
FIR03585,9,7,12.926737,77.598626,2024-09-17,1900-01-01 07:46:59,1,2,67,2,5,7
FIR03586,8,6,12.975603,77.640385,2025-07-02,1900-01-01 06:05:37,1,0,29,2,6,6
FIR03587,1,8,12.933973,77.620522,2025-08-28,1900-01-01 16:17:13,2,0,23,0,4,16
FIR03588,8,11,12.956671,77.70127,2024-11-09,1900-01-01 05:31:58,1,0,58,1,2,5
FIR03589,1,0,12.920337,77.610599,2024-10-06,1900-01-01 00:58:08,2,0,67,2,3,0
FIR03590,1,7,12.924308,77.588942,2025-10-11,1900-01-01 12:44:13,2,2,59,1,2,12
FIR03591,1,13,12.966664,77.753729,2026-02-24,1900-01-01 00:45:02,2,0,39,1,5,0
FIR03592,7,0,12.916047,77.606053,2025-08-01,1900-01-01 14:44:34,0,2,61,1,0,14
FIR03593,8,4,12.915494,77.643891,2026-04-22,1900-01-01 18:41:44,1,1,44,1,6,18
FIR03594,9,14,13.096556,77.592776,2025-01-16,1900-01-01 09:04:13,1,1,18,1,4,9
FIR03595,6,4,12.913935,77.65159,2024-11-13,1900-01-01 06:37:24,0,0,41,0,6,6
FIR03596,0,9,12.97465,77.606891,2026-02-13,1900-01-01 16:14:31,2,2,61,0,0,16
FIR03597,5,0,12.919004,77.606757,2026-05-27,1900-01-01 21:08:09,0,0,44,1,6,21
FIR03598,2,9,12.980148,77.606372,2025-12-05,1900-01-01 16:10:40,2,2,67,1,0,16
FIR03599,0,13,12.97224,77.750101,2026-05-10,1900-01-01 05:12:23,2,2,44,0,3,5
FIR03600,5,10,12.999204,77.57164,2025-02-17,1900-01-01 13:06:52,0,1,48,0,1,13
FIR03601,8,8,12.931085,77.624471,2025-11-04,1900-01-01 18:45:19,1,1,63,1,5,18
FIR03602,3,3,12.835562,77.681869,2026-04-17,1900-01-01 15:43:57,2,0,64,1,0,15
FIR03603,9,10,13.001793,77.566758,2025-07-28,1900-01-01 11:59:13,1,0,18,1,1,11
FIR03604,9,2,12.926001,77.679408,2025-12-12,1900-01-01 04:55:04,1,1,48,1,0,4
FIR03605,1,14,13.10224,77.596283,2025-10-20,1900-01-01 20:50:15,2,1,50,1,1,20
FIR03606,6,3,12.83796,77.674449,2025-08-21,1900-01-01 21:33:02,0,0,41,1,4,21
FIR03607,7,6,12.982606,77.643302,2026-06-27,1900-01-01 13:36:45,0,2,70,2,2,13
FIR03608,5,3,12.840694,77.680435,2025-06-04,1900-01-01 06:02:05,0,0,18,2,6,6
FIR03609,2,12,12.996263,77.552094,2026-06-05,1900-01-01 14:50:17,2,0,44,1,0,14
FIR03610,0,5,13.033881,77.594124,2025-10-22,1900-01-01 23:06:00,2,0,66,2,6,23
FIR03611,4,1,12.914009,77.578078,2026-01-31,1900-01-01 16:25:28,2,1,49,1,2,16
FIR03612,1,2,12.926187,77.673919,2025-11-30,1900-01-01 05:06:57,2,0,56,1,3,5
FIR03613,6,10,13.002437,77.568372,2025-01-24,1900-01-01 03:38:31,0,1,60,0,0,3
FIR03614,8,11,12.961171,77.693704,2024-12-18,1900-01-01 05:05:08,1,1,48,2,6,5
FIR03615,3,1,12.923045,77.569944,2026-05-30,1900-01-01 15:28:10,2,1,49,2,2,15
FIR03616,2,8,12.931297,77.621463,2026-02-17,1900-01-01 12:09:38,2,2,24,1,5,12
FIR03617,0,10,13.003906,77.56884,2025-02-28,1900-01-01 13:33:47,2,0,50,0,0,13
FIR03618,4,4,12.913756,77.65084,2025-12-09,1900-01-01 08:53:30,2,1,50,2,5,8
FIR03619,3,5,13.032809,77.599729,2025-02-24,1900-01-01 18:20:27,2,1,68,2,1,18
FIR03620,0,10,13.006566,77.567082,2026-05-13,1900-01-01 18:17:14,2,1,51,2,6,18
FIR03621,6,14,13.101491,77.598045,2026-03-20,1900-01-01 04:53:50,0,0,53,0,0,4
FIR03622,6,11,12.95921,77.701469,2025-10-20,1900-01-01 07:27:55,0,1,23,1,1,7
FIR03623,2,3,12.840718,77.674292,2026-02-03,1900-01-01 13:57:58,2,2,53,0,5,13
FIR03624,4,10,13.007226,77.568553,2024-09-03,1900-01-01 08:35:40,2,0,56,1,5,8
FIR03625,8,9,12.972491,77.603118,2024-10-09,1900-01-01 02:14:56,1,0,48,0,6,2
FIR03626,0,9,12.973416,77.608256,2024-10-02,1900-01-01 01:18:23,2,1,19,2,6,1
FIR03627,7,7,12.929793,77.594831,2024-08-28,1900-01-01 08:13:58,0,1,64,0,6,8
FIR03628,2,1,12.915201,77.571383,2024-08-26,1900-01-01 08:13:14,2,1,55,0,1,8
FIR03629,7,13,12.968344,77.753852,2026-04-30,1900-01-01 23:11:17,0,1,32,0,4,23
FIR03630,3,6,12.983198,77.638871,2026-04-27,1900-01-01 16:20:13,2,2,54,0,1,16
FIR03631,8,2,12.92481,77.672018,2024-08-02,1900-01-01 10:45:34,1,1,34,2,0,10
FIR03632,7,4,12.911507,77.648076,2026-05-19,1900-01-01 00:20:41,0,2,50,0,5,0
FIR03633,2,11,12.957487,77.69485,2026-05-11,1900-01-01 19:17:40,2,2,67,2,1,19
FIR03634,8,1,12.921378,77.576445,2024-10-11,1900-01-01 22:56:01,1,2,46,0,0,22
FIR03635,6,12,12.995409,77.557848,2025-03-02,1900-01-01 04:18:52,0,1,58,0,3,4
FIR03636,4,0,12.918107,77.605203,2025-03-22,1900-01-01 23:28:31,2,2,18,2,2,23
FIR03637,1,0,12.913993,77.606325,2025-11-11,1900-01-01 17:53:48,2,0,60,2,5,17
FIR03638,6,0,12.911731,77.606259,2025-06-16,1900-01-01 20:48:34,0,2,19,1,1,20
FIR03639,8,10,13.005635,77.572265,2025-10-19,1900-01-01 14:18:22,1,0,44,0,3,14
FIR03640,7,8,12.932569,77.621467,2024-08-29,1900-01-01 15:26:53,0,0,41,2,4,15
FIR03641,9,5,13.039043,77.594946,2024-11-16,1900-01-01 07:26:48,1,0,51,2,2,7
FIR03642,9,13,12.973441,77.749492,2025-08-02,1900-01-01 19:43:25,1,2,44,0,2,19
FIR03643,9,1,12.917106,77.576636,2025-08-12,1900-01-01 20:04:34,1,0,59,1,5,20
FIR03644,9,13,12.96586,77.746992,2025-02-13,1900-01-01 06:30:45,1,0,27,1,4,6
FIR03645,0,5,13.035711,77.597952,2025-10-05,1900-01-01 11:45:03,2,2,52,2,3,11
FIR03646,6,13,12.966882,77.747492,2026-03-25,1900-01-01 13:34:23,0,2,42,0,6,13
FIR03647,2,3,12.836718,77.681781,2025-01-18,1900-01-01 09:44:05,2,0,59,0,2,9
FIR03648,4,10,13.003099,77.566702,2025-09-06,1900-01-01 23:56:22,2,0,23,1,2,23
FIR03649,0,8,12.931275,77.621602,2026-06-02,1900-01-01 23:03:48,2,2,65,1,5,23
FIR03650,2,7,12.926905,77.594349,2025-02-28,1900-01-01 21:11:42,2,1,47,1,0,21
FIR03651,7,11,12.955729,77.697969,2026-06-21,1900-01-01 08:24:29,0,2,56,0,3,8
FIR03652,7,7,12.929554,77.597882,2025-06-01,1900-01-01 04:19:49,0,2,36,1,3,4
FIR03653,7,13,12.974125,77.746825,2026-06-14,1900-01-01 23:47:10,0,2,42,0,3,23
FIR03654,0,10,13.002816,77.57016,2024-10-28,1900-01-01 14:29:51,2,1,28,0,1,14
FIR03655,4,4,12.907214,77.64828,2025-02-01,1900-01-01 18:49:58,2,2,21,1,2,18
FIR03656,8,8,12.931912,77.623825,2025-06-29,1900-01-01 20:16:31,1,0,49,1,3,20
FIR03657,9,13,12.970717,77.75012,2026-06-29,1900-01-01 00:24:56,1,0,63,1,1,0
FIR03658,9,7,12.923446,77.596472,2026-02-10,1900-01-01 04:10:34,1,1,58,1,5,4
FIR03659,2,1,12.919797,77.571774,2025-10-31,1900-01-01 22:35:04,2,2,65,0,0,22
FIR03660,1,4,12.91322,77.647104,2025-07-16,1900-01-01 15:43:52,2,2,28,0,6,15
FIR03661,0,5,13.033031,77.59374,2024-08-03,1900-01-01 06:16:44,2,0,70,1,2,6
FIR03662,1,9,12.971255,77.603796,2025-06-20,1900-01-01 02:45:31,2,0,67,0,0,2
FIR03663,3,10,13.000866,77.569922,2025-05-23,1900-01-01 22:05:28,2,1,57,0,0,22
FIR03664,5,4,12.909384,77.646372,2024-11-01,1900-01-01 22:22:44,0,1,62,0,0,22
FIR03665,9,5,13.037937,77.596677,2025-01-26,1900-01-01 02:49:19,1,0,59,0,3,2
FIR03666,6,11,12.963259,77.693436,2026-01-21,1900-01-01 20:24:40,0,2,51,2,6,20
FIR03667,8,0,12.919225,77.612613,2026-04-07,1900-01-01 06:03:11,1,2,65,2,5,6
FIR03668,6,5,13.031038,77.597826,2026-02-06,1900-01-01 10:59:48,0,2,56,0,0,10
FIR03669,7,7,12.923132,77.595332,2025-04-13,1900-01-01 02:51:29,0,2,27,2,3,2
FIR03670,5,9,12.975687,77.609366,2026-05-13,1900-01-01 16:50:19,0,1,24,2,6,16
FIR03671,6,5,13.039402,77.593257,2024-11-08,1900-01-01 10:55:42,0,1,38,1,0,10
FIR03672,9,6,12.977232,77.644063,2026-03-28,1900-01-01 23:03:01,1,2,30,1,2,23
FIR03673,7,13,12.971246,77.751223,2026-02-06,1900-01-01 19:19:47,0,2,63,1,0,19
FIR03674,5,13,12.973871,77.749637,2025-11-07,1900-01-01 11:51:09,0,0,26,2,0,11
FIR03675,6,6,12.976653,77.643862,2024-12-27,1900-01-01 14:36:33,0,0,59,2,0,14
FIR03676,1,11,12.957492,77.694221,2026-04-18,1900-01-01 12:28:31,2,2,44,0,2,12
FIR03677,9,6,12.980756,77.644641,2025-05-28,1900-01-01 10:11:15,1,2,62,2,6,10
FIR03678,6,1,12.918374,77.576166,2024-10-04,1900-01-01 11:43:59,0,0,32,0,0,11
FIR03679,2,7,12.922886,77.595793,2026-05-09,1900-01-01 10:05:05,2,1,53,1,2,10
FIR03680,4,14,13.105157,77.597123,2026-06-02,1900-01-01 07:20:24,2,0,58,1,5,7
FIR03681,0,5,13.038341,77.592183,2024-12-24,1900-01-01 04:30:50,2,2,24,2,5,4
FIR03682,1,14,13.100075,77.593062,2025-01-14,1900-01-01 15:37:33,2,1,64,0,5,15
FIR03683,5,3,12.843502,77.674619,2025-01-27,1900-01-01 09:06:55,0,1,35,1,1,9
FIR03684,5,8,12.932115,77.625495,2024-11-05,1900-01-01 16:41:32,0,0,38,1,5,16
FIR03685,6,9,12.979871,77.604076,2025-06-10,1900-01-01 13:57:06,0,2,25,0,5,13
FIR03686,6,3,12.83976,77.679633,2024-11-24,1900-01-01 07:10:51,0,2,58,2,3,7
FIR03687,4,6,12.974803,77.641162,2025-04-17,1900-01-01 02:10:36,2,0,20,1,4,2
FIR03688,2,4,12.909194,77.644159,2025-01-23,1900-01-01 08:19:39,2,2,29,2,4,8
FIR03689,1,6,12.98005,77.637204,2026-06-18,1900-01-01 18:06:32,2,1,52,2,4,18
FIR03690,6,0,12.914449,77.611308,2025-09-20,1900-01-01 05:00:00,0,2,31,2,2,5
FIR03691,7,13,12.971604,77.748718,2026-06-21,1900-01-01 12:52:41,0,0,35,1,3,12
FIR03692,7,1,12.918962,77.57107,2025-07-20,1900-01-01 01:12:22,0,2,28,0,3,1
FIR03693,5,8,12.933045,77.624746,2024-08-10,1900-01-01 15:46:47,0,2,36,1,2,15
FIR03694,1,3,12.838565,77.674832,2026-04-05,1900-01-01 11:30:33,2,1,68,2,3,11
FIR03695,0,7,12.922275,77.592587,2025-07-03,1900-01-01 21:11:39,2,0,61,1,4,21
FIR03696,6,14,13.104785,77.600649,2025-01-05,1900-01-01 14:11:01,0,1,50,0,3,14
FIR03697,0,10,13.000608,77.569708,2025-03-19,1900-01-01 14:29:20,2,0,49,1,6,14
FIR03698,5,8,12.938826,77.628522,2024-11-08,1900-01-01 06:13:02,0,1,56,1,0,6
FIR03699,3,0,12.91251,77.613313,2025-05-16,1900-01-01 14:43:10,2,0,30,2,0,14
FIR03700,9,4,12.915887,77.648045,2026-06-22,1900-01-01 18:22:23,1,1,53,1,1,18
FIR03701,3,14,13.099526,77.595054,2024-12-19,1900-01-01 07:08:27,2,2,61,1,4,7
FIR03702,3,13,12.965244,77.747151,2025-05-26,1900-01-01 04:17:28,2,1,59,0,1,4
FIR03703,6,1,12.921508,77.571714,2026-06-04,1900-01-01 22:50:24,0,0,64,2,4,22
FIR03704,4,7,12.927097,77.589093,2026-07-22,1900-01-01 10:41:00,2,0,34,0,6,10
FIR03705,8,3,12.839923,77.673438,2025-06-30,1900-01-01 15:50:38,1,2,58,0,1,15
FIR03706,4,12,12.988278,77.556219,2026-03-13,1900-01-01 03:29:13,2,1,55,0,0,3
FIR03707,3,3,12.835605,77.680955,2026-01-10,1900-01-01 11:17:17,2,0,53,0,2,11
FIR03708,4,4,12.914769,77.650868,2025-12-29,1900-01-01 13:00:16,2,1,23,0,1,13
FIR03709,4,6,12.974828,77.644603,2026-06-21,1900-01-01 18:41:12,2,2,36,2,3,18
FIR03710,1,12,12.992114,77.554271,2026-02-22,1900-01-01 03:44:18,2,1,38,0,3,3
FIR03711,3,7,12.92916,77.589575,2025-07-26,1900-01-01 10:23:08,2,0,39,0,2,10
FIR03712,7,11,12.962698,77.701812,2025-01-29,1900-01-01 07:52:42,0,2,44,1,6,7
FIR03713,2,4,12.908322,77.645289,2025-07-31,1900-01-01 20:55:35,2,1,52,0,4,20
FIR03714,0,3,12.841317,77.678678,2024-12-31,1900-01-01 08:10:35,2,0,18,0,5,8
FIR03715,6,1,12.921135,77.574767,2025-07-21,1900-01-01 19:14:51,0,0,22,1,1,19
FIR03716,0,11,12.955105,77.700919,2024-10-06,1900-01-01 07:45:25,2,0,26,1,3,7
FIR03717,8,1,12.922245,77.570748,2026-05-31,1900-01-01 11:57:09,1,1,46,2,3,11
FIR03718,0,13,12.965293,77.745706,2025-02-24,1900-01-01 02:31:51,2,2,51,2,1,2
FIR03719,0,4,12.914255,77.645591,2026-04-26,1900-01-01 19:07:11,2,2,37,1,3,19
FIR03720,7,1,12.917486,77.572263,2025-07-25,1900-01-01 01:58:04,0,1,25,2,0,1
FIR03721,2,4,12.915453,77.649092,2025-09-20,1900-01-01 21:50:12,2,1,26,1,2,21
FIR03722,3,3,12.842259,77.675905,2025-09-27,1900-01-01 11:53:24,2,0,35,1,2,11
FIR03723,2,11,12.959723,77.697631,2024-11-25,1900-01-01 20:24:30,2,1,68,1,1,20
FIR03724,9,8,12.933263,77.628472,2024-12-07,1900-01-01 16:57:06,1,2,64,1,2,16
FIR03725,9,0,12.920219,77.608878,2025-06-13,1900-01-01 23:08:13,1,0,56,1,0,23
FIR03726,1,0,12.918913,77.606262,2025-12-04,1900-01-01 09:17:57,2,0,59,1,4,9
FIR03727,8,1,12.921758,77.578443,2026-06-23,1900-01-01 07:09:16,1,1,24,1,5,7
FIR03728,0,8,12.932377,77.622895,2025-03-02,1900-01-01 16:55:46,2,2,46,0,3,16
FIR03729,6,8,12.932702,77.623929,2026-04-19,1900-01-01 01:14:05,0,2,41,1,3,1
FIR03730,6,13,12.972769,77.754357,2025-04-21,1900-01-01 20:39:05,0,1,70,1,1,20
FIR03731,3,7,12.927127,77.59752,2026-06-16,1900-01-01 01:37:11,2,2,51,1,5,1
FIR03732,4,4,12.908176,77.649371,2026-04-19,1900-01-01 16:37:59,2,1,60,2,3,16
FIR03733,9,0,12.916759,77.614532,2025-06-18,1900-01-01 10:57:49,1,2,59,1,6,10
FIR03734,5,9,12.977393,77.601906,2024-10-30,1900-01-01 17:10:21,0,1,57,0,6,17
FIR03735,0,1,12.91995,77.577174,2024-07-28,1900-01-01 21:11:00,2,1,49,2,3,21
FIR03736,0,11,12.956873,77.698075,2026-07-04,1900-01-01 03:57:03,2,0,55,0,2,3
FIR03737,9,14,13.099778,77.592419,2026-02-04,1900-01-01 01:42:56,1,0,67,1,6,1
FIR03738,0,10,13.00547,77.572556,2025-03-11,1900-01-01 11:34:52,2,0,21,1,5,11
FIR03739,4,9,12.976734,77.604505,2026-02-25,1900-01-01 23:21:28,2,1,65,1,6,23
FIR03740,0,10,13.00554,77.575398,2025-04-03,1900-01-01 01:06:56,2,1,28,2,4,1
FIR03741,7,7,12.929741,77.589652,2026-03-07,1900-01-01 15:55:11,0,0,40,0,2,15
FIR03742,5,10,13.00296,77.572061,2025-06-27,1900-01-01 21:14:47,0,0,27,2,0,21
FIR03743,9,13,12.969592,77.75148,2024-08-04,1900-01-01 01:28:19,1,1,57,0,3,1
FIR03744,6,8,12.936171,77.620458,2025-05-23,1900-01-01 00:30:22,0,2,36,0,0,0
FIR03745,7,6,12.974053,77.640517,2025-07-20,1900-01-01 06:28:45,0,0,36,2,3,6
FIR03746,6,2,12.932618,77.675117,2026-02-01,1900-01-01 02:15:46,0,0,28,2,3,2
FIR03747,9,0,12.920349,77.613189,2025-02-19,1900-01-01 18:27:49,1,0,51,1,6,18
FIR03748,5,10,13.008149,77.567841,2025-06-28,1900-01-01 05:49:12,0,1,46,1,2,5
FIR03749,6,1,12.91376,77.569665,2026-03-04,1900-01-01 15:03:26,0,1,28,1,6,15
FIR03750,6,2,12.923739,77.673091,2026-05-10,1900-01-01 19:41:53,0,1,46,2,3,19
FIR03751,0,5,13.032639,77.600965,2025-08-10,1900-01-01 10:30:51,2,0,19,1,3,10
FIR03752,6,11,12.96303,77.697652,2024-09-20,1900-01-01 22:23:41,0,1,50,1,0,22
FIR03753,5,3,12.840993,77.67739,2025-06-08,1900-01-01 05:05:38,0,2,30,1,3,5
FIR03754,2,3,12.835655,77.680531,2024-10-10,1900-01-01 20:31:45,2,0,24,0,4,20
FIR03755,8,6,12.980238,77.644752,2026-07-02,1900-01-01 03:33:58,1,1,56,1,4,3
FIR03756,4,1,12.923014,77.574721,2026-03-20,1900-01-01 00:41:31,2,1,33,1,0,0
FIR03757,3,4,12.909208,77.644944,2026-02-12,1900-01-01 18:15:34,2,1,66,1,4,18
FIR03758,3,12,12.994908,77.559234,2026-01-02,1900-01-01 15:19:10,2,0,41,2,0,15
FIR03759,5,9,12.977114,77.608616,2026-05-16,1900-01-01 13:32:37,0,2,36,2,2,13
FIR03760,1,10,13.000952,77.56763,2024-08-23,1900-01-01 18:52:43,2,0,67,1,0,18
FIR03761,7,4,12.91164,77.651694,2024-08-18,1900-01-01 17:01:34,0,0,25,0,3,17
FIR03762,1,4,12.910606,77.648829,2025-05-14,1900-01-01 05:28:23,2,0,34,0,6,5
FIR03763,4,11,12.956863,77.698319,2026-04-03,1900-01-01 10:59:55,2,1,46,0,0,10
FIR03764,2,2,12.927394,77.675783,2024-10-04,1900-01-01 07:32:34,2,0,30,0,0,7
FIR03765,9,7,12.920754,77.595243,2024-10-26,1900-01-01 23:04:45,1,0,18,1,2,23
FIR03766,5,6,12.9758,77.643271,2026-05-22,1900-01-01 03:50:08,0,1,20,0,0,3
FIR03767,9,12,12.995907,77.557938,2025-07-09,1900-01-01 16:47:14,1,0,63,0,6,16
FIR03768,1,10,13.003527,77.573386,2024-09-25,1900-01-01 21:24:10,2,1,22,1,6,21
FIR03769,2,2,12.928155,77.677059,2025-12-04,1900-01-01 01:12:02,2,2,33,0,4,1
FIR03770,3,5,13.038894,77.597511,2026-05-25,1900-01-01 00:54:51,2,2,69,0,1,0
FIR03771,8,7,12.927362,77.589649,2026-05-26,1900-01-01 00:29:50,1,2,18,1,5,0
FIR03772,9,2,12.925617,77.672347,2025-09-04,1900-01-01 11:35:08,1,0,19,0,4,11
FIR03773,7,5,13.033344,77.593892,2025-12-18,1900-01-01 05:28:35,0,0,44,2,4,5
FIR03774,2,2,12.929746,77.671499,2025-11-22,1900-01-01 04:26:14,2,0,42,2,2,4
FIR03775,5,2,12.923124,77.673097,2024-08-31,1900-01-01 04:21:23,0,0,37,1,2,4
FIR03776,6,6,12.975228,77.63804,2025-03-25,1900-01-01 06:06:41,0,1,33,0,5,6
FIR03777,8,10,13.000026,77.571061,2025-02-24,1900-01-01 22:05:24,1,1,38,1,1,22
FIR03778,9,11,12.954378,77.692927,2026-04-05,1900-01-01 06:59:06,1,0,57,2,3,6
FIR03779,2,11,12.958958,77.700901,2025-12-31,1900-01-01 16:06:31,2,1,26,2,6,16
FIR03780,3,1,12.916574,77.575545,2025-07-08,1900-01-01 00:04:34,2,0,57,0,5,0
FIR03781,1,2,12.931701,77.681063,2026-02-05,1900-01-01 23:05:49,2,0,70,0,4,23
FIR03782,8,9,12.970949,77.6041,2025-01-20,1900-01-01 21:50:08,1,2,65,2,1,21
FIR03783,4,1,12.914096,77.575898,2024-10-06,1900-01-01 00:46:36,2,1,20,0,3,0
FIR03784,9,3,12.836124,77.680695,2025-08-24,1900-01-01 09:35:13,1,0,43,2,3,9
FIR03785,4,6,12.980221,77.64022,2025-02-28,1900-01-01 20:55:27,2,2,31,1,0,20
FIR03786,0,1,12.915775,77.576045,2026-02-13,1900-01-01 13:33:05,2,2,50,2,0,13
FIR03787,6,10,13.001577,77.570008,2024-10-29,1900-01-01 09:44:57,0,1,43,2,5,9
FIR03788,0,5,13.031915,77.600416,2025-04-22,1900-01-01 11:16:46,2,1,53,1,5,11
FIR03789,6,5,13.036392,77.595841,2025-06-23,1900-01-01 12:46:37,0,1,37,2,1,12
FIR03790,3,11,12.955222,77.698955,2024-11-12,1900-01-01 03:11:34,2,1,44,0,5,3
FIR03791,0,2,12.932711,77.679629,2025-06-21,1900-01-01 07:13:15,2,0,36,2,2,7
FIR03792,8,7,12.924958,77.590684,2025-03-13,1900-01-01 21:43:22,1,1,42,1,4,21
FIR03793,4,9,12.975377,77.609872,2026-06-26,1900-01-01 20:21:19,2,1,18,0,0,20
FIR03794,8,4,12.910572,77.646161,2026-05-21,1900-01-01 13:42:38,1,2,55,0,4,13
FIR03795,7,2,12.924402,77.677741,2025-06-08,1900-01-01 08:23:03,0,2,45,1,3,8
FIR03796,2,1,12.913703,77.571056,2026-03-06,1900-01-01 14:00:14,2,2,68,1,0,14
FIR03797,5,7,12.922939,77.59591,2026-06-23,1900-01-01 18:56:28,0,1,32,0,5,18
FIR03798,6,12,12.99191,77.550241,2026-06-28,1900-01-01 17:15:54,0,2,43,1,3,17
FIR03799,3,0,12.913729,77.612586,2026-07-22,1900-01-01 22:01:10,2,1,52,2,6,22
FIR03800,6,8,12.932203,77.625401,2026-05-31,1900-01-01 04:19:06,0,0,48,1,3,4
FIR03801,5,8,12.930615,77.621895,2026-07-05,1900-01-01 03:23:08,0,0,21,0,3,3
FIR03802,2,2,12.930046,77.678768,2024-09-08,1900-01-01 13:07:18,2,0,22,2,3,13
FIR03803,0,13,12.968431,77.744965,2026-03-27,1900-01-01 23:52:43,2,1,55,1,0,23
FIR03804,1,5,13.032987,77.594886,2024-11-10,1900-01-01 21:17:19,2,2,67,0,3,21
FIR03805,3,2,12.924121,77.679981,2026-07-11,1900-01-01 06:15:57,2,0,70,2,2,6
FIR03806,1,7,12.924777,77.59433,2025-03-08,1900-01-01 01:20:14,2,1,40,2,2,1
FIR03807,9,10,12.998628,77.566482,2025-07-02,1900-01-01 15:42:01,1,1,28,0,6,15
FIR03808,9,0,12.913745,77.613395,2025-07-10,1900-01-01 05:43:53,1,0,39,2,4,5
FIR03809,1,9,12.977896,77.602059,2024-11-28,1900-01-01 04:41:24,2,0,69,2,4,4
FIR03810,2,11,12.955385,77.695365,2024-08-09,1900-01-01 06:15:45,2,0,39,2,0,6
FIR03811,9,3,12.844348,77.67644,2024-10-08,1900-01-01 16:42:36,1,2,49,2,5,16
FIR03812,0,0,12.912918,77.611889,2024-10-07,1900-01-01 10:01:51,2,2,55,0,1,10
FIR03813,2,0,12.917819,77.605265,2025-07-13,1900-01-01 10:40:46,2,2,50,0,3,10
FIR03814,7,4,12.910987,77.649106,2026-02-03,1900-01-01 10:40:11,0,1,63,0,5,10
FIR03815,4,5,13.034291,77.599733,2025-01-29,1900-01-01 13:15:06,2,0,29,2,6,13
FIR03816,1,12,12.988245,77.55795,2025-12-25,1900-01-01 23:37:40,2,1,68,2,4,23
FIR03817,1,4,12.907094,77.64911,2026-01-23,1900-01-01 09:11:06,2,2,45,2,0,9
FIR03818,5,5,13.033433,77.59437,2025-03-06,1900-01-01 01:40:08,0,1,26,1,4,1
FIR03819,3,8,12.934033,77.625642,2026-02-28,1900-01-01 11:54:59,2,0,42,1,2,11
FIR03820,7,11,12.959256,77.695902,2024-08-17,1900-01-01 20:13:04,0,0,29,2,2,20
FIR03821,2,2,12.931962,77.675169,2026-01-31,1900-01-01 18:02:08,2,0,43,2,2,18
FIR03822,1,10,13.004965,77.567645,2026-07-08,1900-01-01 02:25:18,2,2,48,0,6,2
FIR03823,0,12,12.995693,77.551018,2024-12-23,1900-01-01 12:20:29,2,0,52,1,1,12
FIR03824,0,7,12.922645,77.593296,2025-05-20,1900-01-01 06:55:15,2,0,44,2,5,6
FIR03825,1,7,12.922551,77.592019,2026-07-14,1900-01-01 05:06:36,2,1,31,0,5,5
FIR03826,8,14,13.099557,77.600517,2024-12-28,1900-01-01 16:23:40,1,2,18,2,2,16
FIR03827,7,11,12.955705,77.693236,2025-12-12,1900-01-01 09:10:59,0,2,63,0,0,9
FIR03828,9,7,12.926055,77.596807,2025-01-08,1900-01-01 09:20:40,1,2,29,1,6,9
FIR03829,4,1,12.922042,77.577894,2025-10-18,1900-01-01 16:46:08,2,0,41,2,2,16
FIR03830,2,9,12.975931,77.601419,2025-11-21,1900-01-01 18:26:19,2,0,34,2,0,18
FIR03831,6,13,12.968752,77.749645,2024-08-31,1900-01-01 13:12:10,0,1,62,2,2,13
FIR03832,0,3,12.839325,77.673595,2024-09-11,1900-01-01 10:03:33,2,0,67,0,6,10
FIR03833,2,14,13.095812,77.591727,2025-03-18,1900-01-01 03:40:56,2,2,22,0,5,3
FIR03834,7,11,12.961317,77.693983,2026-02-05,1900-01-01 20:45:57,0,2,58,2,4,20
FIR03835,5,11,12.963184,77.69365,2025-04-18,1900-01-01 10:46:11,0,0,59,0,0,10
FIR03836,2,12,12.992603,77.550142,2025-05-29,1900-01-01 22:28:48,2,2,57,2,4,22
FIR03837,1,2,12.927924,77.673984,2025-12-11,1900-01-01 16:03:09,2,1,60,2,4,16
FIR03838,6,1,12.920651,77.574205,2025-03-21,1900-01-01 06:03:23,0,1,20,0,0,6
FIR03839,2,10,13.006499,77.572242,2025-12-12,1900-01-01 22:45:47,2,1,51,1,0,22
FIR03840,0,5,13.040725,77.593839,2025-04-16,1900-01-01 20:21:18,2,0,44,1,6,20
FIR03841,9,8,12.936038,77.628263,2026-07-09,1900-01-01 05:34:43,1,2,51,2,4,5
FIR03842,1,0,12.919666,77.6072,2024-09-08,1900-01-01 14:03:04,2,1,38,2,3,14
FIR03843,3,11,12.958322,77.69309,2025-08-06,1900-01-01 23:09:45,2,0,27,0,6,23
FIR03844,5,2,12.925456,77.675275,2024-07-25,1900-01-01 05:53:55,0,0,34,0,4,5
FIR03845,3,13,12.969716,77.75095,2025-06-05,1900-01-01 12:53:58,2,1,40,0,4,12
FIR03846,2,2,12.924202,77.671817,2024-11-05,1900-01-01 08:41:27,2,0,40,1,5,8
FIR03847,8,5,13.035337,77.601132,2024-11-03,1900-01-01 19:01:39,1,0,25,1,3,19
FIR03848,9,9,12.974969,77.608712,2025-04-05,1900-01-01 17:59:58,1,1,68,2,2,17
FIR03849,7,7,12.926381,77.592262,2024-11-25,1900-01-01 04:08:57,0,2,44,0,1,4
FIR03850,3,8,12.932209,77.629283,2024-11-26,1900-01-01 07:57:59,2,1,67,1,5,7
FIR03851,7,7,12.925285,77.596411,2025-07-07,1900-01-01 22:49:13,0,1,61,2,1,22
FIR03852,7,9,12.980575,77.606699,2026-02-05,1900-01-01 09:03:04,0,1,32,0,4,9
FIR03853,3,12,12.986877,77.55834,2025-09-27,1900-01-01 07:03:15,2,0,53,2,2,7
FIR03854,0,4,12.909858,77.643934,2025-02-07,1900-01-01 10:21:51,2,0,30,0,0,10
FIR03855,1,14,13.096533,77.591461,2026-03-26,1900-01-01 12:46:26,2,2,53,0,4,12
FIR03856,0,2,12.925422,77.674663,2024-11-30,1900-01-01 16:16:48,2,2,49,2,2,16
FIR03857,9,5,13.040249,77.594199,2025-04-30,1900-01-01 13:39:18,1,2,48,1,6,13
FIR03858,0,4,12.911151,77.649123,2026-06-06,1900-01-01 20:37:14,2,1,50,0,2,20
FIR03859,9,5,13.036583,77.595532,2025-04-13,1900-01-01 19:50:36,1,2,58,1,3,19
FIR03860,3,1,12.919689,77.569979,2025-04-07,1900-01-01 09:04:25,2,2,69,0,1,9
FIR03861,6,13,12.970892,77.745494,2024-09-20,1900-01-01 15:13:47,0,2,68,2,0,15
FIR03862,7,13,12.968759,77.749724,2026-03-31,1900-01-01 13:38:02,0,2,50,1,5,13
FIR03863,0,14,13.097554,77.595455,2025-05-13,1900-01-01 01:53:14,2,1,49,0,5,1
FIR03864,0,14,13.102284,77.594031,2025-09-01,1900-01-01 16:18:31,2,1,23,2,1,16
FIR03865,5,14,13.097745,77.595525,2025-05-28,1900-01-01 17:10:08,0,1,37,0,6,17
FIR03866,1,13,12.97476,77.747325,2026-04-03,1900-01-01 05:02:13,2,0,21,2,0,5
FIR03867,8,0,12.914082,77.610554,2024-08-19,1900-01-01 19:57:27,1,0,66,0,1,19
FIR03868,5,13,12.96777,77.752097,2026-06-28,1900-01-01 20:45:45,0,2,35,2,3,20
FIR03869,4,3,12.844102,77.681353,2024-11-18,1900-01-01 09:05:31,2,1,48,2,1,9
FIR03870,2,8,12.936603,77.623447,2024-11-16,1900-01-01 21:11:37,2,1,35,2,2,21
FIR03871,5,9,12.971983,77.602891,2025-05-13,1900-01-01 17:42:30,0,2,35,1,5,17
FIR03872,4,10,13.004579,77.574687,2026-06-19,1900-01-01 15:44:22,2,0,33,1,0,15
FIR03873,0,13,12.971229,77.748536,2024-07-23,1900-01-01 15:52:54,2,1,37,0,5,15
FIR03874,6,9,12.973283,77.600389,2025-11-08,1900-01-01 19:32:38,0,2,38,1,2,19
FIR03875,2,10,13.001771,77.571369,2025-12-01,1900-01-01 16:18:39,2,2,48,1,1,16
FIR03876,1,6,12.97503,77.642881,2026-02-22,1900-01-01 14:01:16,2,1,19,1,3,14
FIR03877,3,0,12.915053,77.606087,2024-10-05,1900-01-01 12:24:47,2,2,47,0,2,12
FIR03878,2,11,12.958882,77.699467,2026-04-09,1900-01-01 02:38:22,2,2,43,2,4,2
FIR03879,7,1,12.918324,77.575942,2025-02-20,1900-01-01 22:12:30,0,0,31,1,4,22
FIR03880,2,11,12.959117,77.700301,2024-10-04,1900-01-01 02:40:52,2,0,32,0,0,2
FIR03881,7,10,13.004219,77.573284,2024-11-04,1900-01-01 08:17:43,0,2,43,2,1,8
FIR03882,9,8,12.934557,77.62795,2026-04-12,1900-01-01 15:08:15,1,0,66,0,3,15
FIR03883,1,9,12.973847,77.607666,2026-07-08,1900-01-01 22:33:50,2,2,18,1,6,22
FIR03884,0,8,12.936624,77.622311,2024-12-10,1900-01-01 17:07:14,2,2,19,2,5,17
FIR03885,8,4,12.91506,77.652,2025-03-03,1900-01-01 07:18:02,1,1,29,0,1,7
FIR03886,5,2,12.923327,77.674868,2025-11-22,1900-01-01 03:02:38,0,0,34,1,2,3
FIR03887,0,14,13.105435,77.597527,2024-10-02,1900-01-01 15:02:24,2,2,42,0,6,15
FIR03888,4,1,12.915454,77.573188,2026-02-26,1900-01-01 09:37:48,2,2,26,2,4,9
FIR03889,3,14,13.099915,77.593793,2024-11-15,1900-01-01 09:21:37,2,0,60,0,0,9
FIR03890,8,1,12.915895,77.572681,2025-03-06,1900-01-01 13:31:46,1,2,69,0,4,13
FIR03891,3,0,12.918671,77.608281,2026-06-18,1900-01-01 09:32:29,2,1,37,1,4,9
FIR03892,3,14,13.095905,77.59374,2026-04-28,1900-01-01 12:12:28,2,2,29,0,5,12
FIR03893,9,14,13.10188,77.597016,2025-06-01,1900-01-01 05:46:29,1,1,46,2,3,5
FIR03894,6,4,12.915644,77.649893,2025-03-08,1900-01-01 22:17:21,0,1,27,1,2,22
FIR03895,1,7,12.92457,77.598747,2025-06-19,1900-01-01 15:34:45,2,2,50,2,4,15
FIR03896,3,12,12.992339,77.549917,2024-07-27,1900-01-01 01:23:02,2,2,32,0,2,1
FIR03897,4,1,12.920919,77.574258,2026-01-27,1900-01-01 00:35:51,2,2,52,0,5,0
FIR03898,0,14,13.101802,77.592999,2025-04-21,1900-01-01 03:03:58,2,2,40,0,1,3
FIR03899,0,4,12.914736,77.652344,2024-09-12,1900-01-01 10:42:51,2,2,29,2,4,10
FIR03900,4,1,12.921435,77.572041,2025-06-03,1900-01-01 18:47:59,2,0,38,2,5,18
FIR03901,3,6,12.977785,77.643845,2026-07-15,1900-01-01 17:43:06,2,0,57,0,6,17
FIR03902,8,12,12.991462,77.550308,2024-09-17,1900-01-01 00:25:34,1,1,44,2,5,0
FIR03903,3,3,12.835227,77.674212,2025-09-18,1900-01-01 23:58:54,2,2,45,2,4,23
FIR03904,3,10,13.000583,77.571553,2025-02-19,1900-01-01 16:54:59,2,0,35,0,6,16
FIR03905,4,10,12.998518,77.570554,2026-02-18,1900-01-01 09:07:54,2,0,27,1,6,9
FIR03906,8,13,12.969211,77.749331,2025-04-22,1900-01-01 01:02:22,1,0,60,0,5,1
FIR03907,0,1,12.919428,77.571166,2025-10-24,1900-01-01 23:05:09,2,1,23,2,0,23
FIR03908,3,7,12.928177,77.594823,2026-04-30,1900-01-01 10:45:22,2,2,44,2,4,10
FIR03909,5,3,12.839272,77.678485,2026-06-25,1900-01-01 05:33:37,0,0,45,0,4,5
FIR03910,7,0,12.912421,77.60989,2025-08-25,1900-01-01 08:35:48,0,1,24,0,1,8
FIR03911,2,7,12.926483,77.594109,2024-09-06,1900-01-01 03:35:46,2,0,21,1,0,3
FIR03912,8,11,12.959134,77.696892,2026-06-10,1900-01-01 02:11:41,1,2,21,2,6,2
FIR03913,9,2,12.928889,77.680904,2024-09-02,1900-01-01 00:42:59,1,1,67,1,1,0
FIR03914,2,6,12.973927,77.636928,2025-11-19,1900-01-01 16:53:50,2,1,37,2,6,16
FIR03915,6,9,12.979992,77.600143,2025-10-01,1900-01-01 08:57:55,0,1,39,2,6,8
FIR03916,4,12,12.987479,77.556909,2025-05-23,1900-01-01 05:09:47,2,2,53,1,0,5
FIR03917,9,6,12.976303,77.642948,2025-01-12,1900-01-01 23:42:09,1,1,52,1,3,23
FIR03918,4,3,12.841148,77.672487,2024-11-12,1900-01-01 14:10:26,2,2,25,1,5,14
FIR03919,2,3,12.839774,77.673912,2025-03-12,1900-01-01 23:33:38,2,2,19,2,6,23
FIR03920,4,8,12.934281,77.626763,2025-12-30,1900-01-01 15:49:48,2,0,57,0,5,15
FIR03921,1,2,12.926919,77.67931,2025-06-04,1900-01-01 16:24:09,2,2,63,1,6,16
FIR03922,9,7,12.921853,77.589013,2026-07-15,1900-01-01 08:47:12,1,2,65,0,6,8
FIR03923,6,5,13.03168,77.600024,2025-05-12,1900-01-01 20:26:30,0,1,25,2,1,20
FIR03924,6,8,12.931833,77.621928,2025-07-17,1900-01-01 20:22:28,0,0,54,1,4,20
FIR03925,7,10,13.006193,77.568854,2025-03-26,1900-01-01 10:16:55,0,0,21,1,6,10
FIR03926,8,7,12.928439,77.59864,2025-09-19,1900-01-01 13:23:09,1,1,19,0,0,13
FIR03927,8,13,12.973865,77.754725,2025-03-02,1900-01-01 23:25:59,1,0,48,2,3,23
FIR03928,0,8,12.933424,77.626726,2025-08-24,1900-01-01 18:36:52,2,0,47,2,3,18
FIR03929,6,6,12.98134,77.642364,2026-02-02,1900-01-01 08:42:15,0,2,34,1,1,8
FIR03930,3,12,12.988875,77.557703,2025-08-02,1900-01-01 15:21:44,2,0,58,1,2,15
FIR03931,6,9,12.976106,77.60523,2026-02-11,1900-01-01 16:58:57,0,0,60,2,6,16
FIR03932,6,12,12.994832,77.555324,2026-03-29,1900-01-01 14:13:16,0,1,61,2,3,14
FIR03933,5,12,12.988098,77.550302,2026-04-24,1900-01-01 07:42:01,0,1,30,2,0,7
FIR03934,8,11,12.96145,77.695753,2026-03-13,1900-01-01 19:46:47,1,2,44,0,0,19
FIR03935,1,4,12.910642,77.644473,2026-05-05,1900-01-01 23:35:11,2,0,57,2,5,23
FIR03936,1,10,13.007164,77.573818,2024-09-20,1900-01-01 09:49:14,2,2,40,2,0,9
FIR03937,5,10,13.0071,77.565873,2026-01-17,1900-01-01 14:07:53,0,2,47,2,2,14
FIR03938,5,8,12.93572,77.623292,2026-01-10,1900-01-01 05:07:37,0,2,46,2,2,5
FIR03939,6,9,12.978089,77.602196,2025-04-01,1900-01-01 05:56:17,0,1,35,1,5,5
FIR03940,6,8,12.933484,77.623758,2025-02-09,1900-01-01 21:03:17,0,0,21,0,3,21
FIR03941,4,12,12.994708,77.554911,2026-03-25,1900-01-01 11:14:33,2,2,56,1,6,11
FIR03942,1,7,12.923519,77.590432,2024-08-03,1900-01-01 08:09:44,2,2,35,2,2,8
FIR03943,1,14,13.099664,77.596202,2026-02-12,1900-01-01 06:51:45,2,1,37,2,4,6
FIR03944,7,4,12.911501,77.643143,2026-03-30,1900-01-01 01:24:40,0,2,40,0,1,1
FIR03945,4,9,12.970711,77.605282,2025-08-08,1900-01-01 07:43:58,2,2,36,1,0,7
FIR03946,2,13,12.974698,77.745011,2025-12-22,1900-01-01 18:16:40,2,1,46,1,1,18
FIR03947,4,1,12.92227,77.572072,2025-09-21,1900-01-01 04:18:47,2,0,53,0,3,4
FIR03948,0,1,12.919386,77.574255,2025-09-09,1900-01-01 14:55:12,2,1,41,0,5,14
FIR03949,3,5,13.035355,77.599717,2024-08-26,1900-01-01 10:53:47,2,0,20,0,1,10
FIR03950,0,14,13.103281,77.597964,2025-05-09,1900-01-01 18:03:18,2,2,40,2,0,18
FIR03951,9,0,12.917377,77.60838,2025-06-17,1900-01-01 16:01:45,1,0,37,1,5,16
FIR03952,6,14,13.101115,77.597274,2025-02-04,1900-01-01 04:58:38,0,0,65,1,5,4
FIR03953,2,7,12.926224,77.590702,2026-07-05,1900-01-01 16:26:36,2,0,29,2,3,16
FIR03954,0,13,12.970607,77.746117,2024-12-25,1900-01-01 11:08:47,2,1,53,2,6,11
FIR03955,9,5,13.031554,77.599736,2025-11-11,1900-01-01 09:03:47,1,1,61,2,5,9
FIR03956,0,14,13.095915,77.592424,2025-03-02,1900-01-01 05:00:24,2,1,31,1,3,5
FIR03957,3,14,13.101896,77.59626,2026-02-11,1900-01-01 23:22:57,2,0,36,0,6,23
FIR03958,2,9,12.977701,77.605816,2025-06-15,1900-01-01 10:11:17,2,0,65,0,3,10
FIR03959,6,11,12.959666,77.692824,2025-12-10,1900-01-01 16:46:58,0,0,20,2,6,16
FIR03960,5,13,12.970466,77.747815,2026-05-16,1900-01-01 15:06:04,0,2,64,0,2,15
FIR03961,7,7,12.920961,77.595701,2024-12-25,1900-01-01 02:21:13,0,2,41,1,6,2
FIR03962,9,0,12.91466,77.605685,2025-06-09,1900-01-01 17:36:58,1,2,56,0,1,17
FIR03963,5,1,12.919514,77.578292,2025-09-11,1900-01-01 02:09:49,0,1,24,1,4,2
FIR03964,0,3,12.842589,77.679715,2024-08-13,1900-01-01 15:40:26,2,1,41,2,5,15
FIR03965,1,14,13.095789,77.594361,2026-05-23,1900-01-01 05:22:01,2,1,33,2,2,5
FIR03966,5,1,12.914946,77.575115,2025-02-27,1900-01-01 11:26:04,0,2,61,0,4,11
FIR03967,2,9,12.980388,77.60422,2024-09-06,1900-01-01 21:34:43,2,1,70,0,0,21
FIR03968,9,4,12.908441,77.648055,2025-04-22,1900-01-01 04:12:03,1,1,35,2,5,4
FIR03969,9,9,12.980569,77.608661,2024-08-31,1900-01-01 09:34:07,1,2,69,1,2,9
FIR03970,0,2,12.930949,77.676213,2025-05-31,1900-01-01 12:38:05,2,2,19,2,2,12
FIR03971,8,2,12.927174,77.671846,2025-12-13,1900-01-01 11:28:34,1,1,62,1,2,11
FIR03972,1,7,12.926248,77.596046,2026-06-20,1900-01-01 11:42:21,2,2,20,1,2,11
FIR03973,7,10,13.007027,77.572896,2024-10-26,1900-01-01 01:01:19,0,2,70,1,2,1
FIR03974,9,11,12.962466,77.697963,2024-09-19,1900-01-01 17:57:08,1,2,31,2,4,17
FIR03975,5,7,12.922446,77.598105,2025-07-27,1900-01-01 00:00:41,0,2,60,2,3,0
FIR03976,5,12,12.99328,77.557282,2025-05-19,1900-01-01 18:35:05,0,1,46,1,1,18
FIR03977,3,14,13.096132,77.593889,2025-09-08,1900-01-01 19:37:41,2,2,27,0,1,19
FIR03978,6,0,12.919233,77.607629,2026-02-13,1900-01-01 03:50:21,0,0,56,2,0,3
FIR03979,5,4,12.916222,77.645309,2025-10-15,1900-01-01 13:49:50,0,1,28,1,6,13
FIR03980,3,14,13.103164,77.598312,2026-05-02,1900-01-01 04:49:37,2,1,18,2,2,4
FIR03981,3,5,13.035086,77.597503,2024-09-19,1900-01-01 16:01:43,2,0,58,1,4,16
FIR03982,6,14,13.100039,77.593797,2026-01-22,1900-01-01 05:57:54,0,0,56,1,4,5
FIR03983,1,7,12.92118,77.590199,2025-02-25,1900-01-01 05:24:34,2,1,54,1,5,5
FIR03984,9,5,13.032652,77.60061,2025-10-16,1900-01-01 09:47:00,1,0,53,0,4,9
FIR03985,8,4,12.910964,77.652335,2025-10-08,1900-01-01 15:15:49,1,2,44,2,6,15
FIR03986,9,4,12.907303,77.64831,2025-08-15,1900-01-01 19:15:51,1,0,70,1,0,19
FIR03987,2,4,12.910533,77.648463,2025-03-30,1900-01-01 06:52:02,2,0,36,1,3,6
FIR03988,6,2,12.930303,77.672182,2025-03-08,1900-01-01 11:14:17,0,1,22,2,2,11
FIR03989,1,8,12.936119,77.619529,2026-06-15,1900-01-01 02:51:36,2,2,54,1,1,2
FIR03990,6,5,13.035032,77.593106,2025-03-26,1900-01-01 18:06:37,0,1,49,0,6,18
FIR03991,6,14,13.098004,77.59793,2024-08-30,1900-01-01 01:39:25,0,2,41,0,0,1
FIR03992,4,10,12.999458,77.565638,2024-08-06,1900-01-01 01:50:13,2,0,62,2,5,1
FIR03993,9,2,12.925919,77.677925,2024-11-17,1900-01-01 01:26:30,1,2,64,0,3,1
FIR03994,3,11,12.960973,77.700324,2025-11-06,1900-01-01 05:40:54,2,0,45,2,4,5
FIR03995,9,7,12.926076,77.594625,2025-02-27,1900-01-01 20:24:55,1,0,21,1,4,20
FIR03996,3,13,12.969033,77.753799,2025-02-14,1900-01-01 02:21:18,2,2,25,1,0,2
FIR03997,3,1,12.91788,77.571136,2025-02-20,1900-01-01 14:40:38,2,2,25,1,4,14
FIR03998,3,14,13.097784,77.591783,2026-04-09,1900-01-01 08:03:49,2,1,52,1,4,8
FIR03999,9,12,12.993132,77.558237,2026-03-11,1900-01-01 15:02:31,1,2,70,2,6,15
FIR04000,1,9,12.976989,77.602494,2024-08-17,1900-01-01 12:08:23,2,1,19,2,2,12
FIR04001,2,0,12.913263,77.612659,2026-05-11,1900-01-01 02:54:14,2,2,57,0,1,2
FIR04002,5,13,12.970203,77.754203,2026-07-21,1900-01-01 20:15:37,0,2,52,1,5,20
FIR04003,2,5,13.033845,77.595397,2025-08-19,1900-01-01 18:00:53,2,1,28,1,5,18
FIR04004,6,0,12.913391,77.608336,2026-04-19,1900-01-01 08:12:16,0,2,49,2,3,8
FIR04005,3,10,12.998689,77.568669,2025-02-25,1900-01-01 21:10:15,2,2,38,1,5,21
FIR04006,7,4,12.909806,77.649141,2026-02-10,1900-01-01 17:30:16,0,0,24,2,5,17
FIR04007,8,6,12.979641,77.641867,2026-06-16,1900-01-01 09:32:26,1,2,26,2,5,9
FIR04008,1,4,12.909954,77.643329,2026-04-18,1900-01-01 19:20:00,2,1,60,2,2,19
FIR04009,9,4,12.913504,77.645953,2025-01-16,1900-01-01 06:41:25,1,0,26,0,4,6
FIR04010,2,0,12.913262,77.61461,2025-09-07,1900-01-01 14:07:34,2,0,23,2,3,14
FIR04011,1,2,12.930434,77.676308,2026-07-12,1900-01-01 12:20:08,2,2,30,1,3,12
FIR04012,9,5,13.038328,77.597965,2025-11-06,1900-01-01 13:00:37,1,2,32,0,4,13
FIR04013,0,1,12.920095,77.574879,2025-05-22,1900-01-01 13:00:29,2,2,60,1,4,13
FIR04014,3,14,13.096932,77.593806,2026-01-03,1900-01-01 17:00:44,2,1,39,1,2,17
FIR04015,5,1,12.919155,77.572316,2025-04-09,1900-01-01 13:12:17,0,2,54,1,6,13
FIR04016,4,1,12.91577,77.570247,2024-08-22,1900-01-01 15:21:54,2,1,24,2,4,15
FIR04017,2,9,12.970955,77.609509,2024-12-17,1900-01-01 18:02:58,2,2,57,0,5,18
FIR04018,5,14,13.098265,77.591316,2024-10-26,1900-01-01 19:46:54,0,0,41,1,2,19
FIR04019,1,12,12.995973,77.554957,2025-06-01,1900-01-01 11:30:36,2,1,57,2,3,11
FIR04020,4,5,13.035185,77.597852,2026-02-13,1900-01-01 05:25:52,2,1,31,2,0,5
FIR04021,1,10,13.00794,77.572847,2025-04-23,1900-01-01 02:34:09,2,2,64,2,6,2
FIR04022,1,14,13.102313,77.595735,2024-09-24,1900-01-01 22:30:48,2,1,19,0,5,22
FIR04023,2,0,12.912417,77.612013,2025-01-03,1900-01-01 15:06:24,2,1,42,1,0,15
FIR04024,6,11,12.958391,77.693433,2026-03-08,1900-01-01 13:25:47,0,2,63,2,3,13
FIR04025,9,10,13.00616,77.568529,2026-02-19,1900-01-01 18:12:17,1,1,22,2,4,18
FIR04026,9,8,12.939288,77.62047,2025-03-11,1900-01-01 13:40:38,1,1,55,2,5,13
FIR04027,2,8,12.936963,77.626153,2024-12-15,1900-01-01 17:01:19,2,0,36,0,3,17
FIR04028,2,5,13.031465,77.593104,2025-10-11,1900-01-01 11:18:02,2,1,53,0,2,11
FIR04029,0,4,12.906717,77.646948,2025-01-20,1900-01-01 21:42:32,2,2,18,1,1,21
FIR04030,0,2,12.925112,77.678601,2024-09-23,1900-01-01 07:16:26,2,2,68,2,1,7
FIR04031,1,1,12.914307,77.570414,2025-08-01,1900-01-01 12:14:49,2,1,38,0,0,12
FIR04032,1,3,12.844294,77.675019,2025-01-30,1900-01-01 04:21:33,2,1,63,2,4,4
FIR04033,0,0,12.913814,77.605348,2025-03-08,1900-01-01 06:20:12,2,1,41,1,2,6
FIR04034,8,13,12.969364,77.75007,2024-10-11,1900-01-01 19:34:54,1,2,34,2,0,19
FIR04035,8,6,12.981382,77.640254,2024-08-22,1900-01-01 05:19:28,1,2,22,2,4,5
FIR04036,4,3,12.843202,77.678809,2024-08-10,1900-01-01 02:52:55,2,2,37,2,2,2
FIR04037,1,13,12.969821,77.747666,2026-02-12,1900-01-01 21:53:41,2,1,52,2,4,21
FIR04038,3,0,12.915951,77.613463,2024-09-22,1900-01-01 22:28:10,2,1,45,0,3,22
FIR04039,2,10,13.006998,77.568698,2025-01-04,1900-01-01 21:57:19,2,0,59,1,2,21
FIR04040,2,7,12.924199,77.590726,2026-02-20,1900-01-01 09:11:55,2,1,27,0,0,9
FIR04041,2,1,12.915692,77.572116,2024-12-28,1900-01-01 05:33:14,2,2,21,1,2,5
FIR04042,7,8,12.936987,77.621161,2025-09-04,1900-01-01 22:49:25,0,0,63,1,4,22
FIR04043,7,8,12.937678,77.622058,2025-09-18,1900-01-01 05:45:34,0,0,53,2,4,5
FIR04044,1,7,12.928192,77.598102,2024-11-26,1900-01-01 12:03:07,2,1,51,2,5,12
FIR04045,7,2,12.932068,77.6779,2025-03-26,1900-01-01 04:00:52,0,1,52,0,6,4
FIR04046,6,5,13.033108,77.598803,2026-06-08,1900-01-01 15:15:17,0,1,44,0,1,15
FIR04047,3,14,13.103698,77.598692,2026-04-26,1900-01-01 08:11:11,2,1,42,2,3,8
FIR04048,2,14,13.100317,77.594237,2025-01-05,1900-01-01 08:57:53,2,2,38,2,3,8
FIR04049,6,6,12.975939,77.644256,2026-07-06,1900-01-01 18:44:47,0,1,43,2,1,18
FIR04050,4,14,13.099245,77.593712,2025-08-15,1900-01-01 17:39:14,2,2,70,0,0,17
FIR04051,3,6,12.975293,77.640745,2024-08-16,1900-01-01 11:55:32,2,0,63,2,0,11
FIR04052,8,13,12.968071,77.752644,2025-06-27,1900-01-01 01:03:47,1,0,31,1,0,1
FIR04053,8,8,12.934621,77.627716,2026-02-19,1900-01-01 17:32:35,1,0,38,2,4,17
FIR04054,0,11,12.963088,77.698412,2025-07-23,1900-01-01 07:56:41,2,1,69,1,6,7
FIR04055,0,14,13.095874,77.596946,2025-04-22,1900-01-01 06:14:48,2,0,25,1,5,6
FIR04056,0,4,12.907253,77.647372,2025-02-05,1900-01-01 03:46:02,2,0,52,1,6,3
FIR04057,5,14,13.102229,77.591854,2025-09-08,1900-01-01 12:09:52,0,0,44,0,1,12
FIR04058,7,0,12.920716,77.610549,2026-06-26,1900-01-01 01:25:50,0,0,23,0,0,1
FIR04059,0,5,13.035346,77.599838,2025-06-23,1900-01-01 04:51:14,2,1,63,2,1,4
FIR04060,4,11,12.955541,77.701753,2025-09-03,1900-01-01 03:50:10,2,2,32,2,6,3
FIR04061,6,7,12.921915,77.596105,2026-01-03,1900-01-01 23:48:24,0,1,30,1,2,23
FIR04062,7,14,13.104697,77.59169,2024-12-26,1900-01-01 17:24:42,0,0,70,1,4,17
FIR04063,0,1,12.918409,77.574115,2025-05-23,1900-01-01 04:13:37,2,0,38,2,0,4
FIR04064,2,12,12.995909,77.553311,2024-10-10,1900-01-01 16:45:43,2,2,60,2,4,16
FIR04065,4,12,12.995427,77.555741,2026-01-13,1900-01-01 18:18:52,2,0,47,2,5,18
FIR04066,2,9,12.976362,77.609217,2025-07-31,1900-01-01 03:14:56,2,2,46,0,4,3
FIR04067,5,2,12.932804,77.671656,2026-02-04,1900-01-01 20:13:09,0,1,37,1,6,20
FIR04068,8,2,12.924159,77.679474,2026-02-05,1900-01-01 21:01:43,1,0,18,1,4,21
FIR04069,5,1,12.920607,77.56852,2026-05-23,1900-01-01 23:02:36,0,0,40,0,2,23
FIR04070,9,13,12.969039,77.745128,2025-08-20,1900-01-01 21:25:03,1,2,31,2,6,21
FIR04071,0,9,12.977861,77.609653,2025-03-15,1900-01-01 09:31:55,2,2,50,0,2,9
FIR04072,3,12,12.987193,77.557252,2026-05-21,1900-01-01 20:22:28,2,1,30,2,4,20
FIR04073,0,4,12.916076,77.64321,2024-09-20,1900-01-01 13:55:45,2,1,62,0,0,13
FIR04074,1,13,12.96599,77.754344,2025-09-22,1900-01-01 16:17:02,2,1,30,2,1,16
FIR04075,1,1,12.922634,77.576386,2026-06-01,1900-01-01 16:38:29,2,0,33,2,1,16
FIR04076,4,1,12.918038,77.571687,2026-03-24,1900-01-01 21:07:58,2,1,51,1,5,21
FIR04077,6,8,12.936921,77.624206,2026-07-13,1900-01-01 23:34:59,0,2,22,1,1,23
FIR04078,5,3,12.84338,77.673403,2024-11-18,1900-01-01 23:42:00,0,0,65,0,1,23
FIR04079,6,13,12.96983,77.75274,2026-01-02,1900-01-01 21:55:16,0,2,38,0,0,21
FIR04080,2,11,12.954132,77.697901,2025-05-01,1900-01-01 05:23:10,2,2,69,2,4,5
FIR04081,3,8,12.940199,77.621778,2024-10-17,1900-01-01 11:34:38,2,2,45,0,4,11
FIR04082,2,14,13.101713,77.596516,2025-05-20,1900-01-01 21:22:18,2,1,70,2,5,21
FIR04083,1,1,12.915595,77.570704,2025-05-19,1900-01-01 18:16:52,2,1,66,0,1,18
FIR04084,7,3,12.843275,77.680782,2025-02-19,1900-01-01 20:25:01,0,1,40,1,6,20
FIR04085,2,11,12.961945,77.700718,2026-05-14,1900-01-01 11:40:39,2,2,68,0,4,11
FIR04086,2,12,12.995928,77.558718,2025-07-22,1900-01-01 03:25:48,2,1,51,2,5,3
FIR04087,0,4,12.913332,77.6483,2026-04-09,1900-01-01 18:25:45,2,1,61,0,4,18
FIR04088,7,0,12.917875,77.609713,2024-08-08,1900-01-01 20:07:52,0,0,64,2,4,20
FIR04089,6,0,12.915122,77.609419,2025-08-03,1900-01-01 16:45:59,0,1,32,0,3,16
FIR04090,9,7,12.926316,77.596249,2026-02-04,1900-01-01 20:32:53,1,1,27,2,6,20
FIR04091,8,13,12.967521,77.745993,2025-10-08,1900-01-01 02:24:23,1,2,57,0,6,2
FIR04092,3,5,13.038809,77.598709,2025-02-07,1900-01-01 19:02:15,2,0,60,0,0,19
FIR04093,0,1,12.922376,77.573891,2025-07-25,1900-01-01 19:06:01,2,2,55,1,0,19
FIR04094,9,12,12.987752,77.551049,2025-06-23,1900-01-01 04:01:57,1,1,22,0,1,4
FIR04095,7,2,12.930081,77.677731,2025-03-13,1900-01-01 01:14:29,0,1,26,1,4,1
FIR04096,3,7,12.928106,77.589315,2025-02-04,1900-01-01 23:38:08,2,2,55,0,5,23
FIR04097,7,14,13.096313,77.601241,2025-06-17,1900-01-01 05:46:21,0,1,25,1,5,5
FIR04098,4,6,12.974809,77.64296,2026-02-06,1900-01-01 02:16:39,2,2,36,0,0,2
FIR04099,9,4,12.907261,77.648333,2024-09-03,1900-01-01 16:43:48,1,1,65,0,5,16
FIR04100,5,11,12.960925,77.694769,2026-01-15,1900-01-01 12:05:20,0,1,58,1,4,12
FIR04101,4,6,12.980311,77.638853,2024-12-23,1900-01-01 06:53:41,2,0,49,2,1,6
FIR04102,5,5,13.039852,77.597349,2026-04-25,1900-01-01 05:27:40,0,0,59,1,2,5
FIR04103,8,5,13.040331,77.596962,2025-09-03,1900-01-01 07:01:51,1,1,54,0,6,7
FIR04104,5,5,13.039184,77.598788,2025-02-27,1900-01-01 12:10:11,0,2,46,1,4,12
FIR04105,9,7,12.927061,77.594461,2025-05-23,1900-01-01 01:45:57,1,0,33,0,0,1
FIR04106,6,0,12.918747,77.607416,2026-06-15,1900-01-01 11:07:08,0,2,25,2,1,11
FIR04107,4,1,12.91527,77.57564,2024-08-16,1900-01-01 12:56:56,2,1,53,1,0,12
FIR04108,6,3,12.837886,77.672094,2026-05-05,1900-01-01 15:36:38,0,1,19,2,5,15
FIR04109,7,7,12.929417,77.589393,2025-03-03,1900-01-01 16:12:20,0,1,27,1,1,16
FIR04110,2,5,13.038313,77.598333,2026-05-07,1900-01-01 04:02:28,2,1,48,0,4,4
FIR04111,1,0,12.914574,77.605184,2025-01-05,1900-01-01 20:39:52,2,0,41,1,3,20
FIR04112,8,10,13.001655,77.571504,2025-10-25,1900-01-01 05:34:16,1,1,60,0,2,5
FIR04113,5,9,12.971475,77.600376,2025-09-03,1900-01-01 03:58:51,0,2,60,2,6,3
FIR04114,1,3,12.844088,77.676836,2025-01-03,1900-01-01 08:51:03,2,1,44,0,0,8
FIR04115,0,1,12.91933,77.570888,2025-04-27,1900-01-01 06:08:19,2,2,62,1,3,6
FIR04116,7,10,13.001708,77.573093,2026-03-18,1900-01-01 18:51:02,0,2,31,1,6,18
FIR04117,4,6,12.973937,77.642812,2025-10-18,1900-01-01 13:37:34,2,0,39,0,2,13
FIR04118,5,2,12.932674,77.673332,2025-09-23,1900-01-01 20:59:44,0,1,46,1,5,20
FIR04119,4,7,12.922659,77.590206,2025-04-20,1900-01-01 14:26:55,2,1,51,0,3,14
FIR04120,8,11,12.95437,77.698159,2025-01-04,1900-01-01 22:18:21,1,1,27,1,2,22
FIR04121,0,11,12.962003,77.69253,2024-11-11,1900-01-01 22:19:20,2,1,28,2,1,22
FIR04122,9,4,12.916489,77.644987,2024-08-10,1900-01-01 17:28:00,1,0,53,2,2,17
FIR04123,1,4,12.912929,77.64767,2024-12-21,1900-01-01 10:47:47,2,2,39,2,2,10
FIR04124,6,14,13.102961,77.595549,2024-10-20,1900-01-01 21:39:05,0,2,53,2,3,21
FIR04125,8,5,13.034183,77.595803,2026-01-16,1900-01-01 02:54:57,1,1,51,1,0,2
FIR04126,6,9,12.976112,77.604482,2026-07-23,1900-01-01 17:46:44,0,1,18,1,4,17
FIR04127,3,2,12.924941,77.673014,2024-09-10,1900-01-01 18:16:29,2,0,38,1,5,18
FIR04128,6,5,13.03366,77.593931,2025-12-28,1900-01-01 13:59:57,0,0,32,1,3,13
FIR04129,3,8,12.936563,77.621079,2024-09-11,1900-01-01 23:28:08,2,1,49,2,6,23
FIR04130,4,12,12.989031,77.554663,2025-04-23,1900-01-01 02:37:13,2,0,34,2,6,2
FIR04131,6,7,12.925997,77.597687,2024-12-07,1900-01-01 05:28:26,0,2,39,1,2,5
FIR04132,6,8,12.933526,77.627727,2024-08-04,1900-01-01 20:46:43,0,0,67,2,3,20
FIR04133,4,2,12.924757,77.674942,2025-10-31,1900-01-01 04:15:52,2,2,67,2,0,4
FIR04134,7,3,12.843538,77.680942,2025-10-17,1900-01-01 04:53:02,0,0,37,0,0,4
FIR04135,9,6,12.981579,77.64133,2024-10-24,1900-01-01 06:18:10,1,1,44,2,4,6
FIR04136,8,11,12.95541,77.695463,2026-06-15,1900-01-01 21:12:51,1,0,43,2,1,21
FIR04137,8,0,12.913157,77.611153,2026-05-23,1900-01-01 16:01:47,1,0,48,1,2,16
FIR04138,3,14,13.099676,77.595474,2025-02-26,1900-01-01 08:42:49,2,2,41,0,6,8
FIR04139,7,1,12.916715,77.574507,2025-05-18,1900-01-01 07:28:45,0,1,47,1,3,7
FIR04140,8,12,12.990278,77.553946,2026-02-19,1900-01-01 12:28:34,1,0,69,1,4,12
FIR04141,4,0,12.91793,77.610192,2025-03-24,1900-01-01 13:46:42,2,2,24,1,1,13
FIR04142,9,0,12.913151,77.606698,2025-10-30,1900-01-01 12:59:58,1,1,66,0,4,12
FIR04143,7,14,13.101957,77.594067,2025-04-16,1900-01-01 18:48:55,0,2,34,2,6,18
FIR04144,4,13,12.973751,77.748906,2026-01-19,1900-01-01 01:45:59,2,1,49,0,1,1
FIR04145,0,0,12.917456,77.607126,2025-01-21,1900-01-01 23:25:02,2,1,35,0,5,23
FIR04146,5,4,12.907118,77.649141,2025-10-06,1900-01-01 08:16:01,0,2,63,1,1,8
FIR04147,4,2,12.92529,77.673422,2025-04-03,1900-01-01 12:09:36,2,0,35,2,4,12
FIR04148,4,9,12.979775,77.603844,2024-12-04,1900-01-01 01:06:54,2,1,34,1,6,1
FIR04149,9,12,12.989544,77.553484,2026-01-26,1900-01-01 23:04:15,1,1,70,0,1,23
FIR04150,7,0,12.916504,77.605147,2025-05-18,1900-01-01 16:50:39,0,1,50,1,3,16
FIR04151,6,7,12.924024,77.589069,2025-02-02,1900-01-01 13:03:33,0,0,66,0,3,13
FIR04152,4,4,12.909018,77.646593,2025-03-24,1900-01-01 20:28:14,2,1,19,1,1,20
FIR04153,3,6,12.975148,77.638505,2025-09-30,1900-01-01 00:38:57,2,2,41,0,5,0
FIR04154,6,14,13.100281,77.596462,2025-11-17,1900-01-01 01:35:50,0,0,56,0,1,1
FIR04155,1,13,12.97469,77.745022,2025-08-27,1900-01-01 07:36:16,2,0,21,0,6,7
FIR04156,2,2,12.925945,77.672673,2025-09-24,1900-01-01 16:23:07,2,0,39,1,6,16
FIR04157,2,14,13.100325,77.596819,2025-08-19,1900-01-01 04:28:19,2,0,37,2,5,4
FIR04158,2,8,12.936495,77.628168,2025-05-09,1900-01-01 12:22:34,2,2,41,0,0,12
FIR04159,2,12,12.990597,77.556833,2026-06-04,1900-01-01 15:49:09,2,0,23,0,4,15
FIR04160,9,4,12.906608,77.645388,2026-02-05,1900-01-01 05:39:54,1,2,50,1,4,5
FIR04161,4,11,12.958905,77.696698,2025-12-24,1900-01-01 14:37:10,2,2,56,2,6,14
FIR04162,0,6,12.979268,77.645035,2025-09-23,1900-01-01 03:33:05,2,1,45,0,5,3
FIR04163,4,9,12.974489,77.60912,2024-08-12,1900-01-01 10:33:40,2,0,26,0,1,10
FIR04164,3,5,13.033751,77.600343,2026-01-16,1900-01-01 05:09:41,2,0,38,0,0,5
FIR04165,9,4,12.910674,77.650925,2025-11-11,1900-01-01 01:02:37,1,0,43,1,5,1
FIR04166,7,12,12.990307,77.554399,2026-02-08,1900-01-01 09:46:01,0,1,44,2,3,9
FIR04167,5,0,12.916441,77.612904,2026-05-16,1900-01-01 08:32:53,0,2,41,2,2,8
FIR04168,4,0,12.91358,77.60962,2025-09-07,1900-01-01 09:47:04,2,1,20,0,3,9
FIR04169,0,11,12.958584,77.697931,2026-01-06,1900-01-01 03:04:38,2,1,62,2,5,3
FIR04170,5,3,12.837803,77.679174,2026-07-20,1900-01-01 02:08:19,0,2,57,1,1,2
FIR04171,7,8,12.938386,77.627203,2025-04-01,1900-01-01 13:06:44,0,1,47,0,5,13
FIR04172,4,4,12.908114,77.651763,2024-08-07,1900-01-01 11:30:03,2,2,22,1,6,11
FIR04173,1,14,13.099525,77.592976,2025-12-14,1900-01-01 17:00:05,2,2,67,1,3,17
FIR04174,5,4,12.909576,77.642408,2026-06-14,1900-01-01 10:24:05,0,1,58,0,3,10
FIR04175,4,6,12.977646,77.644683,2025-01-13,1900-01-01 20:21:42,2,2,49,0,1,20
FIR04176,0,5,13.039856,77.593965,2025-04-10,1900-01-01 14:58:47,2,1,58,0,4,14
FIR04177,1,4,12.911739,77.644919,2026-02-27,1900-01-01 19:01:56,2,1,34,0,0,19
FIR04178,0,13,12.971016,77.748339,2025-08-21,1900-01-01 00:01:41,2,0,68,1,4,0
FIR04179,9,9,12.976163,77.600705,2025-05-10,1900-01-01 08:03:00,1,1,69,2,2,8
FIR04180,3,7,12.923539,77.590838,2024-12-02,1900-01-01 04:30:41,2,1,58,1,1,4
FIR04181,4,11,12.957839,77.700455,2024-11-20,1900-01-01 18:37:01,2,0,56,0,6,18
FIR04182,6,11,12.954727,77.701923,2026-04-25,1900-01-01 22:21:53,0,2,41,0,2,22
FIR04183,0,11,12.962062,77.696639,2026-05-22,1900-01-01 07:49:43,2,1,25,0,0,7
FIR04184,0,4,12.908472,77.646016,2025-08-07,1900-01-01 05:47:37,2,2,45,1,4,5
FIR04185,4,4,12.912254,77.643767,2025-09-26,1900-01-01 02:00:35,2,1,50,0,0,2
FIR04186,9,13,12.965348,77.754843,2026-06-30,1900-01-01 14:12:25,1,0,40,2,5,14
FIR04187,5,13,12.964896,77.746717,2024-11-21,1900-01-01 06:46:24,0,2,22,2,4,6
FIR04188,5,12,12.987177,77.556718,2025-01-03,1900-01-01 06:47:40,0,2,18,2,0,6
FIR04189,1,9,12.979161,77.608527,2025-05-17,1900-01-01 21:10:36,2,2,35,1,2,21
FIR04190,2,1,12.919228,77.572433,2025-12-11,1900-01-01 19:43:22,2,2,40,1,4,19
FIR04191,4,12,12.988104,77.551191,2025-07-20,1900-01-01 07:17:44,2,2,33,2,3,7
FIR04192,3,0,12.917435,77.608597,2025-11-28,1900-01-01 18:49:51,2,1,22,2,0,18
FIR04193,1,1,12.915769,77.57751,2026-03-30,1900-01-01 12:14:22,2,2,49,2,1,12
FIR04194,3,0,12.919736,77.606389,2025-02-08,1900-01-01 13:21:45,2,0,19,1,2,13
FIR04195,7,4,12.914639,77.650638,2024-12-30,1900-01-01 09:30:55,0,2,28,1,1,9
FIR04196,3,9,12.972016,77.60958,2025-11-05,1900-01-01 21:28:27,2,1,49,0,6,21
FIR04197,4,4,12.913964,77.652026,2026-07-20,1900-01-01 15:40:56,2,1,64,0,1,15
FIR04198,9,10,13.000985,77.574916,2024-10-30,1900-01-01 00:44:47,1,1,28,0,6,0
FIR04199,3,1,12.914142,77.573979,2025-08-08,1900-01-01 15:23:28,2,2,37,0,0,15
FIR04200,0,3,12.844264,77.676853,2026-05-13,1900-01-01 15:37:13,2,1,32,2,6,15
FIR04201,2,13,12.974247,77.753767,2024-08-24,1900-01-01 16:58:44,2,2,68,1,2,16
FIR04202,7,3,12.844899,77.678962,2026-01-08,1900-01-01 06:35:20,0,1,63,2,4,6
FIR04203,9,4,12.912319,77.647345,2025-09-04,1900-01-01 07:31:42,1,0,37,1,4,7
FIR04204,0,4,12.91111,77.643494,2025-04-27,1900-01-01 09:58:47,2,1,69,0,3,9
FIR04205,7,0,12.911836,77.610928,2025-10-23,1900-01-01 01:49:39,0,2,20,2,4,1
FIR04206,8,12,12.992507,77.553138,2026-04-13,1900-01-01 06:01:01,1,0,69,1,1,6
FIR04207,9,3,12.839336,77.676018,2024-09-24,1900-01-01 12:20:13,1,0,46,1,5,12
FIR04208,8,0,12.918181,77.605857,2024-08-28,1900-01-01 20:43:12,1,0,64,0,6,20
FIR04209,6,14,13.102644,77.598187,2024-10-03,1900-01-01 20:15:57,0,1,27,0,4,20
FIR04210,5,12,12.98987,77.550338,2025-12-10,1900-01-01 11:25:08,0,1,57,2,6,11
FIR04211,8,10,13.00545,77.569742,2024-07-26,1900-01-01 17:03:34,1,1,50,0,0,17
FIR04212,3,10,13.005251,77.574604,2026-05-22,1900-01-01 16:19:33,2,1,36,0,0,16
FIR04213,2,7,12.925714,77.594617,2025-07-25,1900-01-01 22:53:08,2,1,24,1,0,22
FIR04214,8,6,12.979516,77.642156,2026-04-17,1900-01-01 06:25:03,1,2,33,2,0,6
FIR04215,6,10,13.0039,77.574207,2025-07-27,1900-01-01 19:38:32,0,1,31,0,3,19
FIR04216,4,0,12.913271,77.60907,2026-04-01,1900-01-01 13:10:16,2,2,66,1,6,13
FIR04217,0,8,12.934259,77.621514,2025-04-02,1900-01-01 22:43:02,2,2,37,1,6,22
FIR04218,3,6,12.981027,77.640684,2025-10-05,1900-01-01 07:57:39,2,2,25,0,3,7
FIR04219,9,14,13.096807,77.599495,2025-08-05,1900-01-01 20:43:43,1,1,43,2,5,20
FIR04220,7,11,12.962917,77.694726,2025-02-13,1900-01-01 22:10:39,0,2,63,1,4,22
FIR04221,6,10,13.001976,77.573188,2026-04-03,1900-01-01 16:21:45,0,0,35,0,0,16
FIR04222,1,10,12.998714,77.572385,2024-12-04,1900-01-01 07:18:56,2,2,65,2,6,7
FIR04223,8,13,12.965967,77.746185,2026-01-24,1900-01-01 15:09:20,1,0,63,0,2,15
FIR04224,8,3,12.836595,77.681141,2025-04-08,1900-01-01 16:54:40,1,0,26,2,5,16
FIR04225,2,0,12.91882,77.612918,2026-02-27,1900-01-01 17:13:34,2,1,46,1,0,17
FIR04226,9,6,12.973798,77.640296,2024-11-02,1900-01-01 13:45:43,1,1,28,1,2,13
FIR04227,8,1,12.922516,77.577964,2025-11-27,1900-01-01 17:18:51,1,0,50,0,4,17
FIR04228,6,1,12.914217,77.568709,2025-08-07,1900-01-01 05:32:46,0,2,28,2,4,5
FIR04229,9,10,13.001086,77.571368,2026-04-09,1900-01-01 15:08:19,1,2,45,1,4,15
FIR04230,7,8,12.931716,77.623129,2026-05-25,1900-01-01 08:33:10,0,1,53,1,1,8
FIR04231,3,9,12.971554,77.600927,2025-09-23,1900-01-01 15:15:57,2,1,23,2,5,15
FIR04232,4,11,12.961343,77.70025,2025-11-20,1900-01-01 14:38:03,2,0,30,2,4,14
FIR04233,7,9,12.97903,77.607169,2026-05-13,1900-01-01 12:57:29,0,0,57,2,6,12
FIR04234,5,11,12.9576,77.693723,2025-03-16,1900-01-01 23:53:49,0,0,66,0,3,23
FIR04235,6,8,12.931721,77.62359,2026-07-06,1900-01-01 05:50:30,0,2,30,0,1,5
FIR04236,0,7,12.927962,77.595654,2025-09-19,1900-01-01 06:12:06,2,1,67,2,0,6
FIR04237,5,6,12.981721,77.643539,2024-12-19,1900-01-01 14:04:39,0,0,27,2,4,14
FIR04238,0,3,12.843856,77.679946,2024-09-09,1900-01-01 20:20:14,2,0,59,1,1,20
FIR04239,9,14,13.100065,77.594391,2026-07-03,1900-01-01 00:28:37,1,1,21,0,0,0
FIR04240,1,8,12.937382,77.621193,2024-10-20,1900-01-01 18:52:06,2,0,66,0,3,18
FIR04241,7,13,12.969584,77.750928,2025-11-10,1900-01-01 15:15:39,0,1,45,0,1,15
FIR04242,3,13,12.969383,77.749691,2024-10-14,1900-01-01 15:12:01,2,0,51,0,1,15
FIR04243,7,1,12.920943,77.573762,2026-03-25,1900-01-01 19:02:57,0,0,44,1,6,19
FIR04244,2,10,13.00607,77.570337,2024-10-20,1900-01-01 03:43:18,2,1,38,1,3,3
FIR04245,5,6,12.977084,77.636992,2025-09-01,1900-01-01 01:16:11,0,2,67,1,1,1
FIR04246,9,10,13.003586,77.570375,2024-10-08,1900-01-01 06:29:01,1,0,29,1,5,6
FIR04247,1,2,12.930789,77.680647,2025-06-23,1900-01-01 16:15:14,2,1,51,0,1,16
FIR04248,9,13,12.965599,77.751623,2024-12-28,1900-01-01 20:14:52,1,1,43,2,2,20
FIR04249,1,10,13.004622,77.570996,2024-11-25,1900-01-01 11:15:34,2,1,58,1,1,11
FIR04250,4,11,12.955781,77.698679,2024-12-15,1900-01-01 19:43:42,2,1,35,1,3,19
FIR04251,3,3,12.836422,77.679196,2025-04-20,1900-01-01 02:36:47,2,2,63,0,3,2
FIR04252,9,12,12.994092,77.550463,2026-04-08,1900-01-01 00:15:21,1,0,21,0,6,0
FIR04253,4,4,12.911102,77.642915,2025-01-17,1900-01-01 01:41:37,2,0,34,2,0,1
FIR04254,0,5,13.036988,77.596778,2026-01-22,1900-01-01 01:37:28,2,0,27,0,4,1
FIR04255,9,14,13.095885,77.601261,2025-05-30,1900-01-01 15:41:45,1,0,70,2,0,15
FIR04256,0,10,13.006019,77.570757,2026-02-15,1900-01-01 17:21:51,2,2,22,0,3,17
FIR04257,2,2,12.931197,77.67478,2024-09-25,1900-01-01 10:27:30,2,2,39,0,6,10
FIR04258,8,9,12.979124,77.603374,2025-09-25,1900-01-01 07:15:28,1,1,57,1,4,7
FIR04259,3,1,12.921389,77.569164,2026-05-12,1900-01-01 17:40:19,2,0,18,1,5,17
FIR04260,5,6,12.980067,77.639488,2025-02-24,1900-01-01 01:26:09,0,1,25,2,1,1
FIR04261,7,2,12.926172,77.678023,2024-08-22,1900-01-01 09:47:44,0,2,69,1,4,9
FIR04262,6,8,12.932348,77.629247,2025-05-04,1900-01-01 22:34:47,0,1,61,1,3,22
FIR04263,2,2,12.923178,77.674735,2025-07-02,1900-01-01 10:36:09,2,2,43,0,6,10
FIR04264,0,6,12.973438,77.64388,2026-03-31,1900-01-01 19:57:58,2,1,58,0,5,19
FIR04265,9,11,12.954474,77.69436,2025-10-06,1900-01-01 12:08:16,1,0,26,1,1,12
FIR04266,1,2,12.928572,77.674808,2024-08-07,1900-01-01 14:20:33,2,1,58,0,6,14
FIR04267,4,13,12.967899,77.746425,2025-11-07,1900-01-01 10:20:07,2,1,58,2,0,10
FIR04268,5,1,12.914002,77.573667,2025-12-04,1900-01-01 15:38:07,0,2,54,0,4,15
FIR04269,3,0,12.917985,77.614114,2025-05-21,1900-01-01 12:17:29,2,0,20,1,6,12
FIR04270,5,6,12.982526,77.637882,2025-04-13,1900-01-01 03:10:01,0,2,53,1,3,3
FIR04271,5,3,12.841946,77.68138,2025-01-16,1900-01-01 03:51:03,0,2,46,0,4,3
FIR04272,5,0,12.915977,77.611749,2026-02-08,1900-01-01 09:38:06,0,0,58,1,3,9
FIR04273,1,4,12.916519,77.643705,2025-09-12,1900-01-01 16:59:26,2,1,22,0,0,16
FIR04274,1,3,12.838576,77.679366,2024-11-27,1900-01-01 03:05:18,2,1,47,0,6,3
FIR04275,1,14,13.095793,77.598082,2024-08-08,1900-01-01 08:08:00,2,2,63,2,4,8
FIR04276,2,7,12.921944,77.59493,2025-02-26,1900-01-01 13:32:11,2,2,35,2,6,13
FIR04277,9,12,12.990929,77.558447,2025-01-08,1900-01-01 13:37:11,1,0,70,0,6,13
FIR04278,8,8,12.934259,77.624964,2025-08-04,1900-01-01 06:58:40,1,1,40,2,1,6
FIR04279,6,10,13.002107,77.566322,2025-05-25,1900-01-01 02:09:04,0,0,21,0,3,2
FIR04280,8,4,12.914981,77.6501,2026-05-19,1900-01-01 04:27:05,1,2,24,0,5,4
FIR04281,7,5,13.032856,77.600639,2026-05-27,1900-01-01 16:40:59,0,0,58,2,6,16
FIR04282,0,1,12.918301,77.569007,2024-11-06,1900-01-01 06:06:05,2,2,33,1,6,6
FIR04283,9,4,12.912653,77.646909,2025-11-14,1900-01-01 15:22:08,1,0,54,0,0,15
FIR04284,4,1,12.921126,77.571595,2026-03-24,1900-01-01 16:58:04,2,1,47,0,5,16
FIR04285,0,6,12.98196,77.640148,2026-02-09,1900-01-01 06:50:03,2,0,35,2,1,6
FIR04286,8,6,12.97819,77.639657,2026-03-15,1900-01-01 12:32:58,1,0,63,1,3,12
FIR04287,7,14,13.100809,77.598581,2024-10-16,1900-01-01 02:19:13,0,0,70,1,6,2
FIR04288,3,9,12.973931,77.609358,2025-04-02,1900-01-01 21:15:05,2,2,56,2,6,21
FIR04289,9,2,12.92506,77.672761,2025-08-22,1900-01-01 01:15:55,1,1,63,0,0,1
FIR04290,9,13,12.967049,77.753739,2024-10-24,1900-01-01 20:47:20,1,2,65,0,4,20
FIR04291,1,12,12.995903,77.558216,2024-10-14,1900-01-01 06:58:30,2,1,46,2,1,6
FIR04292,5,6,12.981182,77.639819,2024-12-11,1900-01-01 08:34:16,0,2,40,0,6,8
FIR04293,5,8,12.935421,77.627227,2024-11-27,1900-01-01 11:33:34,0,0,62,0,6,11
FIR04294,7,9,12.979311,77.601437,2026-03-29,1900-01-01 18:17:06,0,0,18,2,3,18
FIR04295,6,3,12.839689,77.677248,2026-06-10,1900-01-01 02:03:56,0,1,40,0,6,2
FIR04296,1,13,12.964925,77.754369,2026-04-26,1900-01-01 02:40:57,2,0,26,0,3,2
FIR04297,7,14,13.09951,77.596892,2025-06-27,1900-01-01 01:59:24,0,2,68,1,0,1
FIR04298,0,10,13.000294,77.567571,2025-10-30,1900-01-01 05:15:08,2,1,55,0,4,5
FIR04299,8,13,12.966898,77.754117,2025-06-10,1900-01-01 02:38:28,1,0,56,2,5,2
FIR04300,2,3,12.840682,77.680217,2026-06-19,1900-01-01 13:36:56,2,2,23,0,0,13
FIR04301,1,14,13.102922,77.594454,2025-01-08,1900-01-01 12:18:09,2,2,48,2,6,12
FIR04302,6,8,12.930781,77.623696,2024-11-10,1900-01-01 07:00:25,0,0,26,0,3,7
FIR04303,1,11,12.958578,77.698786,2025-04-10,1900-01-01 09:43:15,2,2,43,1,4,9
FIR04304,2,5,13.03518,77.597561,2025-05-05,1900-01-01 03:27:48,2,2,20,1,1,3
FIR04305,4,4,12.912014,77.649844,2026-04-20,1900-01-01 04:16:36,2,2,55,1,1,4
FIR04306,7,6,12.977003,77.638535,2024-09-16,1900-01-01 00:52:39,0,0,54,1,1,0
FIR04307,5,7,12.927136,77.595333,2025-02-17,1900-01-01 23:51:06,0,0,50,0,1,23
FIR04308,8,13,12.97083,77.751547,2025-02-13,1900-01-01 23:51:48,1,1,55,2,4,23
FIR04309,6,1,12.923322,77.570302,2025-08-14,1900-01-01 17:29:59,0,2,70,0,4,17
FIR04310,2,12,12.987194,77.552802,2024-08-03,1900-01-01 08:05:20,2,0,46,0,2,8
FIR04311,1,0,12.913472,77.612115,2026-01-22,1900-01-01 00:05:18,2,2,65,2,4,0
FIR04312,5,6,12.975814,77.638875,2026-03-01,1900-01-01 10:45:48,0,1,55,1,3,10
FIR04313,6,13,12.97165,77.752954,2026-04-19,1900-01-01 04:42:26,0,0,45,0,3,4
FIR04314,2,9,12.974745,77.601418,2025-05-07,1900-01-01 06:08:42,2,1,55,0,6,6
FIR04315,2,10,13.001083,77.567022,2024-08-15,1900-01-01 20:11:55,2,1,61,0,4,20
FIR04316,1,3,12.842844,77.672816,2025-01-21,1900-01-01 07:12:37,2,1,53,0,5,7
FIR04317,2,2,12.926687,77.677423,2024-09-30,1900-01-01 13:15:04,2,0,61,0,1,13
FIR04318,1,10,13.001165,77.569408,2025-03-13,1900-01-01 21:56:06,2,1,30,1,4,21
FIR04319,8,7,12.924412,77.593005,2025-08-05,1900-01-01 07:03:53,1,2,53,2,5,7
FIR04320,2,2,12.92923,77.676625,2026-01-26,1900-01-01 22:38:14,2,0,22,0,1,22
FIR04321,0,8,12.938079,77.621023,2024-09-01,1900-01-01 04:26:56,2,2,26,1,3,4
FIR04322,2,10,12.999255,77.570721,2026-07-19,1900-01-01 04:39:03,2,2,26,2,3,4
FIR04323,8,4,12.907075,77.651773,2025-02-08,1900-01-01 06:39:02,1,1,31,2,2,6
FIR04324,6,8,12.933249,77.61977,2024-11-27,1900-01-01 06:29:14,0,1,46,0,6,6
FIR04325,7,3,12.835337,77.68138,2025-05-04,1900-01-01 03:23:13,0,1,27,0,3,3
FIR04326,0,9,12.972079,77.600014,2025-04-26,1900-01-01 05:03:18,2,1,62,0,2,5
FIR04327,3,6,12.982337,77.64129,2024-08-30,1900-01-01 08:32:03,2,1,64,1,0,8
FIR04328,8,13,12.973191,77.754043,2025-03-28,1900-01-01 11:07:40,1,2,22,0,0,11
FIR04329,4,14,13.099082,77.597891,2025-02-18,1900-01-01 04:12:56,2,1,23,1,5,4
FIR04330,1,14,13.099877,77.59264,2025-06-01,1900-01-01 05:13:46,2,1,62,1,3,5
FIR04331,4,12,12.987094,77.558227,2025-07-01,1900-01-01 01:14:33,2,0,41,1,5,1
FIR04332,1,11,12.959318,77.69479,2025-02-03,1900-01-01 16:13:29,2,0,44,2,1,16
FIR04333,4,9,12.973605,77.603007,2024-10-29,1900-01-01 05:27:48,2,1,44,2,5,5
FIR04334,0,13,12.970436,77.745251,2025-12-06,1900-01-01 14:41:29,2,1,22,2,2,14
FIR04335,7,13,12.965465,77.751828,2025-07-08,1900-01-01 08:57:38,0,0,52,0,5,8
FIR04336,2,8,12.936614,77.62098,2026-06-15,1900-01-01 21:18:18,2,2,36,0,1,21
FIR04337,9,7,12.920617,77.597833,2024-09-09,1900-01-01 00:46:17,1,1,54,1,1,0
FIR04338,4,5,13.032249,77.601712,2026-03-12,1900-01-01 13:57:15,2,2,27,0,4,13
FIR04339,0,0,12.913951,77.608782,2026-06-24,1900-01-01 12:03:08,2,0,39,2,6,12
FIR04340,7,14,13.099465,77.597083,2026-05-23,1900-01-01 12:43:32,0,2,44,1,2,12
FIR04341,8,1,12.922174,77.578378,2025-04-06,1900-01-01 06:10:00,1,1,53,0,3,6
FIR04342,5,14,13.103193,77.59153,2025-01-24,1900-01-01 13:04:13,0,1,54,1,0,13
FIR04343,1,2,12.925265,77.672289,2026-02-26,1900-01-01 16:39:37,2,2,70,1,4,16
FIR04344,6,14,13.104106,77.596024,2025-06-12,1900-01-01 17:34:03,0,1,69,1,4,17
FIR04345,5,14,13.096242,77.600272,2024-12-06,1900-01-01 16:21:02,0,2,57,2,0,16
FIR04346,1,10,13.003425,77.56679,2026-05-30,1900-01-01 02:14:02,2,2,19,2,2,2
FIR04347,8,0,12.912832,77.605882,2025-03-02,1900-01-01 04:32:00,1,2,50,1,3,4
FIR04348,6,6,12.981427,77.637626,2026-05-01,1900-01-01 14:24:11,0,1,63,1,0,14
FIR04349,5,6,12.977067,77.640893,2025-03-09,1900-01-01 04:26:08,0,1,63,1,3,4
FIR04350,7,4,12.912195,77.645468,2025-12-13,1900-01-01 12:01:25,0,2,57,0,2,12
FIR04351,1,9,12.976238,77.606108,2026-06-18,1900-01-01 01:51:02,2,0,69,2,4,1
FIR04352,7,13,12.967835,77.750346,2025-07-10,1900-01-01 18:19:08,0,0,19,0,4,18
FIR04353,6,11,12.961056,77.702216,2025-02-19,1900-01-01 07:51:58,0,0,49,1,6,7
FIR04354,5,10,13.006313,77.571443,2025-09-20,1900-01-01 01:21:12,0,2,56,0,2,1
FIR04355,4,1,12.915389,77.57398,2024-10-18,1900-01-01 08:39:25,2,2,43,2,0,8
FIR04356,7,13,12.965478,77.745651,2025-12-28,1900-01-01 06:38:01,0,0,35,2,3,6
FIR04357,4,8,12.937468,77.62171,2026-05-16,1900-01-01 02:57:47,2,1,33,0,2,2
FIR04358,4,13,12.970955,77.747523,2025-02-19,1900-01-01 03:35:42,2,1,52,0,6,3
FIR04359,5,1,12.917099,77.573625,2024-12-23,1900-01-01 17:10:06,0,0,57,0,1,17
FIR04360,9,5,13.03131,77.601105,2025-03-10,1900-01-01 19:25:03,1,0,62,1,1,19
FIR04361,9,8,12.933458,77.625356,2024-12-10,1900-01-01 17:10:10,1,1,56,2,5,17
FIR04362,7,2,12.930392,77.673641,2026-07-03,1900-01-01 16:04:23,0,0,58,0,0,16
FIR04363,2,2,12.931244,77.677866,2026-07-17,1900-01-01 21:36:47,2,0,33,2,0,21
FIR04364,7,1,12.913558,77.577928,2026-03-25,1900-01-01 10:01:38,0,1,55,1,6,10
FIR04365,4,8,12.930229,77.625412,2025-09-18,1900-01-01 08:34:49,2,2,68,2,4,8
FIR04366,0,1,12.918207,77.577507,2026-07-20,1900-01-01 05:59:26,2,0,70,0,1,5
FIR04367,3,9,12.975029,77.605201,2024-08-06,1900-01-01 12:28:03,2,2,22,0,5,12
FIR04368,5,13,12.97287,77.754849,2025-05-10,1900-01-01 18:18:30,0,1,65,2,2,18
FIR04369,5,0,12.91515,77.607029,2025-10-31,1900-01-01 16:08:23,0,1,20,0,0,16
FIR04370,5,4,12.910832,77.647457,2025-09-29,1900-01-01 03:45:14,0,2,31,1,1,3
FIR04371,9,5,13.038655,77.592644,2024-12-09,1900-01-01 12:09:14,1,0,54,1,1,12
FIR04372,8,10,13.001269,77.566422,2025-04-11,1900-01-01 16:31:20,1,0,35,1,0,16
FIR04373,5,4,12.909067,77.644148,2026-01-23,1900-01-01 16:47:28,0,2,57,2,0,16
FIR04374,6,5,13.031609,77.594853,2025-02-02,1900-01-01 14:30:46,0,1,24,2,3,14
FIR04375,8,1,12.915438,77.572643,2025-10-06,1900-01-01 03:16:50,1,1,58,2,1,3
FIR04376,7,9,12.978189,77.602299,2025-01-03,1900-01-01 10:53:51,0,1,70,2,0,10
FIR04377,7,3,12.839558,77.678931,2026-04-30,1900-01-01 07:24:52,0,1,22,1,4,7
FIR04378,8,1,12.916231,77.577213,2025-01-29,1900-01-01 01:49:55,1,1,29,1,6,1
FIR04379,6,8,12.932566,77.625716,2025-10-09,1900-01-01 07:04:16,0,0,53,2,4,7
FIR04380,3,13,12.974618,77.752239,2025-03-07,1900-01-01 22:20:47,2,2,18,0,0,22
FIR04381,5,13,12.970377,77.751111,2025-08-19,1900-01-01 23:05:58,0,0,54,2,5,23
FIR04382,2,8,12.9369,77.627416,2025-10-15,1900-01-01 20:28:25,2,0,47,0,6,20
FIR04383,3,10,13.002327,77.565601,2026-06-22,1900-01-01 09:38:01,2,1,44,0,1,9
FIR04384,8,7,12.921884,77.597439,2025-11-18,1900-01-01 20:42:21,1,0,20,1,5,20
FIR04385,5,3,12.843898,77.679213,2025-04-13,1900-01-01 20:42:25,0,2,27,2,3,20
FIR04386,5,3,12.842192,77.676448,2026-05-01,1900-01-01 22:23:48,0,1,65,2,0,22
FIR04387,5,4,12.908532,77.652276,2026-03-18,1900-01-01 20:56:30,0,1,46,2,6,20
FIR04388,8,12,12.991672,77.55243,2024-10-11,1900-01-01 10:12:04,1,1,38,0,0,10
FIR04389,4,10,13.00238,77.566195,2026-05-31,1900-01-01 21:12:50,2,2,61,2,3,21
FIR04390,4,2,12.931262,77.674849,2026-01-24,1900-01-01 17:09:03,2,0,62,2,2,17
FIR04391,6,5,13.035116,77.599169,2024-11-26,1900-01-01 00:41:09,0,1,40,1,5,0
FIR04392,0,13,12.968306,77.750422,2025-07-05,1900-01-01 02:03:47,2,1,46,2,2,2
FIR04393,5,12,12.993302,77.551555,2025-02-15,1900-01-01 22:03:46,0,1,38,1,2,22
FIR04394,0,0,12.919991,77.614727,2024-10-10,1900-01-01 16:31:16,2,1,66,2,4,16
FIR04395,8,4,12.915575,77.644191,2024-12-09,1900-01-01 07:35:19,1,0,44,0,1,7
FIR04396,5,10,13.001345,77.572931,2024-08-02,1900-01-01 02:36:17,0,0,69,1,0,2
FIR04397,6,1,12.919192,77.576711,2025-12-13,1900-01-01 00:27:51,0,1,34,0,2,0
FIR04398,4,10,13.005862,77.568833,2026-03-19,1900-01-01 18:03:13,2,1,27,2,4,18
FIR04399,2,6,12.974638,77.638925,2025-07-18,1900-01-01 03:29:20,2,2,19,2,0,3
FIR04400,1,14,13.099049,77.598078,2024-08-24,1900-01-01 11:42:17,2,2,47,2,2,11
FIR04401,4,2,12.927286,77.672048,2025-08-11,1900-01-01 22:59:32,2,2,60,0,1,22
FIR04402,2,11,12.960357,77.697084,2026-03-31,1900-01-01 22:34:46,2,1,41,2,5,22
FIR04403,8,9,12.978001,77.601282,2025-05-15,1900-01-01 12:44:24,1,1,63,0,4,12
FIR04404,6,6,12.976292,77.644527,2024-10-22,1900-01-01 22:03:51,0,2,52,2,5,22
FIR04405,4,12,12.991203,77.553861,2025-04-06,1900-01-01 11:54:29,2,0,62,2,3,11
FIR04406,5,7,12.92791,77.597417,2025-04-27,1900-01-01 05:11:08,0,0,34,2,3,5
FIR04407,0,7,12.926022,77.59415,2025-10-26,1900-01-01 06:42:03,2,1,35,0,3,6
FIR04408,9,1,12.917429,77.576832,2024-09-12,1900-01-01 18:32:36,1,1,31,1,4,18
FIR04409,8,3,12.837982,77.672128,2024-12-07,1900-01-01 00:15:03,1,1,58,1,2,0
FIR04410,1,8,12.931985,77.624507,2025-01-27,1900-01-01 21:22:42,2,0,65,1,1,21
FIR04411,5,3,12.835566,77.672801,2025-12-30,1900-01-01 03:18:21,0,2,60,2,5,3
FIR04412,6,9,12.980541,77.609611,2025-06-10,1900-01-01 17:14:46,0,1,51,2,5,17
FIR04413,5,9,12.972856,77.605062,2025-10-26,1900-01-01 06:44:39,0,2,23,2,3,6
FIR04414,2,6,12.979761,77.64081,2025-03-16,1900-01-01 19:47:07,2,2,27,0,3,19
FIR04415,2,10,13.007567,77.566653,2025-01-01,1900-01-01 00:25:05,2,1,29,2,6,0
FIR04416,3,4,12.916283,77.649736,2025-02-15,1900-01-01 01:54:26,2,2,69,2,2,1
FIR04417,1,9,12.975972,77.605868,2025-10-12,1900-01-01 19:00:35,2,0,32,0,3,19
FIR04418,8,1,12.92192,77.574095,2026-04-14,1900-01-01 07:40:29,1,1,19,1,5,7
FIR04419,4,2,12.923328,77.675558,2024-10-08,1900-01-01 16:59:47,2,2,40,0,5,16
FIR04420,7,8,12.938531,77.623702,2025-02-19,1900-01-01 16:17:29,0,1,28,1,6,16
FIR04421,2,5,13.034757,77.601986,2026-03-12,1900-01-01 10:24:59,2,0,51,1,4,10
FIR04422,6,3,12.844742,77.679322,2026-02-06,1900-01-01 06:15:01,0,2,28,0,0,6
FIR04423,8,10,13.004455,77.567504,2026-02-05,1900-01-01 00:02:01,1,1,19,0,4,0
FIR04424,2,7,12.921848,77.590261,2024-10-24,1900-01-01 03:26:35,2,0,68,2,4,3
FIR04425,0,2,12.924061,77.67975,2025-06-05,1900-01-01 13:27:31,2,0,42,2,4,13
FIR04426,2,14,13.097228,77.600343,2025-07-22,1900-01-01 05:27:36,2,2,34,1,5,5
FIR04427,0,11,12.962957,77.700976,2026-02-27,1900-01-01 14:15:48,2,0,65,0,0,14
FIR04428,8,12,12.986973,77.550537,2024-09-27,1900-01-01 15:17:55,1,2,53,0,0,15
FIR04429,8,14,13.104121,77.595671,2025-05-24,1900-01-01 10:55:33,1,2,55,0,2,10
FIR04430,6,9,12.973388,77.602605,2026-07-23,1900-01-01 19:42:19,0,2,44,1,4,19
FIR04431,1,6,12.982574,77.644003,2026-03-20,1900-01-01 16:06:32,2,2,60,1,0,16
FIR04432,9,8,12.940061,77.626485,2025-05-13,1900-01-01 08:05:35,1,1,24,2,5,8
FIR04433,4,12,12.991477,77.551111,2026-07-04,1900-01-01 09:15:18,2,2,28,0,2,9
FIR04434,2,10,13.005521,77.568131,2026-03-08,1900-01-01 04:49:58,2,2,37,0,3,4
FIR04435,9,3,12.8382,77.679309,2025-06-16,1900-01-01 20:38:15,1,0,27,1,1,20
FIR04436,8,11,12.96277,77.698614,2025-02-02,1900-01-01 17:29:08,1,2,66,2,3,17
FIR04437,7,14,13.09993,77.597221,2026-05-29,1900-01-01 16:32:54,0,0,39,2,0,16
FIR04438,1,13,12.968104,77.745175,2025-11-20,1900-01-01 17:02:45,2,1,59,2,4,17
FIR04439,2,9,12.973497,77.600636,2025-10-11,1900-01-01 18:20:39,2,2,70,1,2,18
FIR04440,2,10,12.998767,77.569528,2024-12-25,1900-01-01 10:25:02,2,1,66,0,6,10
FIR04441,2,13,12.968423,77.747364,2025-12-16,1900-01-01 22:06:07,2,1,38,1,5,22
FIR04442,9,8,12.938762,77.621631,2025-03-28,1900-01-01 23:31:36,1,0,58,0,0,23
FIR04443,7,12,12.98781,77.558641,2024-09-03,1900-01-01 19:45:28,0,2,69,2,5,19
FIR04444,0,0,12.919882,77.611313,2025-01-19,1900-01-01 00:34:28,2,1,46,1,3,0
FIR04445,9,8,12.93171,77.622964,2025-11-09,1900-01-01 17:13:25,1,1,56,2,3,17
FIR04446,8,13,12.967532,77.752026,2026-06-04,1900-01-01 23:08:18,1,1,43,0,4,23
FIR04447,2,3,12.835838,77.681799,2026-03-30,1900-01-01 08:27:41,2,2,56,2,1,8
FIR04448,0,8,12.935382,77.62704,2026-05-27,1900-01-01 13:32:46,2,1,64,0,6,13
FIR04449,2,11,12.956343,77.69941,2026-07-06,1900-01-01 03:43:44,2,0,26,2,1,3
FIR04450,9,0,12.912813,77.611604,2025-06-13,1900-01-01 11:06:16,1,2,52,2,0,11
FIR04451,2,10,13.000296,77.574877,2026-05-24,1900-01-01 08:46:58,2,2,58,0,3,8
FIR04452,0,3,12.835376,77.6769,2025-03-29,1900-01-01 11:49:24,2,1,35,1,2,11
FIR04453,0,10,13.00796,77.572044,2025-07-24,1900-01-01 22:28:15,2,2,50,0,4,22
FIR04454,7,1,12.916211,77.573897,2024-12-16,1900-01-01 14:48:45,0,0,32,1,1,14
FIR04455,3,10,13.002181,77.573066,2025-03-10,1900-01-01 09:46:48,2,0,32,0,1,9
FIR04456,3,8,12.936704,77.625987,2026-06-03,1900-01-01 12:42:55,2,1,31,0,6,12
FIR04457,3,8,12.93571,77.624738,2025-01-17,1900-01-01 14:10:31,2,0,31,0,0,14
FIR04458,6,0,12.912513,77.610289,2025-04-21,1900-01-01 07:03:42,0,0,65,2,1,7
FIR04459,3,11,12.957913,77.700848,2025-11-11,1900-01-01 08:26:30,2,0,55,1,5,8
FIR04460,0,3,12.835931,77.677162,2025-11-16,1900-01-01 08:58:36,2,1,19,2,3,8
FIR04461,4,0,12.912162,77.614646,2024-09-25,1900-01-01 14:54:55,2,1,69,2,6,14
FIR04462,0,9,12.978529,77.608543,2025-05-06,1900-01-01 11:48:44,2,0,27,2,5,11
FIR04463,7,3,12.839884,77.678221,2025-11-05,1900-01-01 18:55:12,0,2,21,2,6,18
FIR04464,2,4,12.912583,77.64407,2024-08-17,1900-01-01 12:12:05,2,2,23,2,2,12
FIR04465,0,13,12.967283,77.749483,2025-08-07,1900-01-01 22:15:38,2,0,42,2,4,22
FIR04466,3,2,12.923176,77.675933,2026-02-02,1900-01-01 18:59:37,2,1,52,0,1,18
FIR04467,7,12,12.990199,77.554824,2025-12-13,1900-01-01 02:51:35,0,0,22,0,2,2
FIR04468,4,1,12.914061,77.57513,2026-04-02,1900-01-01 00:22:12,2,0,60,2,4,0
FIR04469,2,9,12.974001,77.603499,2025-02-16,1900-01-01 07:34:34,2,2,48,2,3,7
FIR04470,3,5,13.038486,77.600513,2026-05-12,1900-01-01 09:11:23,2,0,42,2,5,9
FIR04471,8,10,13.006582,77.567216,2024-08-01,1900-01-01 06:06:53,1,2,52,2,4,6
FIR04472,7,13,12.967125,77.753794,2025-09-23,1900-01-01 23:21:19,0,0,51,0,5,23
FIR04473,0,8,12.940157,77.622903,2026-07-17,1900-01-01 09:27:22,2,1,62,2,0,9
FIR04474,9,7,12.929381,77.590235,2026-03-19,1900-01-01 03:11:39,1,0,39,0,4,3
FIR04475,4,9,12.979345,77.601608,2026-02-14,1900-01-01 19:07:55,2,0,31,1,2,19
FIR04476,8,14,13.098282,77.599265,2025-05-19,1900-01-01 07:38:20,1,1,63,1,1,7
FIR04477,7,10,12.999382,77.567843,2025-07-30,1900-01-01 21:59:39,0,2,70,2,6,21
FIR04478,1,9,12.979318,77.603039,2025-12-17,1900-01-01 22:51:33,2,1,33,1,6,22
FIR04479,4,0,12.912191,77.610845,2026-04-02,1900-01-01 01:57:09,2,0,49,0,4,1
FIR04480,1,8,12.932825,77.621966,2024-10-27,1900-01-01 20:17:43,2,0,30,2,3,20
FIR04481,4,12,12.988021,77.552334,2025-01-02,1900-01-01 22:07:27,2,1,51,0,4,22
FIR04482,0,2,12.930209,77.673688,2025-11-26,1900-01-01 00:42:09,2,2,38,2,6,0
FIR04483,8,10,13.000688,77.572456,2026-04-13,1900-01-01 01:15:54,1,0,23,1,1,1
FIR04484,6,8,12.938772,77.629222,2025-10-11,1900-01-01 20:51:36,0,0,69,2,2,20
FIR04485,4,2,12.923888,77.673675,2026-06-23,1900-01-01 03:44:11,2,0,30,0,5,3
FIR04486,7,10,12.999609,77.567051,2026-02-05,1900-01-01 22:41:18,0,0,67,2,4,22
FIR04487,4,1,12.914204,77.577602,2025-10-02,1900-01-01 22:36:28,2,1,26,1,4,22
FIR04488,4,1,12.914845,77.574035,2025-04-19,1900-01-01 04:21:28,2,0,23,1,2,4
FIR04489,8,5,13.034751,77.601901,2025-06-03,1900-01-01 00:35:28,1,0,47,1,5,0
FIR04490,2,6,12.978824,77.641419,2025-10-09,1900-01-01 21:30:44,2,1,42,1,4,21
FIR04491,9,4,12.90893,77.649495,2026-02-09,1900-01-01 01:53:12,1,0,27,1,1,1
FIR04492,9,6,12.973975,77.638358,2025-12-20,1900-01-01 06:44:28,1,0,52,1,2,6
FIR04493,7,6,12.976269,77.637468,2026-05-12,1900-01-01 00:09:05,0,2,48,0,5,0
FIR04494,9,4,12.909922,77.642486,2025-10-22,1900-01-01 08:20:15,1,0,50,2,6,8
FIR04495,1,9,12.97618,77.609775,2025-10-03,1900-01-01 23:51:38,2,0,51,2,0,23
FIR04496,1,4,12.916199,77.647287,2025-06-16,1900-01-01 21:37:30,2,2,19,2,1,21
FIR04497,1,7,12.926568,77.594184,2026-01-20,1900-01-01 19:08:45,2,0,61,1,5,19
FIR04498,4,9,12.970764,77.606029,2025-02-18,1900-01-01 02:39:39,2,0,55,2,5,2
FIR04499,5,6,12.981869,77.638198,2025-02-19,1900-01-01 06:51:00,0,0,68,2,6,6
FIR04500,7,6,12.977545,77.63779,2025-02-17,1900-01-01 18:14:38,0,1,37,1,1,18
FIR04501,6,4,12.909902,77.650846,2025-04-17,1900-01-01 19:54:18,0,1,61,1,4,19
FIR04502,1,13,12.968948,77.748814,2025-04-15,1900-01-01 08:45:51,2,0,59,2,5,8
FIR04503,8,10,13.000741,77.567617,2025-02-20,1900-01-01 16:35:34,1,0,51,2,4,16
FIR04504,3,2,12.929714,77.675087,2024-12-18,1900-01-01 14:41:20,2,0,39,1,6,14
FIR04505,6,3,12.837688,77.681384,2026-02-09,1900-01-01 05:47:24,0,2,49,0,1,5
FIR04506,8,5,13.03103,77.595227,2026-06-24,1900-01-01 18:46:24,1,1,47,2,6,18
FIR04507,3,8,12.933102,77.621676,2026-04-06,1900-01-01 04:28:09,2,2,23,0,1,4
FIR04508,6,8,12.93337,77.619878,2026-01-16,1900-01-01 20:21:35,0,0,27,1,0,20
FIR04509,3,3,12.838902,77.681788,2024-10-05,1900-01-01 20:30:53,2,2,29,2,2,20
FIR04510,4,12,12.993804,77.55636,2024-12-31,1900-01-01 02:37:25,2,2,53,0,5,2
FIR04511,3,14,13.100927,77.596968,2024-08-21,1900-01-01 04:29:57,2,2,43,1,6,4
FIR04512,8,0,12.917212,77.606017,2025-12-26,1900-01-01 02:53:40,1,0,51,1,0,2
FIR04513,8,4,12.915942,77.649877,2026-05-24,1900-01-01 05:22:08,1,2,40,1,3,5
FIR04514,4,3,12.83498,77.675813,2025-01-05,1900-01-01 12:19:55,2,1,50,1,3,12
FIR04515,3,0,12.918605,77.607831,2025-09-01,1900-01-01 16:13:56,2,0,36,0,1,16
FIR04516,6,14,13.09648,77.592603,2024-10-29,1900-01-01 21:29:01,0,0,49,0,5,21
FIR04517,0,7,12.928027,77.598331,2024-07-30,1900-01-01 15:05:10,2,1,31,1,5,15
FIR04518,6,2,12.925375,77.674731,2025-12-21,1900-01-01 10:49:04,0,2,64,0,3,10
FIR04519,2,1,12.918226,77.570368,2025-06-18,1900-01-01 20:44:42,2,2,69,0,6,20
FIR04520,7,3,12.839789,77.672145,2025-11-21,1900-01-01 04:47:26,0,1,56,1,0,4
FIR04521,0,9,12.977579,77.600311,2026-04-15,1900-01-01 06:49:49,2,0,38,2,6,6
FIR04522,4,6,12.978575,77.638375,2025-01-06,1900-01-01 13:12:42,2,2,32,1,1,13
FIR04523,6,0,12.919814,77.605276,2025-11-17,1900-01-01 23:35:05,0,0,58,0,1,23
FIR04524,2,7,12.922226,77.591655,2026-01-12,1900-01-01 21:14:38,2,0,58,1,1,21
FIR04525,5,3,12.838905,77.675792,2024-12-10,1900-01-01 03:43:38,0,1,34,0,5,3
FIR04526,4,2,12.924249,77.672153,2025-07-26,1900-01-01 09:51:09,2,2,46,1,2,9
FIR04527,8,10,13.00244,77.567342,2025-06-13,1900-01-01 11:30:28,1,0,18,0,0,11
FIR04528,8,2,12.927164,77.678883,2025-06-27,1900-01-01 01:59:21,1,2,49,2,0,1
FIR04529,5,1,12.914293,77.571783,2025-09-12,1900-01-01 21:41:06,0,1,29,0,0,21
FIR04530,0,10,13.003149,77.569615,2024-11-13,1900-01-01 17:22:56,2,2,45,2,6,17
FIR04531,0,7,12.928595,77.596866,2025-06-24,1900-01-01 10:13:38,2,0,45,2,5,10
FIR04532,4,5,13.032367,77.596226,2025-05-06,1900-01-01 03:37:52,2,1,62,1,5,3
FIR04533,2,4,12.911522,77.651725,2026-03-19,1900-01-01 01:41:18,2,0,52,1,4,1
FIR04534,1,12,12.990486,77.559148,2024-08-17,1900-01-01 09:37:41,2,0,56,1,2,9
FIR04535,1,11,12.959748,77.69521,2025-01-20,1900-01-01 11:50:54,2,1,67,1,1,11
FIR04536,7,4,12.912084,77.645929,2024-10-15,1900-01-01 04:16:08,0,1,70,1,5,4
FIR04537,0,5,13.03301,77.592039,2026-03-15,1900-01-01 20:38:15,2,2,38,0,3,20
FIR04538,8,6,12.975945,77.645699,2025-04-03,1900-01-01 06:29:38,1,2,70,1,4,6
FIR04539,0,3,12.843845,77.677008,2025-03-07,1900-01-01 12:19:51,2,2,45,2,0,12
FIR04540,9,13,12.97233,77.751325,2024-12-20,1900-01-01 02:32:22,1,1,59,1,0,2
FIR04541,0,11,12.958496,77.695158,2025-05-11,1900-01-01 11:38:22,2,1,61,1,3,11
FIR04542,2,3,12.836326,77.675027,2025-10-28,1900-01-01 22:24:25,2,1,37,1,5,22
FIR04543,0,5,13.034928,77.596045,2026-04-13,1900-01-01 22:54:52,2,1,69,0,1,22
FIR04544,4,4,12.913039,77.649226,2024-12-16,1900-01-01 05:58:33,2,1,48,1,1,5
FIR04545,3,5,13.039519,77.596999,2025-07-11,1900-01-01 09:18:53,2,1,22,2,0,9
FIR04546,1,11,12.959671,77.699715,2024-12-05,1900-01-01 12:46:03,2,0,57,2,4,12
FIR04547,3,1,12.919423,77.573293,2025-04-10,1900-01-01 03:00:45,2,1,21,2,4,3
FIR04548,8,14,13.100827,77.600891,2025-02-21,1900-01-01 20:12:20,1,0,21,1,0,20
FIR04549,7,0,12.912189,77.610113,2024-11-30,1900-01-01 20:42:54,0,1,31,0,2,20
FIR04550,1,3,12.844407,77.675439,2025-05-14,1900-01-01 17:30:07,2,1,51,0,6,17
FIR04551,3,14,13.096288,77.593169,2026-04-16,1900-01-01 13:37:57,2,0,38,1,4,13
FIR04552,2,6,12.974984,77.639066,2026-03-08,1900-01-01 10:52:47,2,1,67,1,3,10
FIR04553,5,12,12.987368,77.557061,2025-12-29,1900-01-01 16:47:52,0,2,57,0,1,16
FIR04554,3,1,12.921724,77.570024,2026-03-11,1900-01-01 15:37:18,2,2,19,1,6,15
FIR04555,8,8,12.930456,77.626653,2025-09-17,1900-01-01 07:29:41,1,2,46,0,6,7
FIR04556,3,13,12.967932,77.746192,2026-04-12,1900-01-01 10:31:05,2,2,27,2,3,10
FIR04557,7,2,12.925749,77.678581,2024-12-22,1900-01-01 11:18:04,0,0,57,1,3,11
FIR04558,4,2,12.93013,77.672873,2026-01-28,1900-01-01 21:13:21,2,0,30,0,6,21
FIR04559,4,4,12.909267,77.651261,2025-12-24,1900-01-01 17:03:23,2,0,59,0,6,17
FIR04560,1,13,12.968688,77.747987,2025-03-08,1900-01-01 10:23:41,2,0,66,2,2,10
FIR04561,9,11,12.957015,77.702298,2025-10-07,1900-01-01 10:28:59,1,0,63,2,5,10
FIR04562,3,9,12.976681,77.606293,2025-08-16,1900-01-01 18:25:19,2,1,19,0,2,18
FIR04563,9,2,12.925705,77.680531,2025-06-12,1900-01-01 16:33:18,1,2,69,1,4,16
FIR04564,4,10,13.003184,77.568102,2025-12-17,1900-01-01 20:14:20,2,0,26,1,6,20
FIR04565,9,13,12.974612,77.749083,2024-09-04,1900-01-01 18:44:22,1,1,33,1,6,18
FIR04566,5,7,12.924054,77.59014,2026-06-18,1900-01-01 17:26:22,0,2,70,0,4,17
FIR04567,3,12,12.989273,77.555783,2025-02-02,1900-01-01 04:43:09,2,0,42,1,3,4
FIR04568,7,6,12.978073,77.638882,2025-10-03,1900-01-01 07:55:30,0,0,49,0,0,7
FIR04569,0,12,12.993806,77.551605,2024-08-29,1900-01-01 22:04:57,2,2,48,2,4,22
FIR04570,7,2,12.928338,77.680056,2025-03-25,1900-01-01 00:33:40,0,0,66,0,5,0
FIR04571,9,13,12.971916,77.745825,2025-01-18,1900-01-01 22:18:34,1,0,40,0,2,22
FIR04572,1,12,12.990276,77.550614,2025-02-24,1900-01-01 04:28:56,2,2,56,2,1,4
FIR04573,6,12,12.995976,77.555613,2026-01-19,1900-01-01 11:43:30,0,1,53,0,1,11
FIR04574,3,4,12.910098,77.642613,2025-02-05,1900-01-01 18:04:40,2,1,28,1,6,18
FIR04575,0,0,12.921486,77.609005,2024-11-10,1900-01-01 21:01:20,2,0,67,0,3,21
FIR04576,6,14,13.103664,77.597204,2025-03-30,1900-01-01 18:23:21,0,1,70,1,3,18
FIR04577,6,11,12.962284,77.69724,2025-04-17,1900-01-01 05:48:12,0,2,66,2,4,5
FIR04578,3,1,12.922668,77.574246,2026-04-01,1900-01-01 09:40:19,2,1,40,0,6,9
FIR04579,0,8,12.938084,77.623997,2025-12-31,1900-01-01 13:00:57,2,1,57,0,6,13
FIR04580,9,8,12.938798,77.627313,2025-05-11,1900-01-01 13:40:06,1,0,39,2,3,13
FIR04581,2,12,12.988942,77.553719,2025-05-27,1900-01-01 08:22:20,2,1,23,2,5,8
FIR04582,8,0,12.917735,77.606497,2024-09-04,1900-01-01 03:52:33,1,1,56,1,6,3
FIR04583,2,12,12.988595,77.558049,2024-08-16,1900-01-01 19:59:27,2,0,59,1,0,19
FIR04584,1,11,12.954929,77.700529,2025-07-26,1900-01-01 07:31:09,2,2,62,2,2,7
FIR04585,8,6,12.974421,77.641168,2025-08-13,1900-01-01 08:30:37,1,0,66,1,6,8
FIR04586,6,3,12.837726,77.673211,2026-01-22,1900-01-01 04:26:25,0,0,59,0,4,4
FIR04587,0,5,13.035932,77.597516,2025-01-19,1900-01-01 05:30:23,2,2,28,1,3,5
FIR04588,8,12,12.992136,77.554622,2024-10-10,1900-01-01 04:50:10,1,1,43,2,4,4
FIR04589,8,12,12.993153,77.549705,2024-11-25,1900-01-01 03:11:43,1,1,19,1,1,3
FIR04590,5,12,12.993247,77.553295,2025-08-15,1900-01-01 15:21:58,0,2,64,2,0,15
FIR04591,5,8,12.939938,77.624616,2025-06-11,1900-01-01 01:46:28,0,1,18,1,6,1
FIR04592,1,2,12.930577,77.674095,2026-02-07,1900-01-01 08:19:27,2,1,52,2,2,8
FIR04593,7,9,12.978322,77.606392,2025-09-12,1900-01-01 15:55:05,0,0,35,1,0,15
FIR04594,0,14,13.097528,77.593358,2024-07-30,1900-01-01 20:25:32,2,1,50,0,5,20
FIR04595,2,2,12.928108,77.672557,2026-06-16,1900-01-01 17:57:57,2,1,42,0,5,17
FIR04596,0,5,13.032757,77.601725,2025-11-03,1900-01-01 03:40:31,2,2,43,0,1,3
FIR04597,3,11,12.956333,77.696533,2026-04-16,1900-01-01 19:42:20,2,0,35,2,4,19
FIR04598,6,9,12.971365,77.606228,2025-12-03,1900-01-01 08:10:53,0,2,45,0,6,8
FIR04599,2,9,12.977512,77.603157,2024-10-26,1900-01-01 13:25:15,2,0,48,1,2,13
FIR04600,1,1,12.916214,77.573305,2024-10-19,1900-01-01 08:41:35,2,2,23,0,2,8
FIR04601,7,9,12.97916,77.604483,2024-08-21,1900-01-01 02:04:24,0,2,28,0,6,2
FIR04602,4,9,12.973607,77.609015,2024-11-19,1900-01-01 22:35:06,2,0,69,0,5,22
FIR04603,2,2,12.930346,77.680799,2025-11-06,1900-01-01 17:38:59,2,0,26,1,4,17
FIR04604,4,3,12.83849,77.674926,2026-01-23,1900-01-01 19:07:28,2,2,54,0,0,19
FIR04605,0,5,13.039052,77.601433,2025-08-28,1900-01-01 21:03:07,2,1,41,2,4,21
FIR04606,7,10,13.006353,77.571331,2025-06-29,1900-01-01 22:40:54,0,1,41,2,3,22
FIR04607,7,0,12.918357,77.610086,2025-12-22,1900-01-01 19:57:56,0,1,36,2,1,19
FIR04608,2,9,12.973528,77.606084,2024-08-08,1900-01-01 00:03:18,2,2,40,1,4,0
FIR04609,6,2,12.929381,77.677915,2024-09-09,1900-01-01 06:25:51,0,0,51,0,1,6
FIR04610,7,3,12.835373,77.679269,2025-04-11,1900-01-01 12:23:33,0,0,58,2,0,12
FIR04611,1,4,12.909789,77.648593,2026-02-05,1900-01-01 13:27:11,2,2,45,1,4,13
FIR04612,8,14,13.096593,77.599117,2024-10-30,1900-01-01 02:12:21,1,0,44,1,6,2
FIR04613,6,4,12.913845,77.644817,2026-06-24,1900-01-01 02:01:02,0,1,65,1,6,2
FIR04614,7,6,12.973944,77.637909,2026-05-02,1900-01-01 11:23:24,0,2,39,1,2,11
FIR04615,2,8,12.940148,77.628683,2026-01-12,1900-01-01 12:14:52,2,1,31,2,1,12
FIR04616,2,7,12.927061,77.597529,2026-03-19,1900-01-01 12:04:20,2,1,63,1,4,12
FIR04617,6,6,12.979833,77.642429,2025-06-28,1900-01-01 09:28:15,0,2,68,1,2,9
FIR04618,3,9,12.979398,77.601501,2025-01-20,1900-01-01 23:20:22,2,0,61,2,1,23
FIR04619,6,7,12.923432,77.59563,2025-12-05,1900-01-01 07:08:33,0,1,49,1,0,7
FIR04620,0,10,13.002617,77.574132,2026-07-17,1900-01-01 00:24:04,2,0,59,1,0,0
FIR04621,1,9,12.973806,77.600394,2025-11-07,1900-01-01 08:53:48,2,1,28,0,0,8
FIR04622,3,1,12.916486,77.573664,2025-03-22,1900-01-01 18:01:38,2,1,64,0,2,18
FIR04623,2,4,12.907032,77.650343,2025-01-18,1900-01-01 19:24:00,2,1,38,1,2,19
FIR04624,3,1,12.921153,77.572454,2024-09-15,1900-01-01 21:51:54,2,1,41,0,3,21
FIR04625,3,3,12.838933,77.673843,2025-12-21,1900-01-01 20:15:25,2,2,20,1,3,20
FIR04626,7,8,12.933462,77.623072,2026-03-26,1900-01-01 03:30:34,0,0,66,1,4,3
FIR04627,4,14,13.095962,77.595533,2025-09-24,1900-01-01 06:59:20,2,1,27,1,6,6
FIR04628,5,14,13.097736,77.591584,2025-12-11,1900-01-01 02:34:07,0,0,57,0,4,2
FIR04629,9,13,12.965196,77.75327,2024-08-31,1900-01-01 23:31:18,1,1,59,0,2,23
FIR04630,8,11,12.958673,77.69714,2026-03-31,1900-01-01 12:25:58,1,2,27,1,5,12
FIR04631,4,6,12.976726,77.63911,2025-05-07,1900-01-01 21:07:36,2,1,64,1,6,21
FIR04632,7,12,12.987667,77.554111,2026-06-02,1900-01-01 09:59:34,0,1,21,0,5,9
FIR04633,9,12,12.991826,77.554668,2026-04-19,1900-01-01 19:54:57,1,2,18,2,3,19
FIR04634,0,2,12.930723,77.679629,2026-04-03,1900-01-01 21:12:59,2,2,29,0,0,21
FIR04635,2,2,12.927948,77.673444,2024-12-04,1900-01-01 16:40:39,2,2,56,2,6,16
FIR04636,8,11,12.955649,77.702287,2024-07-26,1900-01-01 14:01:25,1,0,46,0,0,14
FIR04637,2,9,12.977995,77.6098,2025-04-21,1900-01-01 09:00:56,2,2,31,1,1,9
FIR04638,9,13,12.972918,77.748836,2024-10-28,1900-01-01 14:47:05,1,1,57,1,1,14
FIR04639,9,13,12.974759,77.748958,2024-07-23,1900-01-01 04:44:46,1,0,65,0,5,4
FIR04640,9,9,12.978267,77.604991,2026-01-15,1900-01-01 07:41:45,1,0,23,0,4,7
FIR04641,5,8,12.939998,77.619523,2024-07-25,1900-01-01 20:09:00,0,0,28,0,4,20
FIR04642,8,6,12.979772,77.63881,2025-04-05,1900-01-01 05:42:00,1,1,45,0,2,5
FIR04643,7,8,12.937082,77.623938,2025-06-10,1900-01-01 23:25:19,0,1,21,0,5,23
FIR04644,6,4,12.913861,77.647733,2026-06-12,1900-01-01 11:31:48,0,1,66,1,0,11
FIR04645,6,13,12.964947,77.747475,2026-07-15,1900-01-01 14:05:11,0,0,55,1,6,14
FIR04646,2,0,12.92003,77.6091,2025-08-19,1900-01-01 02:37:19,2,2,33,2,5,2
FIR04647,6,7,12.927111,77.596824,2026-04-30,1900-01-01 14:06:16,0,2,44,0,4,14
FIR04648,6,1,12.920751,77.569547,2026-02-07,1900-01-01 16:50:16,0,0,26,2,2,16
FIR04649,0,10,13.008307,77.567081,2026-03-24,1900-01-01 23:10:33,2,1,27,0,5,23
FIR04650,0,6,12.977367,77.640699,2026-04-05,1900-01-01 05:16:50,2,0,68,2,3,5
FIR04651,5,2,12.930098,77.674947,2025-03-20,1900-01-01 09:40:37,0,2,47,0,4,9
FIR04652,6,8,12.931098,77.621832,2025-05-06,1900-01-01 09:52:16,0,1,68,1,5,9
FIR04653,7,5,13.03982,77.600889,2025-05-15,1900-01-01 15:51:28,0,2,42,0,4,15
FIR04654,5,0,12.919948,77.612588,2026-07-19,1900-01-01 02:47:31,0,2,64,1,3,2
FIR04655,2,1,12.916265,77.576867,2026-05-11,1900-01-01 13:49:12,2,1,60,0,1,13
FIR04656,3,9,12.97872,77.60431,2026-04-17,1900-01-01 22:21:02,2,0,29,0,0,22
FIR04657,6,8,12.930789,77.627211,2025-09-27,1900-01-01 00:46:28,0,1,28,2,2,0
FIR04658,7,3,12.836402,77.674355,2024-12-25,1900-01-01 02:47:55,0,2,62,1,6,2
FIR04659,3,9,12.974635,77.603763,2025-12-24,1900-01-01 19:52:47,2,2,46,2,6,19
FIR04660,4,10,13.008348,77.572851,2026-01-01,1900-01-01 14:00:37,2,2,50,2,4,14
FIR04661,7,6,12.977205,77.637276,2026-06-12,1900-01-01 05:11:14,0,1,58,1,0,5
FIR04662,3,0,12.92041,77.611345,2025-07-21,1900-01-01 17:57:20,2,2,58,0,1,17
FIR04663,2,0,12.918144,77.607012,2026-04-25,1900-01-01 08:53:15,2,0,41,2,2,8
FIR04664,2,6,12.981446,77.6448,2025-08-26,1900-01-01 21:36:53,2,2,69,1,5,21
FIR04665,1,8,12.937449,77.619526,2026-04-04,1900-01-01 23:56:13,2,0,21,0,2,23
FIR04666,2,11,12.954455,77.696443,2025-11-03,1900-01-01 04:32:48,2,2,42,0,1,4
FIR04667,3,13,12.966129,77.751667,2024-08-26,1900-01-01 22:30:41,2,2,65,0,1,22
FIR04668,2,7,12.928274,77.595697,2025-06-26,1900-01-01 14:37:35,2,2,43,1,4,14
FIR04669,4,8,12.934266,77.628231,2025-01-11,1900-01-01 07:17:10,2,0,49,2,2,7
FIR04670,3,12,12.991558,77.557749,2025-03-28,1900-01-01 21:10:46,2,2,25,2,0,21
FIR04671,1,13,12.972166,77.748133,2026-02-27,1900-01-01 13:16:51,2,1,69,0,0,13
FIR04672,1,9,12.972501,77.604694,2025-01-15,1900-01-01 10:01:17,2,2,51,1,6,10
FIR04673,8,9,12.977461,77.605349,2025-08-24,1900-01-01 08:58:32,1,1,40,0,3,8
FIR04674,6,6,12.973587,77.639818,2026-01-07,1900-01-01 08:55:13,0,2,20,1,6,8
FIR04675,8,4,12.915849,77.649407,2026-02-01,1900-01-01 13:09:26,1,0,36,2,3,13
FIR04676,8,7,12.923013,77.597105,2025-07-10,1900-01-01 23:33:49,1,0,44,1,4,23
FIR04677,5,9,12.97342,77.601012,2025-11-21,1900-01-01 20:25:19,0,1,25,2,0,20
FIR04678,3,12,12.992417,77.55457,2024-12-20,1900-01-01 13:21:33,2,0,61,1,0,13
FIR04679,2,4,12.906835,77.644699,2025-05-14,1900-01-01 15:04:03,2,0,30,1,6,15
FIR04680,1,12,12.993995,77.55372,2025-01-06,1900-01-01 12:47:02,2,0,29,2,1,12
FIR04681,5,5,13.034662,77.595666,2025-03-01,1900-01-01 18:33:38,0,1,49,2,2,18
FIR04682,4,6,12.982835,77.645117,2026-02-05,1900-01-01 05:04:37,2,1,25,0,4,5
FIR04683,6,10,13.003985,77.567974,2024-09-14,1900-01-01 12:49:53,0,1,52,0,2,12
FIR04684,3,8,12.933636,77.623444,2026-04-28,1900-01-01 19:49:11,2,1,36,0,5,19
FIR04685,9,6,12.978512,77.641291,2024-12-26,1900-01-01 02:38:22,1,2,68,2,4,2
FIR04686,1,13,12.972225,77.745777,2025-05-13,1900-01-01 05:26:26,2,0,61,2,5,5
FIR04687,4,8,12.937706,77.628786,2025-09-21,1900-01-01 05:44:28,2,1,70,2,3,5
FIR04688,3,11,12.959876,77.699966,2025-03-11,1900-01-01 03:13:24,2,2,22,0,5,3
FIR04689,6,2,12.929556,77.67751,2025-06-21,1900-01-01 14:23:46,0,1,22,1,2,14
FIR04690,9,2,12.928892,77.675475,2025-05-02,1900-01-01 10:50:10,1,0,44,0,0,10
FIR04691,9,10,13.003523,77.571236,2025-05-20,1900-01-01 08:34:21,1,0,25,1,5,8
FIR04692,1,12,12.993926,77.552653,2025-08-30,1900-01-01 19:59:05,2,1,35,0,2,19
FIR04693,5,14,13.105365,77.592412,2025-06-11,1900-01-01 16:55:45,0,0,66,0,6,16
FIR04694,0,0,12.918957,77.608477,2025-11-02,1900-01-01 23:25:30,2,2,37,0,3,23
FIR04695,8,12,12.990202,77.551122,2024-12-20,1900-01-01 00:06:00,1,1,33,0,0,0
FIR04696,3,3,12.839531,77.674881,2025-03-26,1900-01-01 10:32:32,2,0,59,0,6,10
FIR04697,9,10,12.999456,77.56787,2025-08-20,1900-01-01 06:32:29,1,2,35,0,6,6
FIR04698,1,7,12.929831,77.594127,2025-04-16,1900-01-01 04:13:51,2,1,27,1,6,4
FIR04699,8,13,12.965474,77.752214,2025-04-08,1900-01-01 14:13:19,1,0,25,0,5,14
FIR04700,7,9,12.976876,77.605841,2025-04-24,1900-01-01 01:55:47,0,2,51,0,4,1
FIR04701,4,6,12.97397,77.64239,2026-02-01,1900-01-01 22:23:22,2,1,28,2,3,22
FIR04702,4,4,12.913087,77.651744,2025-10-01,1900-01-01 18:12:34,2,2,25,1,6,18
FIR04703,9,8,12.931237,77.628573,2026-05-19,1900-01-01 21:04:15,1,0,56,0,5,21
FIR04704,6,6,12.976443,77.642943,2024-09-05,1900-01-01 23:49:48,0,2,69,0,4,23
FIR04705,5,9,12.976112,77.609032,2024-11-07,1900-01-01 06:21:46,0,1,31,2,4,6
FIR04706,1,9,12.97433,77.606007,2025-12-09,1900-01-01 22:47:05,2,0,26,0,5,22
FIR04707,2,14,13.099077,77.600262,2024-11-04,1900-01-01 15:38:47,2,2,52,0,1,15
FIR04708,8,8,12.934333,77.62485,2026-06-09,1900-01-01 12:53:37,1,0,69,1,5,12
FIR04709,5,1,12.922958,77.575464,2024-07-26,1900-01-01 05:49:04,0,0,53,0,0,5
FIR04710,3,14,13.098446,77.59153,2026-05-07,1900-01-01 19:37:47,2,0,50,0,4,19
FIR04711,1,8,12.937709,77.627458,2024-11-01,1900-01-01 14:52:59,2,1,30,1,0,14
FIR04712,9,9,12.979431,77.607271,2025-11-04,1900-01-01 09:41:21,1,0,66,1,5,9
FIR04713,4,6,12.976265,77.643766,2026-07-23,1900-01-01 15:12:39,2,2,51,0,4,15
FIR04714,3,11,12.963328,77.696487,2026-02-06,1900-01-01 17:16:14,2,1,65,2,0,17
FIR04715,8,12,12.986865,77.557413,2024-09-02,1900-01-01 08:43:55,1,2,61,0,1,8
FIR04716,5,10,13.003266,77.569581,2025-06-18,1900-01-01 20:04:55,0,1,56,0,6,20
FIR04717,7,10,13.000654,77.569331,2025-10-06,1900-01-01 17:32:18,0,2,41,2,1,17
FIR04718,6,9,12.973499,77.600435,2025-08-26,1900-01-01 01:17:18,0,0,46,1,5,1
FIR04719,8,13,12.966238,77.747286,2025-01-31,1900-01-01 01:41:05,1,2,67,1,0,1
FIR04720,0,8,12.937567,77.623575,2025-07-01,1900-01-01 23:40:00,2,1,55,1,5,23
FIR04721,9,8,12.931745,77.622111,2026-03-01,1900-01-01 11:41:25,1,1,63,2,3,11
FIR04722,0,9,12.97512,77.608209,2025-04-01,1900-01-01 04:41:59,2,2,32,1,5,4
FIR04723,1,11,12.955487,77.695954,2026-06-04,1900-01-01 05:29:26,2,0,41,1,4,5
FIR04724,6,1,12.916553,77.570276,2025-04-01,1900-01-01 03:36:29,0,2,69,1,5,3
FIR04725,8,7,12.928018,77.591031,2026-02-12,1900-01-01 16:45:40,1,2,44,0,4,16
FIR04726,0,9,12.971893,77.602466,2025-01-25,1900-01-01 22:32:34,2,0,50,1,2,22
FIR04727,0,2,12.929509,77.679087,2025-07-25,1900-01-01 20:16:15,2,1,52,2,0,20
FIR04728,9,14,13.09809,77.595892,2024-11-01,1900-01-01 21:26:35,1,2,58,0,0,21
FIR04729,6,1,12.916674,77.572546,2026-04-26,1900-01-01 13:59:22,0,2,70,1,3,13
FIR04730,5,2,12.929968,77.673723,2025-05-29,1900-01-01 07:36:00,0,2,22,1,4,7
FIR04731,8,9,12.979974,77.600178,2025-03-14,1900-01-01 12:45:01,1,2,69,2,0,12
FIR04732,6,0,12.921095,77.605628,2024-11-14,1900-01-01 12:33:38,0,1,21,1,4,12
FIR04733,2,5,13.036844,77.595358,2026-06-14,1900-01-01 05:32:20,2,0,37,0,3,5
FIR04734,8,7,12.923979,77.590939,2024-08-05,1900-01-01 10:27:57,1,0,44,0,1,10
FIR04735,7,8,12.938881,77.622772,2024-09-16,1900-01-01 01:29:20,0,1,21,2,1,1
FIR04736,5,13,12.971019,77.747092,2026-02-02,1900-01-01 20:51:02,0,0,30,1,1,20
FIR04737,3,11,12.954363,77.695786,2025-04-01,1900-01-01 10:03:28,2,1,62,1,5,10
FIR04738,2,12,12.989855,77.553221,2024-11-23,1900-01-01 08:06:26,2,2,54,1,2,8
FIR04739,8,14,13.102855,77.596632,2024-08-10,1900-01-01 07:57:16,1,2,43,1,2,7
FIR04740,3,6,12.981902,77.639839,2024-08-10,1900-01-01 16:48:45,2,2,60,0,2,16
FIR04741,9,1,12.916698,77.569182,2026-03-08,1900-01-01 07:15:59,1,2,32,2,3,7
FIR04742,6,13,12.974658,77.748945,2024-10-12,1900-01-01 18:09:21,0,2,52,0,2,18
FIR04743,8,3,12.835252,77.678305,2025-07-25,1900-01-01 02:16:52,1,2,37,2,0,2
FIR04744,2,7,12.924459,77.598064,2024-11-20,1900-01-01 07:29:21,2,0,53,1,6,7
FIR04745,5,6,12.979513,77.63855,2026-05-29,1900-01-01 16:29:50,0,0,39,0,0,16
FIR04746,6,8,12.933577,77.626476,2024-12-09,1900-01-01 15:41:39,0,0,42,2,1,15
FIR04747,5,14,13.102004,77.600763,2024-09-14,1900-01-01 04:02:56,0,2,37,1,2,4
FIR04748,0,11,12.95905,77.694567,2026-04-23,1900-01-01 09:41:58,2,0,31,0,4,9
FIR04749,7,12,12.993811,77.555321,2026-01-21,1900-01-01 20:41:03,0,1,66,0,6,20
FIR04750,8,2,12.924832,77.677858,2025-07-08,1900-01-01 04:50:27,1,0,36,2,5,4
FIR04751,1,2,12.926881,77.674887,2025-04-19,1900-01-01 22:29:03,2,2,28,0,2,22
FIR04752,7,1,12.916815,77.57753,2024-11-06,1900-01-01 21:17:44,0,1,58,1,6,21
FIR04753,9,1,12.918242,77.575546,2024-08-26,1900-01-01 11:32:44,1,2,44,1,1,11
FIR04754,3,1,12.919873,77.573444,2025-11-20,1900-01-01 10:28:40,2,1,51,2,4,10
FIR04755,5,12,12.994245,77.55421,2024-09-07,1900-01-01 17:35:51,0,2,38,1,2,17
FIR04756,2,7,12.926782,77.591478,2024-12-28,1900-01-01 14:55:34,2,1,43,0,2,14
FIR04757,8,11,12.956207,77.692846,2024-09-18,1900-01-01 12:30:20,1,0,24,1,6,12
FIR04758,9,12,12.989218,77.556081,2024-10-05,1900-01-01 08:24:13,1,2,44,2,2,8
FIR04759,4,3,12.840204,77.67571,2026-07-02,1900-01-01 09:31:47,2,2,64,1,4,9
FIR04760,6,11,12.958714,77.696231,2026-01-08,1900-01-01 19:16:45,0,2,38,0,4,19
FIR04761,5,2,12.925596,77.671259,2024-11-11,1900-01-01 14:31:21,0,1,30,0,1,14
FIR04762,4,11,12.962591,77.699676,2026-07-08,1900-01-01 12:13:43,2,0,22,0,6,12
FIR04763,7,1,12.916275,77.571794,2025-07-29,1900-01-01 16:13:36,0,1,59,1,5,16
FIR04764,7,3,12.837747,77.677685,2026-05-23,1900-01-01 12:08:48,0,1,49,1,2,12
FIR04765,4,1,12.915191,77.574629,2025-05-17,1900-01-01 02:37:19,2,2,43,1,2,2
FIR04766,3,7,12.921246,77.597865,2026-01-18,1900-01-01 10:46:20,2,2,59,2,3,10
FIR04767,7,10,13.004177,77.572096,2025-06-13,1900-01-01 05:50:35,0,1,22,1,0,5
FIR04768,4,3,12.836364,77.673598,2024-10-25,1900-01-01 15:09:49,2,1,47,0,0,15
FIR04769,7,11,12.957319,77.694464,2024-09-29,1900-01-01 20:15:18,0,2,52,1,3,20
FIR04770,0,7,12.924209,77.597774,2026-04-28,1900-01-01 02:45:19,2,0,67,2,5,2
FIR04771,0,7,12.928732,77.589876,2025-08-22,1900-01-01 05:35:25,2,2,55,1,0,5
FIR04772,0,7,12.926303,77.590227,2025-09-29,1900-01-01 22:59:43,2,0,67,0,1,22
FIR04773,5,14,13.09913,77.598581,2026-07-22,1900-01-01 21:18:09,0,2,67,1,6,21
FIR04774,1,2,12.928807,77.67597,2025-11-16,1900-01-01 06:49:50,2,1,31,0,3,6
FIR04775,1,7,12.927064,77.590811,2025-04-04,1900-01-01 03:19:22,2,0,41,1,0,3
FIR04776,3,12,12.987119,77.55946,2025-10-02,1900-01-01 14:10:02,2,1,30,0,4,14
FIR04777,9,13,12.974116,77.748983,2025-08-05,1900-01-01 00:53:28,1,1,45,0,5,0
FIR04778,3,13,12.967037,77.753791,2024-11-25,1900-01-01 00:45:07,2,2,28,1,1,0
FIR04779,0,4,12.910918,77.645368,2024-12-10,1900-01-01 11:54:30,2,0,23,1,5,11
FIR04780,7,14,13.10053,77.597223,2026-02-03,1900-01-01 08:16:15,0,2,57,0,5,8
FIR04781,8,3,12.838404,77.6729,2026-02-28,1900-01-01 04:15:06,1,2,55,1,2,4
FIR04782,9,2,12.929545,77.671201,2026-05-28,1900-01-01 19:46:57,1,0,55,2,4,19
FIR04783,9,9,12.97968,77.601557,2024-11-10,1900-01-01 03:38:11,1,1,63,0,3,3
FIR04784,7,1,12.919485,77.576356,2026-06-16,1900-01-01 01:34:09,0,2,22,2,5,1
FIR04785,0,7,12.929278,77.589028,2025-06-09,1900-01-01 02:08:22,2,1,55,2,1,2
FIR04786,5,0,12.916757,77.614519,2025-03-10,1900-01-01 20:02:14,0,1,45,0,1,20
FIR04787,0,9,12.979239,77.601435,2025-02-04,1900-01-01 08:08:59,2,0,63,2,5,8
FIR04788,4,2,12.926351,77.672603,2025-03-11,1900-01-01 21:37:05,2,1,19,0,5,21
FIR04789,5,9,12.97284,77.601056,2026-02-22,1900-01-01 11:09:02,0,2,51,0,3,11
FIR04790,8,3,12.838004,77.681988,2025-12-21,1900-01-01 12:52:16,1,1,38,0,3,12
FIR04791,1,2,12.927025,77.674,2025-08-13,1900-01-01 11:41:05,2,1,61,0,6,11
FIR04792,9,6,12.974716,77.63985,2025-11-03,1900-01-01 14:08:18,1,2,24,2,1,14
FIR04793,7,9,12.977779,77.604853,2026-02-18,1900-01-01 02:16:52,0,1,23,1,6,2
FIR04794,9,12,12.996454,77.558907,2024-08-01,1900-01-01 21:52:23,1,1,61,0,4,21
FIR04795,3,0,12.912208,77.60713,2025-12-11,1900-01-01 02:19:20,2,1,51,0,4,2
FIR04796,8,12,12.990114,77.549551,2026-01-13,1900-01-01 18:55:41,1,1,39,0,5,18
FIR04797,1,0,12.91651,77.607794,2025-05-18,1900-01-01 00:35:31,2,2,34,0,3,0
FIR04798,3,3,12.83864,77.67566,2026-06-21,1900-01-01 00:52:05,2,1,25,2,3,0
FIR04799,4,13,12.972961,77.750157,2026-06-12,1900-01-01 00:05:22,2,0,24,1,0,0
FIR04800,3,8,12.935692,77.621729,2025-12-19,1900-01-01 05:45:44,2,1,21,0,0,5
FIR04801,3,3,12.837635,77.675376,2025-05-05,1900-01-01 08:59:21,2,0,22,2,1,8
FIR04802,8,0,12.917375,77.606471,2026-01-27,1900-01-01 19:29:48,1,1,32,1,5,19
FIR04803,5,5,13.034298,77.601918,2025-03-04,1900-01-01 07:36:41,0,0,19,0,5,7
FIR04804,9,10,13.005465,77.575382,2025-04-23,1900-01-01 09:39:25,1,1,54,2,6,9
FIR04805,7,0,12.916596,77.612476,2025-04-19,1900-01-01 21:39:25,0,1,26,2,2,21
FIR04806,3,2,12.927869,77.6719,2025-03-02,1900-01-01 07:25:16,2,0,67,1,3,7
FIR04807,4,11,12.955317,77.693702,2026-02-03,1900-01-01 00:41:00,2,1,49,2,5,0
FIR04808,3,4,12.912982,77.648896,2024-07-28,1900-01-01 16:38:52,2,0,24,0,3,16
FIR04809,9,4,12.913971,77.642946,2025-12-08,1900-01-01 13:19:02,1,1,41,0,1,13
FIR04810,3,2,12.923177,77.676604,2025-11-13,1900-01-01 04:50:53,2,0,44,1,4,4
FIR04811,0,1,12.9155,77.572378,2026-01-31,1900-01-01 05:13:54,2,1,27,2,2,5
FIR04812,2,7,12.923237,77.598698,2024-08-08,1900-01-01 01:50:57,2,1,70,0,4,1
FIR04813,4,14,13.103974,77.594702,2025-03-16,1900-01-01 22:23:43,2,2,45,2,3,22
FIR04814,0,3,12.842597,77.677373,2024-10-28,1900-01-01 05:07:15,2,0,34,1,1,5
FIR04815,4,11,12.957526,77.700413,2026-06-28,1900-01-01 20:15:53,2,0,70,2,3,20
FIR04816,0,11,12.962519,77.69504,2025-03-31,1900-01-01 07:16:34,2,0,58,2,1,7
FIR04817,3,13,12.971912,77.751544,2025-07-06,1900-01-01 12:55:46,2,1,18,2,3,12
FIR04818,1,4,12.912398,77.642505,2026-07-11,1900-01-01 03:05:04,2,2,20,2,2,3
FIR04819,7,12,12.993261,77.557057,2025-10-27,1900-01-01 08:09:21,0,0,30,1,1,8
FIR04820,4,3,12.841631,77.675655,2026-01-24,1900-01-01 16:31:56,2,0,69,2,2,16
FIR04821,2,5,13.037893,77.601152,2024-12-30,1900-01-01 08:42:46,2,2,28,1,1,8
FIR04822,8,14,13.101926,77.600239,2024-12-31,1900-01-01 16:20:50,1,0,43,2,5,16
FIR04823,3,4,12.915944,77.642967,2024-11-13,1900-01-01 06:25:24,2,2,62,2,6,6
FIR04824,3,13,12.965241,77.754434,2026-03-06,1900-01-01 02:34:44,2,2,28,1,0,2
FIR04825,3,7,12.928357,77.593263,2025-03-18,1900-01-01 20:05:58,2,1,42,1,5,20
FIR04826,6,10,13.005496,77.575325,2024-09-12,1900-01-01 14:39:25,0,1,39,2,4,14
FIR04827,3,3,12.839329,77.677585,2025-03-01,1900-01-01 08:03:45,2,1,34,2,2,8
FIR04828,7,1,12.914274,77.574155,2025-10-31,1900-01-01 09:10:36,0,0,31,2,0,9
FIR04829,2,12,12.995631,77.552067,2026-01-16,1900-01-01 00:06:00,2,0,61,0,0,0
FIR04830,4,12,12.988006,77.55392,2025-12-19,1900-01-01 09:05:55,2,2,45,0,0,9
FIR04831,3,10,13.002444,77.572618,2025-07-23,1900-01-01 04:47:18,2,1,36,2,6,4
FIR04832,5,14,13.101783,77.599054,2025-07-25,1900-01-01 13:06:52,0,0,28,2,0,13
FIR04833,9,11,12.955071,77.697547,2025-06-05,1900-01-01 08:08:04,1,2,36,1,4,8
FIR04834,7,5,13.034885,77.598465,2025-02-16,1900-01-01 09:44:51,0,2,60,1,3,9
FIR04835,1,8,12.93484,77.622145,2025-06-04,1900-01-01 03:11:39,2,0,51,2,6,3
FIR04836,6,7,12.928453,77.593712,2024-08-13,1900-01-01 08:50:33,0,1,31,0,5,8
FIR04837,4,1,12.919683,77.574642,2024-09-26,1900-01-01 13:04:11,2,0,58,2,4,13
FIR04838,1,0,12.915839,77.609372,2025-04-14,1900-01-01 15:03:17,2,0,27,0,1,15
FIR04839,4,10,13.007395,77.570767,2026-03-10,1900-01-01 23:40:24,2,0,41,2,5,23
FIR04840,8,3,12.842861,77.679268,2026-06-01,1900-01-01 09:46:35,1,0,23,1,1,9
FIR04841,6,12,12.993598,77.554732,2026-05-16,1900-01-01 18:22:26,0,2,53,0,2,18
FIR04842,1,10,13.007621,77.567814,2026-06-30,1900-01-01 17:43:40,2,0,55,2,5,17
FIR04843,8,3,12.838797,77.678122,2025-09-03,1900-01-01 08:15:35,1,0,49,1,6,8
FIR04844,4,6,12.980234,77.639575,2026-04-02,1900-01-01 07:58:15,2,2,53,0,4,7
FIR04845,6,7,12.925252,77.594472,2025-04-25,1900-01-01 12:14:16,0,1,55,2,0,12
FIR04846,5,12,12.990018,77.559095,2025-06-16,1900-01-01 07:56:23,0,2,23,0,1,7
FIR04847,1,3,12.838096,77.676148,2025-09-19,1900-01-01 21:26:29,2,1,42,0,0,21
FIR04848,1,3,12.843762,77.67964,2026-02-27,1900-01-01 15:19:25,2,0,39,0,0,15
FIR04849,7,14,13.099346,77.59147,2026-04-30,1900-01-01 04:27:47,0,0,55,1,4,4
FIR04850,7,5,13.03707,77.595428,2024-09-05,1900-01-01 05:20:26,0,2,70,2,4,5
FIR04851,3,9,12.97872,77.602927,2025-10-05,1900-01-01 10:42:18,2,0,70,2,3,10
FIR04852,3,11,12.958332,77.694682,2025-07-22,1900-01-01 03:25:45,2,0,59,2,5,3
FIR04853,2,9,12.977101,77.603883,2026-01-16,1900-01-01 01:12:13,2,2,34,1,0,1
FIR04854,2,9,12.97359,77.602751,2025-05-20,1900-01-01 13:57:36,2,2,41,1,5,13
FIR04855,1,6,12.979011,77.640941,2024-10-02,1900-01-01 18:58:20,2,0,39,1,6,18
FIR04856,7,12,12.990371,77.553461,2024-10-24,1900-01-01 10:08:20,0,1,24,2,4,10
FIR04857,0,13,12.965511,77.745495,2025-07-25,1900-01-01 14:59:03,2,0,60,1,0,14
FIR04858,0,6,12.973787,77.639017,2025-03-22,1900-01-01 08:47:54,2,0,23,0,2,8
FIR04859,8,12,12.993226,77.557976,2025-03-30,1900-01-01 21:46:18,1,0,18,2,3,21
FIR04860,5,14,13.098715,77.596646,2025-03-01,1900-01-01 14:07:45,0,0,63,2,2,14
FIR04861,6,11,12.957027,77.698166,2026-04-29,1900-01-01 23:45:27,0,0,53,0,6,23
FIR04862,2,14,13.098956,77.592506,2026-06-12,1900-01-01 05:29:12,2,1,69,0,0,5
FIR04863,6,11,12.954364,77.701688,2025-06-05,1900-01-01 01:18:33,0,1,57,2,4,1
FIR04864,6,5,13.038752,77.600074,2026-06-22,1900-01-01 17:25:07,0,2,66,1,1,17
FIR04865,1,2,12.930867,77.680714,2026-04-07,1900-01-01 20:05:08,2,0,56,1,5,20
FIR04866,1,13,12.97158,77.749442,2024-12-13,1900-01-01 05:01:15,2,2,34,0,0,5
FIR04867,6,13,12.965833,77.749793,2025-12-14,1900-01-01 17:18:41,0,1,27,2,3,17
FIR04868,1,5,13.038822,77.59655,2026-05-31,1900-01-01 06:33:03,2,2,48,0,3,6
FIR04869,6,13,12.971682,77.753568,2026-01-23,1900-01-01 21:08:02,0,0,68,1,0,21
FIR04870,7,13,12.968551,77.751778,2025-05-13,1900-01-01 02:44:58,0,1,21,2,5,2
FIR04871,3,8,12.938146,77.622695,2025-05-04,1900-01-01 12:53:22,2,1,35,2,3,12
FIR04872,6,8,12.939455,77.625711,2025-01-07,1900-01-01 09:06:57,0,1,61,2,5,9
FIR04873,1,11,12.954884,77.697128,2026-04-17,1900-01-01 17:25:23,2,1,40,0,0,17
FIR04874,5,14,13.09796,77.592747,2026-07-14,1900-01-01 15:37:01,0,2,30,0,5,15
FIR04875,4,1,12.914255,77.572598,2025-04-09,1900-01-01 23:23:51,2,2,23,2,6,23
FIR04876,9,5,13.033113,77.595143,2025-10-29,1900-01-01 01:26:48,1,1,18,1,6,1
FIR04877,8,8,12.932264,77.621682,2025-06-22,1900-01-01 14:42:30,1,0,58,1,3,14
FIR04878,5,8,12.931249,77.623545,2025-08-10,1900-01-01 00:18:30,0,2,33,2,3,0
FIR04879,2,3,12.837953,77.68185,2024-09-25,1900-01-01 00:19:53,2,1,38,1,6,0
FIR04880,0,0,12.919659,77.614225,2025-10-12,1900-01-01 16:23:27,2,1,38,0,3,16
FIR04881,0,6,12.976576,77.643983,2025-01-16,1900-01-01 01:06:16,2,2,45,2,4,1
FIR04882,4,3,12.841617,77.681391,2025-07-15,1900-01-01 04:46:10,2,0,47,1,5,4
FIR04883,8,14,13.099911,77.59942,2025-02-22,1900-01-01 22:46:23,1,0,41,2,2,22
FIR04884,0,9,12.974821,77.604012,2026-05-07,1900-01-01 09:23:16,2,0,28,2,4,9
FIR04885,9,1,12.919914,77.574019,2026-05-05,1900-01-01 22:35:52,1,2,24,0,5,22
FIR04886,9,5,13.031032,77.598667,2025-09-30,1900-01-01 06:40:19,1,2,46,1,5,6
FIR04887,2,14,13.100213,77.597858,2025-02-19,1900-01-01 11:14:05,2,0,36,0,6,11
FIR04888,6,3,12.844894,77.681376,2024-10-19,1900-01-01 06:04:11,0,1,40,1,2,6
FIR04889,2,13,12.969046,77.746461,2024-09-24,1900-01-01 18:15:17,2,1,24,1,5,18
FIR04890,3,7,12.9284,77.597516,2024-07-23,1900-01-01 16:11:00,2,1,18,2,5,16
FIR04891,3,9,12.976884,77.608771,2025-03-29,1900-01-01 08:22:55,2,0,55,0,2,8
FIR04892,7,13,12.972234,77.750706,2024-10-24,1900-01-01 00:36:19,0,2,20,2,4,0
FIR04893,4,3,12.835738,77.679182,2025-10-05,1900-01-01 01:06:01,2,1,21,1,3,1
FIR04894,8,1,12.919798,77.573118,2025-11-04,1900-01-01 04:53:16,1,0,34,1,5,4
FIR04895,2,14,13.099998,77.595104,2025-03-29,1900-01-01 16:35:08,2,1,49,0,2,16
FIR04896,6,5,13.032856,77.599632,2025-02-04,1900-01-01 12:45:40,0,1,55,1,5,12
FIR04897,1,11,12.961855,77.69279,2025-08-19,1900-01-01 21:33:12,2,1,26,0,5,21
FIR04898,3,5,13.034821,77.595716,2024-11-21,1900-01-01 18:45:04,2,1,61,2,4,18
FIR04899,4,12,12.990458,77.549996,2025-10-22,1900-01-01 07:22:08,2,1,39,0,6,7
FIR04900,1,9,12.974,77.600007,2024-12-06,1900-01-01 17:26:30,2,1,50,0,0,17
FIR04901,6,12,12.995263,77.552289,2025-08-16,1900-01-01 00:06:52,0,2,70,0,2,0
FIR04902,5,11,12.960088,77.698644,2025-04-01,1900-01-01 16:02:09,0,2,65,2,5,16
FIR04903,6,11,12.961986,77.692782,2026-01-26,1900-01-01 13:30:13,0,2,32,2,1,13
FIR04904,7,14,13.096638,77.596447,2024-11-03,1900-01-01 17:44:37,0,0,68,0,3,17
FIR04905,7,6,12.979318,77.637131,2025-05-05,1900-01-01 16:45:52,0,0,43,0,1,16
FIR04906,1,13,12.970375,77.750638,2025-03-18,1900-01-01 21:32:32,2,2,57,0,5,21
FIR04907,9,8,12.938573,77.62279,2024-07-24,1900-01-01 14:06:20,1,2,43,0,6,14
FIR04908,8,1,12.914492,77.576609,2025-05-25,1900-01-01 09:27:50,1,2,22,2,3,9
FIR04909,5,5,13.03697,77.596152,2025-07-04,1900-01-01 13:43:52,0,1,25,0,0,13
FIR04910,1,8,12.931174,77.628694,2025-01-13,1900-01-01 02:28:23,2,1,27,2,1,2
FIR04911,5,0,12.921067,77.609588,2024-08-14,1900-01-01 11:57:19,0,0,63,2,6,11
FIR04912,2,2,12.928306,77.673367,2025-12-11,1900-01-01 02:56:59,2,2,34,1,4,2
FIR04913,0,2,12.924717,77.672353,2026-05-28,1900-01-01 12:19:46,2,1,42,2,4,12
FIR04914,4,12,12.99311,77.553291,2026-03-01,1900-01-01 00:14:47,2,0,22,1,3,0
FIR04915,3,9,12.977352,77.608103,2025-06-28,1900-01-01 21:21:23,2,0,44,2,2,21
FIR04916,1,3,12.84173,77.679376,2025-02-17,1900-01-01 20:51:13,2,2,24,1,1,20
FIR04917,6,2,12.932642,77.672656,2025-08-24,1900-01-01 19:42:49,0,0,61,0,3,19
FIR04918,9,13,12.974144,77.752569,2025-02-21,1900-01-01 08:25:38,1,0,31,1,0,8
FIR04919,4,6,12.981717,77.643199,2025-12-25,1900-01-01 17:21:23,2,0,34,1,4,17
FIR04920,7,1,12.922138,77.572321,2025-06-27,1900-01-01 11:18:48,0,2,65,0,0,11
FIR04921,3,12,12.991864,77.55691,2025-02-08,1900-01-01 15:16:40,2,0,70,2,2,15
FIR04922,6,2,12.926218,77.677882,2024-08-25,1900-01-01 05:23:00,0,1,52,1,3,5
FIR04923,0,11,12.954268,77.701397,2025-11-28,1900-01-01 16:18:25,2,0,54,0,0,16
FIR04924,9,1,12.917138,77.57343,2025-11-26,1900-01-01 01:10:45,1,2,29,1,6,1
FIR04925,8,4,12.908826,77.643126,2025-12-23,1900-01-01 17:51:56,1,2,61,2,5,17
FIR04926,8,5,13.039688,77.598147,2024-11-04,1900-01-01 09:38:19,1,0,69,2,1,9
FIR04927,3,2,12.928802,77.679602,2026-05-28,1900-01-01 10:57:37,2,1,24,2,4,10
FIR04928,6,14,13.101235,77.591358,2025-11-12,1900-01-01 03:53:25,0,0,61,1,6,3
FIR04929,6,14,13.099808,77.599925,2024-12-19,1900-01-01 08:01:44,0,0,64,0,4,8
FIR04930,0,11,12.955675,77.700262,2024-10-19,1900-01-01 21:28:21,2,1,69,1,2,21
FIR04931,0,14,13.096476,77.591383,2026-07-14,1900-01-01 05:05:36,2,1,59,0,5,5
FIR04932,1,13,12.970971,77.752884,2025-12-08,1900-01-01 17:00:03,2,0,53,0,1,17
FIR04933,0,4,12.915196,77.648821,2025-02-06,1900-01-01 23:52:33,2,1,55,0,4,23
FIR04934,7,8,12.931193,77.625434,2025-03-20,1900-01-01 01:24:44,0,0,31,0,4,1
FIR04935,0,3,12.838029,77.679701,2025-07-26,1900-01-01 18:52:42,2,0,42,1,2,18
FIR04936,4,10,13.002548,77.573111,2025-02-01,1900-01-01 13:43:42,2,2,21,2,2,13
FIR04937,4,12,12.988834,77.55141,2025-01-11,1900-01-01 02:01:09,2,2,55,2,2,2
FIR04938,2,13,12.972045,77.749681,2026-01-16,1900-01-01 10:24:46,2,0,30,1,0,10
FIR04939,8,1,12.918699,77.577854,2025-01-26,1900-01-01 23:22:57,1,0,62,2,3,23
FIR04940,6,0,12.917198,77.610409,2026-06-18,1900-01-01 09:31:13,0,0,51,0,4,9
FIR04941,1,4,12.91204,77.647347,2025-11-02,1900-01-01 21:57:32,2,0,37,1,3,21
FIR04942,6,0,12.919106,77.605836,2026-01-21,1900-01-01 13:39:48,0,0,47,1,6,13
FIR04943,0,10,12.999317,77.574357,2025-01-04,1900-01-01 14:27:26,2,0,52,1,2,14
FIR04944,6,6,12.97539,77.637694,2025-05-24,1900-01-01 18:30:09,0,2,44,2,2,18
FIR04945,8,4,12.916433,77.646131,2025-10-03,1900-01-01 06:36:41,1,1,31,0,0,6
FIR04946,8,1,12.917066,77.577195,2025-04-17,1900-01-01 20:50:04,1,1,37,1,4,20
FIR04947,5,7,12.92935,77.590243,2025-03-06,1900-01-01 13:45:34,0,1,54,0,4,13
FIR04948,9,14,13.097111,77.597492,2024-11-12,1900-01-01 23:15:39,1,2,19,0,5,23
FIR04949,3,14,13.09627,77.597294,2024-10-14,1900-01-01 16:07:47,2,2,36,0,1,16
FIR04950,0,13,12.967587,77.752796,2026-05-11,1900-01-01 21:20:36,2,2,21,1,1,21
FIR04951,8,8,12.937634,77.6216,2025-05-29,1900-01-01 08:24:20,1,2,62,1,4,8
FIR04952,1,14,13.097649,77.596111,2024-08-24,1900-01-01 03:12:07,2,0,51,0,2,3
FIR04953,3,5,13.03792,77.599607,2025-07-18,1900-01-01 13:00:15,2,2,40,1,0,13
FIR04954,0,14,13.100089,77.597038,2024-12-28,1900-01-01 07:23:45,2,2,18,0,2,7
FIR04955,6,8,12.932329,77.624612,2025-03-09,1900-01-01 11:36:41,0,0,27,0,3,11
FIR04956,0,0,12.917477,77.60872,2025-10-22,1900-01-01 09:35:12,2,2,23,1,6,9
FIR04957,5,12,12.994841,77.550569,2025-10-23,1900-01-01 01:55:00,0,0,40,1,4,1
FIR04958,8,1,12.920352,77.575729,2024-09-16,1900-01-01 08:16:11,1,0,69,2,1,8
FIR04959,3,4,12.906855,77.651901,2025-10-02,1900-01-01 21:42:47,2,0,69,0,4,21
FIR04960,6,3,12.842613,77.676877,2026-07-08,1900-01-01 03:20:17,0,2,52,2,6,3
FIR04961,4,6,12.979928,77.641657,2026-06-12,1900-01-01 17:29:34,2,0,48,1,0,17
FIR04962,6,6,12.980561,77.639941,2025-10-09,1900-01-01 10:57:16,0,2,34,1,4,10
FIR04963,9,3,12.837614,77.675539,2025-09-12,1900-01-01 23:48:36,1,1,57,0,0,23
FIR04964,4,2,12.929312,77.677625,2024-10-12,1900-01-01 03:33:53,2,2,38,1,2,3
FIR04965,7,3,12.837646,77.672893,2024-10-03,1900-01-01 21:54:44,0,2,53,0,4,21
FIR04966,6,12,12.991207,77.550957,2024-10-12,1900-01-01 10:08:03,0,1,60,1,2,10
FIR04967,1,2,12.924213,77.677976,2026-05-11,1900-01-01 00:07:17,2,0,62,1,1,0
FIR04968,7,13,12.971904,77.750697,2024-08-02,1900-01-01 09:13:54,0,2,68,2,0,9
FIR04969,4,6,12.981167,77.638319,2026-01-12,1900-01-01 09:22:17,2,2,31,2,1,9
FIR04970,2,3,12.836692,77.676268,2025-09-12,1900-01-01 10:19:13,2,0,54,0,0,10
FIR04971,3,8,12.937695,77.622449,2025-01-19,1900-01-01 19:31:27,2,0,58,2,3,19
FIR04972,2,9,12.975617,77.608275,2026-04-05,1900-01-01 11:10:09,2,0,54,1,3,11
FIR04973,4,11,12.958296,77.702313,2025-10-08,1900-01-01 03:34:28,2,1,43,2,6,3
FIR04974,0,6,12.974284,77.640633,2025-06-22,1900-01-01 17:11:22,2,2,45,2,3,17
FIR04975,7,8,12.939304,77.620081,2024-10-07,1900-01-01 08:22:28,0,0,18,0,1,8
FIR04976,9,14,13.098596,77.594303,2025-04-10,1900-01-01 19:01:52,1,1,68,1,4,19
FIR04977,1,4,12.916291,77.648279,2024-11-30,1900-01-01 01:20:40,2,1,53,1,2,1
FIR04978,3,1,12.919164,77.568887,2024-08-04,1900-01-01 00:49:37,2,0,28,2,3,0
FIR04979,3,7,12.928808,77.59375,2024-12-14,1900-01-01 11:03:45,2,2,34,2,2,11
FIR04980,7,10,13.00406,77.56665,2026-05-27,1900-01-01 05:49:43,0,0,55,0,6,5
FIR04981,0,12,12.995008,77.550143,2025-04-27,1900-01-01 13:59:50,2,2,19,0,3,13
FIR04982,2,9,12.972726,77.608469,2024-11-30,1900-01-01 06:18:43,2,0,28,0,2,6
FIR04983,4,6,12.976281,77.640806,2025-04-08,1900-01-01 16:37:14,2,0,31,0,5,16
FIR04984,7,13,12.969961,77.749687,2024-12-18,1900-01-01 06:30:30,0,1,20,2,6,6
FIR04985,3,8,12.930573,77.625364,2025-11-25,1900-01-01 05:24:08,2,0,38,1,5,5
FIR04986,1,2,12.923801,77.671641,2025-05-11,1900-01-01 01:04:48,2,0,41,0,3,1
FIR04987,5,4,12.910568,77.649062,2024-09-03,1900-01-01 03:30:31,0,2,64,1,5,3
FIR04988,9,2,12.931598,77.673386,2025-08-19,1900-01-01 00:08:38,1,1,29,0,5,0
FIR04989,9,8,12.933258,77.628979,2024-11-11,1900-01-01 15:47:08,1,0,59,0,1,15
FIR04990,7,4,12.90734,77.645883,2025-01-10,1900-01-01 13:22:00,0,1,44,2,0,13
FIR04991,1,10,13.00377,77.569972,2024-08-21,1900-01-01 02:21:41,2,1,62,0,6,2
FIR04992,2,11,12.955002,77.699691,2025-07-07,1900-01-01 08:50:57,2,1,39,2,1,8
FIR04993,8,12,12.993514,77.557465,2024-11-20,1900-01-01 11:52:50,1,0,43,1,6,11
FIR04994,2,9,12.972703,77.605123,2025-06-18,1900-01-01 08:44:25,2,0,21,1,6,8
FIR04995,5,0,12.921211,77.613725,2025-03-06,1900-01-01 02:04:27,0,0,57,0,4,2
FIR04996,9,3,12.836518,77.679392,2024-08-01,1900-01-01 19:20:16,1,2,41,0,4,19
FIR04997,8,12,12.98779,77.558541,2026-06-14,1900-01-01 17:00:26,1,2,21,2,3,17
FIR04998,0,9,12.979922,77.602565,2026-06-11,1900-01-01 14:09:43,2,0,19,0,4,14
FIR04999,3,2,12.924567,77.673696,2025-06-01,1900-01-01 05:42:25,2,0,68,0,3,5
FIR05000,5,10,13.007479,77.566901,2026-01-22,1900-01-01 14:37:50,0,2,20,1,4,14
FIR05001,6,12,12.988615,77.553517,2025-06-27,1900-01-01 00:41:02,0,0,59,0,0,0
FIR05002,2,13,12.968518,77.746904,2025-02-24,1900-01-01 22:08:39,2,0,49,1,1,22
FIR05003,7,13,12.972912,77.748442,2026-05-14,1900-01-01 08:16:16,0,2,36,2,4,8
FIR05004,7,11,12.956655,77.69892,2025-10-21,1900-01-01 01:02:23,0,2,63,0,5,1
FIR05005,0,3,12.844177,77.672621,2026-02-05,1900-01-01 05:40:47,2,0,29,0,4,5
FIR05006,6,3,12.83524,77.681915,2025-06-12,1900-01-01 19:55:44,0,1,55,0,4,19
FIR05007,6,0,12.914736,77.605724,2024-11-05,1900-01-01 03:50:07,0,1,26,1,5,3
FIR05008,4,5,13.037503,77.599101,2026-03-17,1900-01-01 20:51:42,2,0,49,1,5,20
FIR05009,5,12,12.992194,77.551341,2024-09-16,1900-01-01 18:38:10,0,0,37,2,1,18
FIR05010,8,12,12.991557,77.551904,2025-05-12,1900-01-01 13:06:08,1,0,43,1,1,13
FIR05011,1,12,12.9935,77.555501,2026-03-01,1900-01-01 08:07:20,2,2,56,2,3,8
FIR05012,8,1,12.916795,77.578031,2024-08-13,1900-01-01 08:22:26,1,0,64,1,5,8
FIR05013,1,14,13.104367,77.592549,2024-11-09,1900-01-01 19:05:43,2,0,57,0,2,19
FIR05014,6,9,12.976613,77.600683,2024-11-24,1900-01-01 15:05:39,0,2,44,2,3,15
FIR05015,1,12,12.992489,77.552977,2024-11-24,1900-01-01 11:19:41,2,0,32,0,3,11
FIR05016,1,5,13.036274,77.595956,2025-11-18,1900-01-01 14:51:12,2,1,44,0,5,14
FIR05017,9,9,12.97425,77.608887,2026-07-07,1900-01-01 12:37:11,1,1,40,1,5,12
FIR05018,0,12,12.989476,77.551086,2026-04-08,1900-01-01 19:46:21,2,1,65,1,6,19
FIR05019,0,14,13.098945,77.594274,2026-03-01,1900-01-01 11:40:37,2,1,23,2,3,11
FIR05020,1,1,12.918354,77.576373,2025-06-17,1900-01-01 01:31:07,2,1,61,2,5,1
FIR05021,7,7,12.929261,77.592138,2025-03-09,1900-01-01 20:26:24,0,2,39,2,3,20
FIR05022,9,7,12.922108,77.595641,2025-03-02,1900-01-01 14:31:35,1,1,33,1,3,14
FIR05023,4,4,12.909138,77.642935,2026-01-10,1900-01-01 20:49:25,2,2,58,0,2,20
FIR05024,5,12,12.992765,77.551551,2026-05-23,1900-01-01 14:27:47,0,0,53,2,2,14
FIR05025,1,4,12.907757,77.643679,2025-09-11,1900-01-01 13:48:17,2,2,56,0,4,13
FIR05026,0,5,13.033771,77.595216,2025-07-21,1900-01-01 07:53:32,2,0,52,1,1,7
FIR05027,2,8,12.933443,77.62326,2026-06-30,1900-01-01 04:02:47,2,2,33,0,5,4
FIR05028,3,12,12.993593,77.554768,2025-10-01,1900-01-01 16:13:51,2,0,35,2,6,16
FIR05029,4,14,13.097901,77.595846,2025-03-27,1900-01-01 05:11:09,2,2,29,2,4,5
FIR05030,9,4,12.916258,77.644078,2025-03-31,1900-01-01 16:48:31,1,1,54,2,1,16
FIR05031,0,1,12.915706,77.573607,2025-02-26,1900-01-01 11:46:56,2,2,21,2,6,11
FIR05032,3,9,12.974009,77.607825,2025-03-27,1900-01-01 07:42:07,2,1,70,1,4,7
FIR05033,5,9,12.974604,77.607918,2025-04-09,1900-01-01 22:32:49,0,0,25,0,6,22
FIR05034,9,10,12.999689,77.570262,2025-12-29,1900-01-01 20:04:45,1,1,47,1,1,20
FIR05035,2,4,12.910764,77.646952,2025-12-15,1900-01-01 05:10:32,2,1,48,2,1,5
FIR05036,8,7,12.924801,77.593831,2025-10-13,1900-01-01 18:26:32,1,0,34,2,1,18
FIR05037,8,1,12.922293,77.575802,2026-02-01,1900-01-01 13:14:54,1,2,43,2,3,13
FIR05038,2,10,13.002111,77.566993,2026-06-12,1900-01-01 21:03:51,2,0,30,0,0,21
FIR05039,2,13,12.968241,77.754378,2025-08-30,1900-01-01 18:06:12,2,1,53,0,2,18
FIR05040,5,10,13.000057,77.568654,2026-05-22,1900-01-01 08:04:49,0,1,36,1,0,8
FIR05041,3,8,12.937143,77.622802,2025-04-13,1900-01-01 00:20:46,2,0,47,1,3,0
FIR05042,6,10,13.008295,77.568707,2025-02-07,1900-01-01 01:40:09,0,1,26,2,0,1
FIR05043,9,6,12.977016,77.641244,2025-12-19,1900-01-01 16:59:50,1,1,55,2,0,16
FIR05044,0,7,12.925997,77.589875,2024-12-06,1900-01-01 13:09:48,2,0,64,0,0,13
FIR05045,6,9,12.972602,77.603143,2026-01-29,1900-01-01 04:26:23,0,2,22,2,4,4
FIR05046,1,5,13.038787,77.600361,2024-07-23,1900-01-01 11:23:47,2,0,26,1,5,11
FIR05047,2,0,12.918361,77.609305,2025-05-18,1900-01-01 07:32:11,2,0,54,1,3,7
FIR05048,0,12,12.992781,77.558043,2026-05-10,1900-01-01 11:10:47,2,2,19,2,3,11
FIR05049,5,14,13.103838,77.598866,2026-04-24,1900-01-01 11:05:48,0,1,29,0,0,11
FIR05050,9,12,12.988006,77.550956,2025-12-24,1900-01-01 12:05:39,1,0,23,0,6,12
FIR05051,0,3,12.841045,77.672402,2024-12-31,1900-01-01 20:06:55,2,0,64,2,5,20
FIR05052,1,14,13.10004,77.599,2025-08-15,1900-01-01 03:38:56,2,2,40,1,0,3
FIR05053,5,13,12.965806,77.746562,2025-08-23,1900-01-01 23:33:05,0,0,34,2,2,23
FIR05054,9,13,12.967136,77.749575,2026-05-23,1900-01-01 13:40:17,1,1,36,0,2,13
FIR05055,8,12,12.988101,77.55739,2025-08-29,1900-01-01 15:51:57,1,1,69,2,0,15
FIR05056,5,0,12.912897,77.606499,2024-12-18,1900-01-01 08:08:34,0,1,34,1,6,8
FIR05057,2,1,12.915139,77.578003,2025-03-19,1900-01-01 17:44:50,2,1,18,1,6,17
FIR05058,2,7,12.927432,77.591385,2026-06-23,1900-01-01 01:08:32,2,2,26,0,5,1
FIR05059,6,3,12.835,77.681395,2024-08-24,1900-01-01 01:07:01,0,0,29,2,2,1
FIR05060,5,0,12.914569,77.610121,2026-06-09,1900-01-01 12:48:01,0,2,29,2,5,12
FIR05061,7,0,12.91224,77.611264,2025-04-17,1900-01-01 17:54:46,0,0,29,1,4,17
FIR05062,7,10,13.004328,77.573465,2026-04-21,1900-01-01 14:38:50,0,2,66,2,5,14
FIR05063,5,10,13.000321,77.572805,2025-07-02,1900-01-01 20:44:26,0,1,36,1,6,20
FIR05064,8,6,12.982502,77.645018,2026-04-21,1900-01-01 04:12:48,1,0,61,2,5,4
FIR05065,5,8,12.934469,77.62706,2026-03-01,1900-01-01 23:13:03,0,1,46,1,3,23
FIR05066,7,1,12.920244,77.573847,2024-12-28,1900-01-01 18:32:22,0,1,59,0,2,18
FIR05067,2,2,12.923805,77.674185,2026-03-05,1900-01-01 21:46:18,2,2,47,1,4,21
FIR05068,2,0,12.918581,77.606564,2025-09-25,1900-01-01 07:49:29,2,2,53,1,4,7
FIR05069,7,6,12.980056,77.64194,2025-06-29,1900-01-01 09:35:20,0,2,41,2,3,9
FIR05070,9,8,12.930991,77.620404,2025-04-03,1900-01-01 04:04:00,1,0,50,1,4,4
FIR05071,4,5,13.033926,77.594712,2025-10-05,1900-01-01 23:11:11,2,0,30,2,3,23
FIR05072,5,5,13.035478,77.594656,2025-05-14,1900-01-01 14:50:14,0,0,56,0,6,14
FIR05073,2,10,13.001268,77.574946,2025-05-29,1900-01-01 18:21:11,2,0,41,0,4,18
FIR05074,3,6,12.977516,77.641351,2025-09-02,1900-01-01 14:18:29,2,1,61,1,5,14
FIR05075,7,3,12.838623,77.674336,2024-11-16,1900-01-01 03:32:21,0,0,40,1,2,3
FIR05076,9,6,12.974317,77.638247,2025-11-08,1900-01-01 12:37:21,1,0,55,1,2,12
FIR05077,3,0,12.915124,77.611089,2025-02-19,1900-01-01 18:27:47,2,2,66,2,6,18
FIR05078,1,3,12.836993,77.676439,2025-08-01,1900-01-01 04:42:06,2,0,57,2,0,4
FIR05079,6,4,12.914636,77.6436,2026-05-31,1900-01-01 15:00:29,0,2,28,0,3,15
FIR05080,0,10,13.004784,77.57394,2025-09-02,1900-01-01 03:12:30,2,1,62,2,5,3
FIR05081,0,8,12.938422,77.619875,2025-01-05,1900-01-01 14:48:55,2,1,58,0,3,14
FIR05082,6,13,12.965344,77.753506,2025-04-27,1900-01-01 18:29:50,0,1,58,0,3,18
FIR05083,3,4,12.912117,77.650695,2026-03-20,1900-01-01 12:59:06,2,0,45,1,0,12
FIR05084,4,7,12.922611,77.596936,2025-05-04,1900-01-01 19:38:48,2,1,30,0,3,19
FIR05085,9,0,12.91831,77.612832,2026-03-11,1900-01-01 15:29:16,1,1,56,2,6,15
FIR05086,0,6,12.983023,77.638234,2025-04-04,1900-01-01 23:56:24,2,2,32,2,0,23
FIR05087,2,0,12.914482,77.61136,2024-11-14,1900-01-01 21:27:54,2,1,41,1,4,21
FIR05088,8,8,12.933243,77.621265,2025-04-12,1900-01-01 16:57:26,1,1,35,1,2,16
FIR05089,3,7,12.925862,77.596903,2025-05-31,1900-01-01 08:25:32,2,0,50,0,2,8
FIR05090,7,10,13.002994,77.567971,2026-05-30,1900-01-01 23:10:48,0,1,35,2,2,23
FIR05091,9,14,13.104457,77.593985,2025-04-17,1900-01-01 06:56:11,1,0,58,2,4,6
FIR05092,7,4,12.91109,77.643633,2026-02-14,1900-01-01 23:40:54,0,0,57,0,2,23
FIR05093,2,7,12.922777,77.594985,2025-07-19,1900-01-01 01:25:54,2,1,55,0,2,1
FIR05094,2,10,13.00217,77.57309,2026-03-04,1900-01-01 15:32:19,2,0,52,0,6,15
FIR05095,7,9,12.977341,77.603447,2026-05-18,1900-01-01 15:53:02,0,2,34,2,1,15
FIR05096,8,5,13.031989,77.600003,2026-02-07,1900-01-01 16:52:58,1,0,22,2,2,16
FIR05097,1,11,12.956434,77.697812,2026-03-11,1900-01-01 14:46:37,2,2,50,1,6,14
FIR05098,0,12,12.991662,77.55642,2026-06-20,1900-01-01 04:38:04,2,2,35,0,2,4
FIR05099,1,9,12.970818,77.604665,2024-08-24,1900-01-01 16:25:46,2,2,57,0,2,16
FIR05100,1,0,12.91279,77.606593,2025-11-13,1900-01-01 07:17:57,2,2,60,0,4,7
FIR05101,2,7,12.929926,77.595954,2025-09-18,1900-01-01 10:42:49,2,1,21,1,4,10
FIR05102,6,9,12.980013,77.607277,2024-12-01,1900-01-01 03:26:39,0,2,61,1,3,3
FIR05103,7,11,12.963623,77.701812,2025-08-11,1900-01-01 09:13:44,0,0,38,2,1,9
FIR05104,9,5,13.032669,77.593698,2025-08-10,1900-01-01 23:55:13,1,0,41,2,3,23
FIR05105,0,14,13.102678,77.592822,2025-10-02,1900-01-01 02:23:40,2,1,23,2,4,2
FIR05106,6,3,12.843233,77.68069,2024-12-20,1900-01-01 02:18:17,0,1,38,1,0,2
FIR05107,5,8,12.935388,77.6213,2026-02-19,1900-01-01 22:42:33,0,2,54,1,4,22
FIR05108,5,4,12.906965,77.64571,2025-06-03,1900-01-01 02:15:17,0,2,48,2,5,2
FIR05109,4,14,13.097919,77.594448,2025-11-02,1900-01-01 13:06:20,2,0,53,0,3,13
FIR05110,7,9,12.978594,77.603631,2026-02-08,1900-01-01 13:36:49,0,1,44,0,3,13
FIR05111,8,2,12.929336,77.675562,2026-01-15,1900-01-01 00:21:46,1,1,53,0,4,0
FIR05112,8,13,12.974259,77.749645,2025-09-11,1900-01-01 09:18:27,1,0,41,0,4,9
FIR05113,4,3,12.839285,77.680224,2025-02-23,1900-01-01 12:31:31,2,1,54,1,3,12
FIR05114,2,14,13.104719,77.59327,2025-04-23,1900-01-01 20:43:00,2,1,30,0,6,20
FIR05115,1,14,13.101256,77.597347,2026-01-06,1900-01-01 23:59:57,2,0,63,1,5,23
FIR05116,8,8,12.934646,77.623512,2024-08-28,1900-01-01 02:16:42,1,2,38,1,6,2
FIR05117,4,9,12.977431,77.60737,2025-04-17,1900-01-01 14:15:36,2,0,21,2,4,14
FIR05118,5,5,13.03132,77.599149,2024-12-01,1900-01-01 05:40:17,0,0,62,1,3,5
FIR05119,8,5,13.037764,77.59869,2025-02-04,1900-01-01 06:45:56,1,1,67,2,5,6
FIR05120,2,13,12.965224,77.753394,2026-02-27,1900-01-01 09:53:09,2,1,27,1,0,9
FIR05121,3,7,12.922556,77.59479,2026-04-28,1900-01-01 03:36:51,2,2,18,0,5,3
FIR05122,9,4,12.915568,77.648014,2024-08-12,1900-01-01 06:14:26,1,0,39,2,1,6
FIR05123,9,6,12.974474,77.642944,2024-08-02,1900-01-01 09:36:58,1,2,21,1,0,9
FIR05124,0,3,12.837528,77.680076,2026-05-23,1900-01-01 22:56:54,2,0,59,2,2,22
FIR05125,6,6,12.979122,77.641955,2025-04-22,1900-01-01 09:15:16,0,1,40,1,5,9
FIR05126,7,13,12.96564,77.750658,2025-11-14,1900-01-01 07:05:03,0,0,50,2,0,7
FIR05127,3,3,12.838794,77.678847,2026-03-23,1900-01-01 18:12:37,2,1,56,0,1,18
FIR05128,7,8,12.930518,77.624022,2026-03-30,1900-01-01 11:09:42,0,0,47,2,1,11
FIR05129,2,6,12.977794,77.638564,2026-06-17,1900-01-01 08:36:14,2,2,29,1,6,8
FIR05130,5,9,12.975759,77.609514,2025-01-27,1900-01-01 13:08:00,0,1,29,2,1,13
FIR05131,2,4,12.915803,77.642907,2025-06-17,1900-01-01 19:39:01,2,0,64,1,5,19
FIR05132,0,5,13.035656,77.593585,2025-07-04,1900-01-01 10:35:21,2,1,38,1,0,10
FIR05133,5,9,12.979431,77.602985,2024-12-23,1900-01-01 13:52:19,0,0,56,0,1,13
FIR05134,6,0,12.921532,77.607258,2026-06-25,1900-01-01 15:31:59,0,2,34,1,4,15
FIR05135,0,6,12.982876,77.644854,2025-02-28,1900-01-01 02:43:28,2,1,46,1,0,2
FIR05136,8,13,12.967334,77.746643,2026-02-08,1900-01-01 23:01:41,1,2,18,0,3,23
FIR05137,2,2,12.92464,77.672152,2025-06-29,1900-01-01 15:23:32,2,2,57,2,3,15
FIR05138,9,13,12.971144,77.752861,2025-01-08,1900-01-01 09:28:11,1,0,41,2,6,9
FIR05139,9,1,12.921578,77.569697,2024-11-17,1900-01-01 05:33:47,1,0,20,0,3,5
FIR05140,6,9,12.976343,77.604098,2025-06-27,1900-01-01 01:59:26,0,0,57,1,0,1
FIR05141,4,10,13.005101,77.575032,2025-08-25,1900-01-01 09:28:17,2,1,62,0,1,9
FIR05142,0,1,12.921773,77.568643,2026-05-08,1900-01-01 11:53:42,2,2,27,0,0,11
FIR05143,6,11,12.955327,77.697517,2026-01-14,1900-01-01 21:03:43,0,0,28,2,6,21
FIR05144,7,9,12.974925,77.608641,2025-01-10,1900-01-01 07:15:43,0,1,62,0,0,7
FIR05145,2,0,12.917466,77.610962,2026-06-18,1900-01-01 09:22:47,2,1,60,0,4,9
FIR05146,9,5,13.037202,77.597855,2025-01-12,1900-01-01 18:55:09,1,2,25,0,3,18
FIR05147,1,12,12.994933,77.558291,2025-01-20,1900-01-01 18:37:45,2,0,48,2,1,18
FIR05148,0,9,12.977022,77.608521,2026-04-21,1900-01-01 08:56:43,2,1,69,0,5,8
FIR05149,8,9,12.972446,77.607948,2026-06-27,1900-01-01 14:10:56,1,0,29,1,2,14
FIR05150,2,3,12.836395,77.67971,2025-08-13,1900-01-01 22:09:12,2,1,26,1,6,22
FIR05151,1,13,12.974747,77.745267,2025-08-18,1900-01-01 21:12:14,2,0,33,1,1,21
FIR05152,2,11,12.956326,77.695535,2026-05-02,1900-01-01 00:28:35,2,2,30,2,2,0
FIR05153,5,3,12.838515,77.681723,2026-03-19,1900-01-01 19:23:34,0,1,58,2,4,19
FIR05154,1,7,12.929944,77.589051,2025-01-03,1900-01-01 21:17:25,2,2,51,1,0,21
FIR05155,1,14,13.099422,77.594983,2026-04-16,1900-01-01 00:45:05,2,1,42,2,4,0
FIR05156,2,10,12.999315,77.570181,2026-05-03,1900-01-01 22:51:39,2,0,67,0,3,22
FIR05157,5,7,12.927968,77.590013,2024-12-08,1900-01-01 21:21:25,0,0,61,0,3,21
FIR05158,3,14,13.105685,77.594201,2025-11-22,1900-01-01 22:18:30,2,0,28,1,2,22
FIR05159,9,0,12.920984,77.611192,2026-04-25,1900-01-01 11:48:59,1,0,68,0,2,11
FIR05160,1,2,12.928015,77.673461,2024-08-20,1900-01-01 20:12:48,2,1,43,1,5,20
FIR05161,1,6,12.977076,77.639765,2024-07-28,1900-01-01 05:47:39,2,2,42,0,3,5
FIR05162,8,5,13.032019,77.593651,2026-01-23,1900-01-01 14:52:19,1,2,64,0,0,14
FIR05163,8,0,12.916453,77.606731,2026-05-29,1900-01-01 12:15:54,1,0,65,2,0,12
FIR05164,8,13,12.973029,77.750755,2025-01-08,1900-01-01 01:52:16,1,2,57,0,6,1
FIR05165,2,13,12.966507,77.748561,2026-06-17,1900-01-01 12:07:43,2,1,35,1,6,12
FIR05166,6,8,12.935992,77.628278,2025-04-27,1900-01-01 02:04:54,0,1,37,2,3,2
FIR05167,2,1,12.913441,77.575543,2025-02-03,1900-01-01 10:37:28,2,2,51,1,1,10
FIR05168,8,0,12.91339,77.613538,2024-12-07,1900-01-01 01:21:31,1,0,37,0,2,1
FIR05169,7,8,12.939736,77.622456,2025-04-27,1900-01-01 16:16:31,0,1,38,2,3,16
FIR05170,7,3,12.836266,77.674401,2026-03-25,1900-01-01 01:49:50,0,0,45,2,6,1
FIR05171,7,10,13.00167,77.565606,2026-03-04,1900-01-01 14:09:09,0,0,57,0,6,14
FIR05172,9,12,12.989013,77.551892,2025-01-03,1900-01-01 02:59:27,1,2,28,2,0,2
FIR05173,7,14,13.100526,77.60109,2024-08-03,1900-01-01 14:21:38,0,2,25,0,2,14
FIR05174,4,7,12.928,77.590754,2025-10-02,1900-01-01 08:56:11,2,0,27,0,4,8
FIR05175,5,4,12.911509,77.652284,2025-04-10,1900-01-01 06:48:46,0,1,46,2,4,6
FIR05176,6,3,12.842916,77.680064,2025-08-11,1900-01-01 12:32:02,0,2,25,0,1,12
FIR05177,2,3,12.838114,77.676003,2026-01-03,1900-01-01 18:34:42,2,2,64,0,2,18
FIR05178,2,10,13.00183,77.575418,2025-12-15,1900-01-01 17:46:44,2,1,31,2,1,17
FIR05179,6,8,12.935109,77.624355,2025-05-14,1900-01-01 21:39:06,0,0,35,0,6,21
FIR05180,2,11,12.955928,77.693096,2025-10-06,1900-01-01 08:42:04,2,0,27,0,1,8
FIR05181,7,2,12.931002,77.671258,2025-08-03,1900-01-01 06:11:25,0,0,38,2,3,6
FIR05182,3,8,12.937906,77.623132,2025-08-09,1900-01-01 06:08:23,2,1,36,2,2,6
FIR05183,0,10,13.004112,77.575565,2024-08-03,1900-01-01 01:48:01,2,0,20,0,2,1
FIR05184,6,11,12.958006,77.692461,2026-05-12,1900-01-01 16:17:25,0,2,49,2,5,16
FIR05185,9,9,12.972343,77.600122,2026-05-24,1900-01-01 03:09:58,1,2,62,2,3,3
FIR05186,1,9,12.977837,77.603256,2026-06-22,1900-01-01 03:01:46,2,2,68,2,1,3
FIR05187,4,1,12.914363,77.571222,2024-12-25,1900-01-01 03:44:49,2,1,25,2,6,3
FIR05188,5,5,13.035571,77.601322,2025-11-05,1900-01-01 17:27:34,0,2,46,1,6,17
FIR05189,3,0,12.91239,77.61242,2024-08-12,1900-01-01 03:26:59,2,2,38,0,1,3
FIR05190,1,2,12.932727,77.677318,2024-11-30,1900-01-01 08:42:40,2,2,69,1,2,8
FIR05191,5,4,12.912729,77.651829,2024-08-28,1900-01-01 04:08:25,0,1,47,1,6,4
FIR05192,8,5,13.040264,77.593389,2025-08-27,1900-01-01 11:31:09,1,0,21,2,6,11
FIR05193,1,3,12.842564,77.674342,2025-02-17,1900-01-01 06:10:56,2,0,58,2,1,6
FIR05194,9,9,12.970665,77.601411,2025-12-04,1900-01-01 00:04:35,1,1,43,2,4,0
FIR05195,4,6,12.979498,77.636993,2026-06-03,1900-01-01 12:12:26,2,1,44,1,6,12
FIR05196,1,2,12.924098,77.67172,2024-09-18,1900-01-01 03:41:38,2,1,23,0,6,3
FIR05197,3,4,12.908894,77.648146,2025-06-10,1900-01-01 10:12:05,2,2,37,1,5,10
FIR05198,8,6,12.982028,77.64233,2025-07-09,1900-01-01 14:08:13,1,0,42,2,6,14
FIR05199,4,2,12.929634,77.673261,2026-06-03,1900-01-01 21:33:28,2,0,19,2,6,21
FIR05200,6,0,12.920517,77.60653,2024-08-07,1900-01-01 16:21:24,0,0,64,1,6,16
FIR05201,0,2,12.931869,77.677668,2025-02-20,1900-01-01 14:04:38,2,0,46,1,4,14
FIR05202,6,7,12.922011,77.598282,2026-01-02,1900-01-01 18:06:41,0,2,31,2,0,18
FIR05203,1,0,12.917924,77.612735,2025-07-18,1900-01-01 15:24:27,2,2,46,1,0,15
FIR05204,7,12,12.992478,77.55697,2026-07-21,1900-01-01 09:46:26,0,0,69,0,5,9
FIR05205,7,4,12.916517,77.646659,2025-09-24,1900-01-01 18:32:37,0,0,35,0,6,18
FIR05206,4,4,12.912313,77.644433,2024-12-29,1900-01-01 05:08:58,2,1,62,1,3,5
FIR05207,9,6,12.978022,77.640653,2025-08-19,1900-01-01 06:30:36,1,2,31,0,5,6
FIR05208,4,9,12.972936,77.607962,2025-08-18,1900-01-01 14:19:30,2,0,51,1,1,14
FIR05209,6,1,12.919298,77.575043,2025-07-23,1900-01-01 13:36:32,0,2,66,0,6,13
FIR05210,2,9,12.979292,77.609831,2024-09-16,1900-01-01 22:58:54,2,1,24,1,1,22
FIR05211,5,13,12.97291,77.748616,2026-07-03,1900-01-01 01:24:02,0,2,22,2,0,1
FIR05212,1,7,12.922374,77.592365,2024-12-21,1900-01-01 20:02:03,2,1,52,0,2,20
FIR05213,7,1,12.918268,77.57323,2025-09-20,1900-01-01 21:35:29,0,2,54,2,2,21
FIR05214,8,10,13.001778,77.574065,2024-11-01,1900-01-01 10:05:55,1,2,28,0,0,10
FIR05215,6,10,13.004093,77.568332,2024-08-06,1900-01-01 01:07:44,0,0,18,2,5,1
FIR05216,8,11,12.963504,77.695454,2026-04-17,1900-01-01 05:47:17,1,1,21,2,0,5
FIR05217,3,2,12.930898,77.677003,2025-02-16,1900-01-01 04:41:11,2,0,40,0,3,4
FIR05218,5,1,12.920515,77.576475,2026-01-15,1900-01-01 20:46:34,0,2,41,0,4,20
FIR05219,5,7,12.925094,77.598066,2025-11-27,1900-01-01 22:37:22,0,1,56,2,4,22
FIR05220,1,10,13.003209,77.574113,2024-07-24,1900-01-01 12:40:17,2,0,34,0,6,12
FIR05221,9,11,12.962933,77.700782,2026-03-22,1900-01-01 15:17:52,1,0,63,1,3,15
FIR05222,6,8,12.93261,77.627263,2026-03-18,1900-01-01 23:25:07,0,2,49,2,6,23
FIR05223,0,6,12.978945,77.644675,2026-02-03,1900-01-01 08:35:12,2,2,55,2,5,8
FIR05224,7,10,12.999077,77.567447,2024-10-30,1900-01-01 00:41:01,0,2,20,1,6,0
FIR05225,4,1,12.916791,77.568906,2026-06-05,1900-01-01 07:36:33,2,0,49,1,0,7
FIR05226,4,13,12.974622,77.754803,2025-06-30,1900-01-01 02:16:45,2,1,68,2,1,2
FIR05227,2,4,12.908917,77.646779,2026-03-28,1900-01-01 10:30:12,2,1,24,1,2,10
FIR05228,2,10,13.005622,77.570379,2026-04-28,1900-01-01 01:06:57,2,0,45,1,5,1
FIR05229,9,0,12.916091,77.612778,2025-09-30,1900-01-01 11:20:14,1,0,50,1,5,11
FIR05230,8,14,13.100762,77.596317,2025-04-03,1900-01-01 01:50:04,1,2,26,1,4,1
FIR05231,8,10,13.00322,77.566349,2025-04-22,1900-01-01 18:14:17,1,1,54,2,5,18
FIR05232,0,14,13.100039,77.598737,2025-04-27,1900-01-01 08:23:26,2,0,47,2,3,8
FIR05233,4,4,12.914019,77.64356,2025-09-18,1900-01-01 06:31:20,2,0,22,1,4,6
FIR05234,7,9,12.977119,77.602012,2025-05-05,1900-01-01 10:11:08,0,0,52,2,1,10
FIR05235,0,10,13.003028,77.573836,2025-01-25,1900-01-01 03:27:02,2,2,29,0,2,3
FIR05236,0,0,12.920907,77.612988,2024-09-04,1900-01-01 10:19:47,2,2,55,1,6,10
FIR05237,0,10,13.000642,77.569784,2025-04-15,1900-01-01 08:17:59,2,1,36,2,5,8
FIR05238,5,5,13.034066,77.601504,2025-09-05,1900-01-01 13:52:01,0,2,27,2,0,13
FIR05239,5,2,12.9253,77.675348,2025-03-03,1900-01-01 16:10:15,0,0,34,1,1,16
FIR05240,5,12,12.993825,77.55143,2024-07-30,1900-01-01 17:53:10,0,2,43,0,5,17
FIR05241,4,13,12.966602,77.747046,2025-08-20,1900-01-01 21:03:52,2,0,26,2,6,21
FIR05242,6,4,12.913846,77.648046,2026-02-02,1900-01-01 08:16:19,0,1,67,1,1,8
FIR05243,7,5,13.033667,77.59882,2025-12-28,1900-01-01 10:09:56,0,0,43,2,3,10
FIR05244,3,11,12.963375,77.694089,2025-11-20,1900-01-01 11:17:59,2,0,65,0,4,11
FIR05245,7,3,12.844599,77.67576,2025-07-29,1900-01-01 12:19:22,0,2,33,2,5,12
FIR05246,1,12,12.989543,77.55561,2025-08-02,1900-01-01 11:02:32,2,2,45,0,2,11
FIR05247,2,0,12.913115,77.614285,2025-05-16,1900-01-01 13:28:24,2,1,60,2,0,13
FIR05248,5,1,12.919623,77.56978,2026-03-31,1900-01-01 16:54:34,0,0,61,1,5,16
FIR05249,6,9,12.977898,77.608869,2026-04-19,1900-01-01 05:22:37,0,1,35,0,3,5
FIR05250,0,6,12.981701,77.64264,2025-02-07,1900-01-01 00:17:03,2,0,57,1,0,0
FIR05251,9,13,12.965706,77.752576,2025-11-06,1900-01-01 22:05:58,1,2,36,2,4,22
FIR05252,6,11,12.963675,77.696686,2024-11-04,1900-01-01 09:34:57,0,1,22,1,1,9
FIR05253,1,10,13.006301,77.572482,2025-06-28,1900-01-01 17:33:24,2,0,44,0,2,17
FIR05254,2,0,12.91873,77.61085,2026-04-27,1900-01-01 09:54:05,2,0,48,0,1,9
FIR05255,2,1,12.91975,77.570903,2026-01-28,1900-01-01 06:54:44,2,2,23,1,6,6
FIR05256,6,12,12.991162,77.557537,2025-09-27,1900-01-01 11:25:01,0,0,36,1,2,11
FIR05257,4,4,12.912823,77.648996,2025-04-21,1900-01-01 22:27:47,2,2,69,0,1,22
FIR05258,6,5,13.038056,77.600596,2025-03-05,1900-01-01 14:20:08,0,2,20,0,6,14
FIR05259,3,1,12.917114,77.578035,2026-04-30,1900-01-01 17:50:57,2,2,54,2,4,17
FIR05260,6,11,12.960885,77.70179,2024-12-17,1900-01-01 05:50:52,0,2,32,0,5,5
FIR05261,7,10,13.001227,77.56796,2025-07-14,1900-01-01 05:42:07,0,0,58,2,1,5
FIR05262,3,8,12.937295,77.625451,2025-07-14,1900-01-01 11:13:44,2,1,38,2,1,11
FIR05263,9,10,13.002872,77.575175,2024-10-09,1900-01-01 09:36:08,1,0,49,0,6,9
FIR05264,6,5,13.035403,77.600799,2024-12-11,1900-01-01 23:55:01,0,1,40,2,6,23
FIR05265,1,12,12.98956,77.557934,2024-11-04,1900-01-01 00:14:37,2,1,59,2,1,0
FIR05266,4,1,12.922568,77.568887,2025-05-19,1900-01-01 19:35:19,2,0,34,1,1,19
FIR05267,6,11,12.960905,77.695287,2026-07-12,1900-01-01 21:13:16,0,1,69,2,3,21
FIR05268,7,14,13.105261,77.591817,2025-08-12,1900-01-01 12:18:26,0,1,41,2,5,12
FIR05269,8,1,12.913433,77.569126,2024-10-08,1900-01-01 14:36:32,1,2,57,0,5,14
FIR05270,2,3,12.844664,77.676475,2025-03-17,1900-01-01 20:30:42,2,1,21,0,1,20
FIR05271,4,10,13.004567,77.570374,2024-07-27,1900-01-01 21:10:49,2,0,51,0,2,21
FIR05272,8,6,12.977318,77.639335,2026-02-07,1900-01-01 15:10:27,1,2,23,0,2,15
FIR05273,3,6,12.973444,77.637844,2025-05-15,1900-01-01 04:47:53,2,0,43,0,4,4
FIR05274,8,7,12.92378,77.598727,2025-02-13,1900-01-01 00:04:37,1,1,69,2,4,0
FIR05275,3,13,12.972732,77.751093,2024-11-12,1900-01-01 11:29:08,2,0,46,0,5,11
FIR05276,7,10,13.000821,77.57539,2025-09-06,1900-01-01 02:25:35,0,2,49,1,2,2
FIR05277,7,4,12.913896,77.646181,2025-05-31,1900-01-01 15:41:04,0,0,26,2,2,15
FIR05278,9,5,13.04066,77.595814,2025-10-19,1900-01-01 02:25:02,1,0,58,2,3,2
FIR05279,2,14,13.101214,77.596622,2025-04-10,1900-01-01 01:47:41,2,1,35,1,4,1
FIR05280,0,6,12.978038,77.641487,2024-08-22,1900-01-01 10:41:18,2,1,31,0,4,10
FIR05281,7,13,12.971687,77.75332,2025-05-14,1900-01-01 23:46:41,0,1,64,0,6,23
FIR05282,7,13,12.965455,77.754347,2024-11-30,1900-01-01 17:53:27,0,2,26,0,2,17
FIR05283,4,1,12.921571,77.571891,2025-11-17,1900-01-01 07:50:15,2,0,70,1,1,7
FIR05284,9,12,12.988106,77.554828,2026-01-10,1900-01-01 11:47:54,1,1,43,1,2,11
FIR05285,1,11,12.961902,77.700672,2025-09-24,1900-01-01 16:28:46,2,1,62,0,6,16
FIR05286,8,8,12.937607,77.623397,2026-01-15,1900-01-01 21:42:18,1,2,50,0,4,21
FIR05287,9,12,12.992416,77.556003,2025-07-21,1900-01-01 23:03:17,1,1,26,0,1,23
FIR05288,8,0,12.917497,77.607624,2026-05-09,1900-01-01 14:04:16,1,0,28,0,2,14
FIR05289,4,2,12.929311,77.678593,2024-11-17,1900-01-01 05:08:12,2,0,68,1,3,5
FIR05290,2,8,12.933286,77.62824,2025-12-07,1900-01-01 03:15:06,2,1,68,2,3,3
FIR05291,9,5,13.034123,77.596021,2026-06-30,1900-01-01 07:48:45,1,2,20,1,5,7
FIR05292,3,4,12.910394,77.64948,2025-08-01,1900-01-01 04:17:35,2,1,55,2,0,4
FIR05293,3,0,12.917321,77.61366,2025-06-16,1900-01-01 06:42:27,2,2,52,0,1,6
FIR05294,9,8,12.93305,77.626818,2025-05-21,1900-01-01 18:30:54,1,0,41,2,6,18
FIR05295,8,3,12.840818,77.679309,2025-02-02,1900-01-01 00:33:40,1,0,24,0,3,0
FIR05296,0,8,12.932232,77.626956,2025-12-13,1900-01-01 17:56:48,2,1,22,0,2,17
FIR05297,5,3,12.842839,77.67499,2025-03-07,1900-01-01 23:09:23,0,1,30,1,0,23
FIR05298,4,0,12.921553,77.608913,2025-12-29,1900-01-01 08:00:28,2,2,28,0,1,8
FIR05299,3,9,12.972687,77.605378,2025-03-24,1900-01-01 23:02:11,2,2,30,1,1,23
FIR05300,3,9,12.971971,77.609623,2026-03-19,1900-01-01 01:20:24,2,0,18,0,4,1
FIR05301,1,8,12.931677,77.624768,2026-05-26,1900-01-01 18:08:14,2,0,24,0,5,18
FIR05302,7,9,12.977721,77.602769,2024-08-31,1900-01-01 05:13:14,0,0,66,0,2,5
FIR05303,2,12,12.994121,77.554741,2024-11-12,1900-01-01 05:26:59,2,2,18,0,5,5
FIR05304,8,3,12.843381,77.674905,2025-03-01,1900-01-01 17:45:49,1,2,45,0,2,17
FIR05305,9,2,12.928248,77.676726,2025-12-11,1900-01-01 19:57:31,1,2,60,0,4,19
FIR05306,4,7,12.926856,77.591117,2025-11-23,1900-01-01 10:44:19,2,0,50,2,3,10
FIR05307,3,14,13.103115,77.596912,2026-04-23,1900-01-01 06:49:50,2,0,35,0,4,6
FIR05308,5,3,12.839463,77.674407,2024-08-12,1900-01-01 11:28:53,0,1,37,2,1,11
FIR05309,0,13,12.972974,77.749253,2025-06-28,1900-01-01 11:17:14,2,0,35,2,2,11
FIR05310,6,13,12.964959,77.750513,2026-05-15,1900-01-01 13:26:23,0,0,33,1,0,13
FIR05311,8,7,12.92212,77.590655,2025-06-04,1900-01-01 15:02:38,1,2,19,2,6,15
FIR05312,9,3,12.838426,77.67619,2024-11-09,1900-01-01 13:06:07,1,1,68,1,2,13
FIR05313,2,14,13.104184,77.595227,2025-01-27,1900-01-01 22:19:14,2,2,43,2,1,22
FIR05314,2,11,12.956366,77.692832,2025-04-12,1900-01-01 12:18:03,2,2,59,2,2,12
FIR05315,1,14,13.100461,77.595204,2026-07-13,1900-01-01 03:59:22,2,0,56,0,1,3
FIR05316,5,8,12.931791,77.626434,2025-12-20,1900-01-01 00:20:11,0,1,20,1,2,0
FIR05317,8,9,12.974633,77.603477,2025-08-22,1900-01-01 06:18:40,1,1,31,0,0,6
FIR05318,9,11,12.962416,77.69343,2025-05-26,1900-01-01 15:30:23,1,0,24,1,1,15
FIR05319,3,7,12.923034,77.591728,2025-05-08,1900-01-01 00:36:44,2,2,46,0,4,0
FIR05320,6,13,12.967774,77.754308,2026-05-26,1900-01-01 12:10:04,0,2,69,1,5,12
FIR05321,2,11,12.955938,77.694202,2024-11-14,1900-01-01 17:34:47,2,2,64,0,4,17
FIR05322,6,8,12.935329,77.625369,2025-01-04,1900-01-01 09:21:51,0,1,18,0,2,9
FIR05323,5,12,12.995263,77.553826,2024-07-27,1900-01-01 08:02:12,0,1,57,1,2,8
FIR05324,2,1,12.921234,77.569965,2026-04-28,1900-01-01 18:08:45,2,0,69,0,5,18
FIR05325,7,8,12.933041,77.627863,2024-10-12,1900-01-01 02:57:34,0,1,38,2,2,2
FIR05326,6,0,12.914245,77.606381,2026-01-12,1900-01-01 03:59:56,0,1,51,1,1,3
FIR05327,1,12,12.986513,77.553746,2024-09-21,1900-01-01 13:09:34,2,1,28,0,2,13
FIR05328,2,1,12.921908,77.572384,2026-05-30,1900-01-01 06:29:25,2,2,24,1,2,6
FIR05329,0,4,12.916476,77.651864,2025-08-12,1900-01-01 10:41:07,2,2,61,1,5,10
FIR05330,1,8,12.934237,77.625641,2026-04-01,1900-01-01 09:17:45,2,2,33,1,6,9
FIR05331,8,7,12.928455,77.597812,2025-04-15,1900-01-01 07:34:05,1,0,43,0,5,7
FIR05332,7,13,12.968718,77.744988,2025-11-17,1900-01-01 13:03:00,0,1,44,2,1,13
FIR05333,2,1,12.91455,77.57242,2025-10-25,1900-01-01 22:17:19,2,2,40,1,2,22
FIR05334,8,6,12.981633,77.639709,2024-08-09,1900-01-01 07:03:59,1,0,28,0,0,7
FIR05335,3,14,13.101185,77.600686,2026-05-15,1900-01-01 02:49:10,2,2,31,1,0,2
FIR05336,2,4,12.91521,77.643828,2025-02-25,1900-01-01 07:19:13,2,0,21,2,5,7
FIR05337,0,14,13.102895,77.592429,2026-02-06,1900-01-01 22:50:20,2,0,31,1,0,22
FIR05338,5,2,12.931447,77.674325,2025-02-21,1900-01-01 11:54:08,0,0,57,2,0,11
FIR05339,3,14,13.105337,77.599653,2025-09-03,1900-01-01 08:00:59,2,0,52,2,6,8
FIR05340,4,14,13.100455,77.596071,2024-10-06,1900-01-01 07:05:41,2,1,56,0,3,7
FIR05341,7,11,12.962255,77.70199,2025-12-20,1900-01-01 07:48:52,0,1,33,2,2,7
FIR05342,5,13,12.972321,77.746774,2024-11-06,1900-01-01 06:40:02,0,2,23,0,6,6
FIR05343,7,5,13.032935,77.597116,2026-01-11,1900-01-01 11:00:57,0,2,29,2,3,11
FIR05344,2,14,13.104653,77.596551,2026-07-16,1900-01-01 21:18:58,2,0,66,1,4,21
FIR05345,1,3,12.840376,77.676571,2025-12-24,1900-01-01 17:42:00,2,2,24,1,6,17
FIR05346,5,6,12.975131,77.644765,2025-05-24,1900-01-01 04:19:50,0,0,18,2,2,4
FIR05347,0,9,12.97934,77.602722,2025-11-28,1900-01-01 11:11:15,2,1,18,2,0,11
FIR05348,3,4,12.907662,77.64803,2024-12-15,1900-01-01 09:33:27,2,2,30,2,3,9
FIR05349,6,4,12.907036,77.642564,2026-01-06,1900-01-01 20:30:10,0,1,34,1,5,20
FIR05350,7,5,13.035333,77.599472,2025-12-25,1900-01-01 23:05:44,0,0,43,2,4,23
FIR05351,8,14,13.099711,77.597642,2024-12-23,1900-01-01 00:28:04,1,0,56,2,1,0
FIR05352,6,0,12.921124,77.609296,2024-07-25,1900-01-01 16:32:14,0,0,57,2,4,16
FIR05353,8,1,12.913503,77.569247,2025-12-23,1900-01-01 03:50:16,1,0,44,2,5,3
FIR05354,6,9,12.979935,77.600682,2025-06-30,1900-01-01 06:55:06,0,1,20,1,1,6
FIR05355,2,8,12.939935,77.626014,2024-07-29,1900-01-01 04:38:33,2,1,24,2,1,4
FIR05356,2,12,12.991768,77.556246,2025-07-22,1900-01-01 00:42:22,2,0,69,1,5,0
FIR05357,6,8,12.940184,77.620215,2024-11-09,1900-01-01 06:54:12,0,2,67,0,2,6
FIR05358,1,3,12.837952,77.680157,2026-01-14,1900-01-01 20:41:18,2,1,42,0,6,20
FIR05359,9,7,12.927718,77.596546,2026-06-14,1900-01-01 08:43:07,1,1,28,0,3,8
FIR05360,8,8,12.93139,77.625542,2024-12-21,1900-01-01 15:36:19,1,2,23,1,2,15
FIR05361,3,3,12.837526,77.675407,2026-05-28,1900-01-01 08:27:15,2,2,30,0,4,8
FIR05362,9,9,12.973691,77.600496,2024-10-12,1900-01-01 10:46:34,1,0,37,2,2,10
FIR05363,5,11,12.963795,77.692624,2025-02-16,1900-01-01 22:33:57,0,0,19,1,3,22
FIR05364,0,1,12.920509,77.572976,2025-04-27,1900-01-01 04:06:36,2,1,56,0,3,4
FIR05365,3,5,13.032857,77.599234,2026-06-23,1900-01-01 10:20:12,2,1,37,1,5,10
FIR05366,6,2,12.92845,77.67598,2025-05-05,1900-01-01 01:51:22,0,1,68,1,1,1
FIR05367,8,12,12.993969,77.555545,2024-10-25,1900-01-01 05:12:06,1,2,40,2,0,5
FIR05368,4,8,12.936403,77.624621,2025-09-09,1900-01-01 07:10:52,2,0,55,2,5,7
FIR05369,2,7,12.923516,77.595205,2026-01-27,1900-01-01 08:19:19,2,2,38,0,5,8
FIR05370,9,9,12.971481,77.601382,2025-08-22,1900-01-01 05:23:37,1,2,61,0,0,5
FIR05371,0,2,12.927678,77.677462,2024-12-29,1900-01-01 09:00:36,2,0,30,2,3,9
FIR05372,4,9,12.973963,77.600114,2025-03-05,1900-01-01 22:19:11,2,2,60,0,6,22
FIR05373,9,2,12.930652,77.672921,2025-10-28,1900-01-01 19:58:22,1,0,63,1,5,19
FIR05374,6,6,12.981748,77.641947,2026-06-26,1900-01-01 10:01:50,0,0,51,0,0,10
FIR05375,1,11,12.960791,77.692561,2026-01-19,1900-01-01 16:17:59,2,1,19,2,1,16
FIR05376,8,3,12.837079,77.68197,2025-03-22,1900-01-01 01:46:09,1,2,19,0,2,1
FIR05377,0,13,12.97181,77.747894,2024-07-31,1900-01-01 07:56:48,2,2,53,2,6,7
FIR05378,6,3,12.841978,77.676441,2025-05-11,1900-01-01 17:28:15,0,0,32,1,3,17
FIR05379,7,3,12.838875,77.680209,2025-01-17,1900-01-01 21:05:04,0,2,30,2,0,21
FIR05380,5,12,12.990151,77.553054,2025-10-11,1900-01-01 07:42:26,0,0,50,2,2,7
FIR05381,4,0,12.919995,77.605386,2025-02-05,1900-01-01 21:04:51,2,0,57,0,6,21
FIR05382,1,8,12.930213,77.621535,2025-03-06,1900-01-01 17:10:03,2,0,40,0,4,17
FIR05383,7,10,13.006376,77.575379,2025-02-03,1900-01-01 17:23:25,0,0,19,0,1,17
FIR05384,3,5,13.034016,77.596249,2025-06-03,1900-01-01 19:11:44,2,2,56,0,5,19
FIR05385,7,9,12.970705,77.60502,2025-08-19,1900-01-01 09:39:05,0,1,66,0,5,9
FIR05386,1,5,13.033568,77.5982,2025-01-03,1900-01-01 21:37:45,2,1,51,2,0,21
FIR05387,6,8,12.936172,77.622467,2025-07-12,1900-01-01 11:32:50,0,1,26,2,2,11
FIR05388,2,7,12.928435,77.59441,2024-11-30,1900-01-01 15:24:22,2,2,56,2,2,15
FIR05389,0,2,12.928071,77.672719,2025-06-27,1900-01-01 23:31:06,2,1,40,1,0,23
FIR05390,3,2,12.92756,77.675538,2024-12-15,1900-01-01 10:57:16,2,1,63,1,3,10
FIR05391,4,10,13.001733,77.573666,2025-02-17,1900-01-01 01:32:05,2,0,26,1,1,1
FIR05392,0,1,12.923363,77.578306,2024-12-04,1900-01-01 02:06:42,2,1,45,2,6,2
FIR05393,7,10,13.00388,77.573049,2026-01-24,1900-01-01 00:04:19,0,1,51,1,2,0
FIR05394,7,12,12.9929,77.550401,2025-04-11,1900-01-01 07:57:17,0,0,43,0,0,7
FIR05395,6,14,13.104297,77.595159,2026-01-19,1900-01-01 17:31:38,0,2,39,0,1,17
FIR05396,8,3,12.842584,77.678617,2025-06-21,1900-01-01 02:01:06,1,1,36,2,2,2
FIR05397,8,9,12.978562,77.600624,2024-11-13,1900-01-01 03:00:54,1,1,53,1,6,3
FIR05398,8,0,12.915053,77.615056,2024-12-26,1900-01-01 08:43:23,1,1,65,0,4,8
FIR05399,0,10,13.000732,77.574488,2024-12-08,1900-01-01 12:44:31,2,0,22,1,3,12
FIR05400,4,12,12.993189,77.556557,2025-07-19,1900-01-01 10:46:21,2,1,59,1,2,10
FIR05401,5,14,13.097437,77.592114,2024-12-06,1900-01-01 21:21:01,0,2,37,1,0,21
FIR05402,2,10,12.999189,77.568514,2026-01-09,1900-01-01 21:45:37,2,2,23,0,0,21
FIR05403,7,11,12.956054,77.696524,2025-10-20,1900-01-01 12:25:57,0,1,27,2,1,12
FIR05404,8,7,12.928346,77.590157,2024-12-30,1900-01-01 07:36:10,1,2,26,0,1,7
FIR05405,7,11,12.958982,77.697001,2025-05-27,1900-01-01 08:08:00,0,0,68,2,5,8
FIR05406,4,7,12.923628,77.591527,2026-01-28,1900-01-01 16:32:27,2,1,35,0,6,16
FIR05407,4,5,13.038143,77.601717,2026-03-09,1900-01-01 11:49:26,2,2,31,1,1,11
FIR05408,3,8,12.939481,77.625396,2025-03-13,1900-01-01 16:35:39,2,1,42,1,4,16
FIR05409,0,2,12.925256,77.675852,2025-07-20,1900-01-01 23:19:03,2,0,21,2,3,23
FIR05410,9,14,13.10381,77.596576,2024-11-27,1900-01-01 21:10:23,1,2,19,1,6,21
FIR05411,2,14,13.098358,77.598662,2025-09-15,1900-01-01 08:26:37,2,2,23,2,1,8
FIR05412,7,11,12.962434,77.697857,2026-03-24,1900-01-01 14:42:58,0,0,35,1,5,14
FIR05413,1,1,12.921752,77.568885,2024-11-30,1900-01-01 22:28:19,2,0,50,1,2,22
FIR05414,3,6,12.976196,77.644308,2025-10-30,1900-01-01 09:47:21,2,0,40,2,4,9
FIR05415,7,5,13.037083,77.593963,2025-09-09,1900-01-01 16:25:10,0,0,20,1,5,16
FIR05416,4,12,12.995017,77.551981,2026-02-24,1900-01-01 16:20:21,2,1,38,2,5,16
FIR05417,3,3,12.837374,77.681912,2025-03-06,1900-01-01 10:43:50,2,1,37,2,4,10
FIR05418,7,3,12.841512,77.678125,2025-05-22,1900-01-01 13:36:58,0,1,67,2,4,13
FIR05419,4,4,12.910945,77.646445,2025-08-25,1900-01-01 15:28:55,2,2,50,2,1,15
FIR05420,3,8,12.937861,77.620766,2025-06-27,1900-01-01 16:50:14,2,2,68,0,0,16
FIR05421,1,8,12.932479,77.628866,2025-12-29,1900-01-01 19:29:02,2,2,21,0,1,19
FIR05422,3,5,13.038998,77.601573,2026-03-19,1900-01-01 01:32:02,2,1,49,1,4,1
FIR05423,3,2,12.932049,77.679005,2025-03-30,1900-01-01 02:56:36,2,1,41,2,3,2
FIR05424,8,11,12.957226,77.700345,2025-08-23,1900-01-01 14:01:32,1,1,30,2,2,14
FIR05425,7,9,12.972376,77.60077,2024-11-15,1900-01-01 14:38:33,0,1,31,0,0,14
FIR05426,3,8,12.938001,77.626942,2026-01-22,1900-01-01 20:10:40,2,2,55,0,4,20
FIR05427,4,13,12.970653,77.74628,2025-01-31,1900-01-01 07:19:23,2,0,21,2,0,7
FIR05428,9,8,12.934187,77.624229,2024-11-04,1900-01-01 11:14:06,1,0,64,1,1,11
FIR05429,5,6,12.982323,77.640425,2025-03-30,1900-01-01 08:30:00,0,1,50,1,3,8
FIR05430,8,9,12.973822,77.604003,2025-02-14,1900-01-01 18:10:47,1,1,55,2,0,18
FIR05431,7,11,12.959904,77.701746,2024-11-22,1900-01-01 21:10:57,0,2,28,2,0,21
FIR05432,0,0,12.921543,77.61084,2026-05-24,1900-01-01 17:11:00,2,1,40,0,3,17
FIR05433,1,9,12.973616,77.609632,2024-10-30,1900-01-01 22:07:58,2,1,43,2,6,22
FIR05434,6,13,12.971139,77.750501,2026-04-24,1900-01-01 10:02:47,0,0,68,0,0,10
FIR05435,5,11,12.958604,77.699694,2025-06-02,1900-01-01 05:39:06,0,1,43,2,1,5
FIR05436,1,5,13.035362,77.597306,2025-04-21,1900-01-01 04:31:48,2,0,68,1,1,4
FIR05437,0,8,12.934121,77.620627,2026-01-14,1900-01-01 12:16:58,2,0,61,0,6,12
FIR05438,7,12,12.996495,77.551763,2025-03-18,1900-01-01 15:45:05,0,0,31,2,5,15
FIR05439,4,4,12.912193,77.651594,2025-12-31,1900-01-01 04:58:32,2,0,18,0,6,4
FIR05440,6,10,13.005722,77.571622,2026-07-11,1900-01-01 11:42:48,0,0,41,2,2,11
FIR05441,7,0,12.918989,77.610876,2024-12-28,1900-01-01 04:56:30,0,2,28,2,2,4
FIR05442,1,4,12.914546,77.647005,2025-02-11,1900-01-01 20:30:42,2,0,33,0,5,20
FIR05443,4,5,13.030885,77.592297,2026-06-22,1900-01-01 21:42:41,2,0,20,2,1,21
FIR05444,4,6,12.980356,77.643504,2025-10-05,1900-01-01 05:32:05,2,1,52,0,3,5
FIR05445,6,7,12.929267,77.597506,2026-01-17,1900-01-01 05:29:53,0,1,18,2,2,5
FIR05446,7,12,12.991927,77.557291,2025-08-18,1900-01-01 10:06:06,0,1,70,1,1,10
FIR05447,5,13,12.974272,77.748477,2025-09-12,1900-01-01 02:14:18,0,2,30,0,0,2
FIR05448,8,13,12.971753,77.752176,2024-11-28,1900-01-01 15:03:39,1,1,61,1,4,15
FIR05449,6,8,12.933065,77.619624,2025-02-09,1900-01-01 01:16:09,0,0,45,2,3,1
FIR05450,1,9,12.974197,77.603953,2025-03-20,1900-01-01 05:33:38,2,0,23,1,4,5
FIR05451,1,14,13.102306,77.600707,2025-11-09,1900-01-01 20:33:58,2,1,42,2,3,20
FIR05452,0,9,12.977672,77.606272,2025-10-10,1900-01-01 06:49:17,2,0,61,0,0,6
FIR05453,9,7,12.927483,77.591771,2025-10-11,1900-01-01 12:20:42,1,0,69,1,2,12
FIR05454,6,13,12.972347,77.748938,2025-08-05,1900-01-01 05:45:37,0,0,19,0,5,5
FIR05455,0,12,12.995998,77.556437,2026-06-14,1900-01-01 12:58:47,2,2,61,2,3,12
FIR05456,4,12,12.98883,77.554618,2025-12-16,1900-01-01 15:48:30,2,2,68,0,5,15
FIR05457,7,7,12.926934,77.59833,2025-07-19,1900-01-01 09:11:01,0,1,46,2,2,9
FIR05458,8,10,13.003586,77.565957,2026-06-17,1900-01-01 11:59:31,1,2,20,0,6,11
FIR05459,5,1,12.915773,77.571634,2025-04-22,1900-01-01 15:46:38,0,1,19,1,5,15
FIR05460,6,0,12.917447,77.614686,2025-11-07,1900-01-01 23:47:36,0,0,28,1,0,23
FIR05461,8,3,12.835976,77.678655,2024-09-07,1900-01-01 20:45:43,1,1,66,2,2,20
FIR05462,5,0,12.916688,77.607728,2025-01-08,1900-01-01 15:30:07,0,2,43,2,6,15
FIR05463,6,9,12.973944,77.601116,2026-07-21,1900-01-01 20:24:26,0,2,31,2,5,20
FIR05464,3,11,12.956054,77.694399,2025-04-15,1900-01-01 19:56:49,2,2,36,0,5,19
FIR05465,3,9,12.970641,77.603272,2026-05-15,1900-01-01 13:01:41,2,2,53,2,0,13
FIR05466,9,1,12.915596,77.576056,2024-12-06,1900-01-01 22:06:55,1,0,61,1,0,22
FIR05467,0,9,12.97278,77.608911,2024-09-26,1900-01-01 21:54:49,2,0,65,2,4,21
FIR05468,1,1,12.922255,77.571202,2024-09-16,1900-01-01 10:52:39,2,0,47,1,1,10
FIR05469,4,0,12.911666,77.605956,2024-08-22,1900-01-01 10:58:30,2,2,66,1,4,10
FIR05470,6,12,12.994637,77.552629,2024-11-09,1900-01-01 09:56:58,0,0,44,2,2,9
FIR05471,8,13,12.972614,77.753195,2025-08-24,1900-01-01 00:53:38,1,2,67,0,3,0
FIR05472,3,6,12.977143,77.640229,2024-12-27,1900-01-01 20:49:43,2,2,31,0,0,20
FIR05473,2,4,12.907211,77.648714,2025-06-29,1900-01-01 12:07:45,2,0,38,0,3,12
FIR05474,7,12,12.988989,77.553827,2025-03-11,1900-01-01 03:46:21,0,2,42,1,5,3
FIR05475,1,9,12.975858,77.606509,2026-02-12,1900-01-01 12:25:51,2,1,66,0,4,12
FIR05476,3,10,13.003922,77.567309,2025-07-14,1900-01-01 14:34:26,2,1,56,2,1,14
FIR05477,9,12,12.996164,77.55787,2025-07-14,1900-01-01 08:14:47,1,1,52,1,1,8
FIR05478,4,1,12.919938,77.57132,2024-08-07,1900-01-01 05:31:51,2,1,21,1,6,5
FIR05479,4,3,12.837864,77.676398,2024-11-13,1900-01-01 08:13:45,2,2,25,1,6,8
FIR05480,7,1,12.917863,77.578447,2025-03-16,1900-01-01 01:32:28,0,1,58,0,3,1
FIR05481,1,10,12.999526,77.57263,2025-03-19,1900-01-01 12:10:18,2,2,65,2,6,12
FIR05482,4,2,12.92512,77.672921,2025-11-01,1900-01-01 22:08:35,2,0,31,1,2,22
FIR05483,0,7,12.927311,77.591223,2025-04-22,1900-01-01 00:48:22,2,1,56,1,5,0
FIR05484,7,5,13.032648,77.595511,2025-09-17,1900-01-01 17:36:43,0,2,23,2,6,17
FIR05485,8,9,12.977044,77.603425,2025-01-05,1900-01-01 15:52:35,1,1,59,2,3,15
FIR05486,3,14,13.098189,77.599952,2025-10-26,1900-01-01 23:38:36,2,0,23,0,3,23
FIR05487,4,12,12.989637,77.559071,2026-03-20,1900-01-01 11:10:49,2,1,34,1,0,11
FIR05488,3,7,12.925227,77.596606,2024-12-11,1900-01-01 09:11:47,2,1,29,0,6,9
FIR05489,4,3,12.841014,77.680933,2025-05-17,1900-01-01 08:03:04,2,1,47,1,2,8
FIR05490,3,4,12.911375,77.646127,2025-07-28,1900-01-01 14:49:00,2,2,53,1,1,14
FIR05491,8,4,12.91103,77.645214,2026-04-29,1900-01-01 11:39:24,1,0,53,0,6,11
FIR05492,5,0,12.915636,77.613834,2026-01-08,1900-01-01 14:36:23,0,0,45,1,4,14
FIR05493,9,6,12.982615,77.64024,2026-06-23,1900-01-01 15:43:56,1,2,56,0,5,15
FIR05494,8,12,12.994943,77.557245,2025-09-07,1900-01-01 12:07:26,1,0,64,0,3,12
FIR05495,9,4,12.914806,77.644584,2026-01-10,1900-01-01 00:04:34,1,1,60,1,2,0
FIR05496,2,8,12.931442,77.623614,2024-11-16,1900-01-01 14:08:50,2,1,66,0,2,14
FIR05497,8,14,13.100547,77.593253,2025-08-19,1900-01-01 05:54:02,1,2,65,1,5,5
FIR05498,8,5,13.031863,77.598555,2025-12-04,1900-01-01 11:42:34,1,2,18,0,4,11
FIR05499,8,1,12.919502,77.569352,2025-04-07,1900-01-01 05:33:16,1,1,46,2,1,5
FIR05500,3,12,12.989991,77.550832,2026-02-17,1900-01-01 12:58:24,2,1,65,0,5,12
FIR05501,0,8,12.938017,77.619951,2025-02-14,1900-01-01 15:39:09,2,2,23,1,0,15
FIR05502,0,0,12.914262,77.605557,2024-10-10,1900-01-01 14:03:54,2,2,23,2,4,14
FIR05503,9,6,12.983281,77.641215,2026-07-20,1900-01-01 10:48:42,1,2,53,0,1,10
FIR05504,4,13,12.971992,77.746603,2025-06-16,1900-01-01 17:08:30,2,0,23,0,1,17
FIR05505,5,1,12.914785,77.573581,2025-07-09,1900-01-01 18:55:38,0,0,42,0,6,18
FIR05506,8,6,12.977969,77.642833,2025-04-05,1900-01-01 09:24:20,1,1,40,1,2,9
FIR05507,5,2,12.932115,77.678939,2025-03-05,1900-01-01 18:53:22,0,0,57,2,6,18
FIR05508,6,2,12.924149,77.67582,2025-05-13,1900-01-01 06:03:44,0,1,44,1,5,6
FIR05509,1,1,12.922885,77.576015,2026-06-06,1900-01-01 16:13:38,2,0,63,2,2,16
FIR05510,3,5,13.03328,77.598547,2025-03-14,1900-01-01 17:34:28,2,0,61,1,0,17
FIR05511,6,10,13.000451,77.574036,2024-12-18,1900-01-01 06:37:28,0,2,29,0,6,6
FIR05512,5,2,12.923692,77.678888,2025-02-05,1900-01-01 18:10:31,0,2,61,1,6,18
FIR05513,3,13,12.968684,77.749365,2024-11-10,1900-01-01 05:08:25,2,0,57,1,3,5
FIR05514,5,3,12.838308,77.678019,2025-06-08,1900-01-01 18:12:02,0,0,34,0,3,18
FIR05515,9,5,13.036196,77.600834,2024-10-11,1900-01-01 06:05:28,1,0,49,0,0,6
FIR05516,6,5,13.034051,77.600546,2026-03-01,1900-01-01 16:33:58,0,2,33,0,3,16
FIR05517,4,1,12.91511,77.57805,2024-11-01,1900-01-01 00:26:35,2,2,31,1,0,0
FIR05518,8,9,12.97873,77.606793,2025-01-31,1900-01-01 05:21:33,1,0,48,1,0,5
FIR05519,2,14,13.102954,77.594296,2024-11-03,1900-01-01 03:19:09,2,2,40,0,3,3
FIR05520,8,12,12.988624,77.559202,2026-01-10,1900-01-01 14:55:45,1,0,65,1,2,14
FIR05521,5,1,12.917173,77.573414,2025-08-28,1900-01-01 11:21:21,0,1,42,1,4,11
FIR05522,1,4,12.915123,77.643109,2025-09-06,1900-01-01 03:00:48,2,2,69,0,2,3
FIR05523,3,8,12.931672,77.628541,2025-11-14,1900-01-01 20:59:01,2,2,19,0,0,20
FIR05524,2,0,12.915406,77.611809,2026-05-16,1900-01-01 16:44:04,2,2,64,1,2,16
FIR05525,6,14,13.095787,77.591888,2024-11-08,1900-01-01 05:44:35,0,0,70,0,0,5
FIR05526,4,9,12.977438,77.605713,2026-03-08,1900-01-01 20:05:51,2,2,19,0,3,20
FIR05527,7,0,12.918159,77.609033,2025-09-25,1900-01-01 00:29:15,0,1,49,2,4,0
FIR05528,5,1,12.917316,77.576548,2024-12-05,1900-01-01 12:13:59,0,0,22,0,4,12
FIR05529,6,4,12.911898,77.650537,2024-10-01,1900-01-01 20:35:14,0,1,46,2,5,20
FIR05530,4,1,12.919973,77.578465,2024-08-18,1900-01-01 23:41:37,2,1,58,2,3,23
FIR05531,8,1,12.921715,77.571456,2025-11-13,1900-01-01 10:11:20,1,1,43,0,4,10
FIR05532,2,11,12.961868,77.694684,2024-11-11,1900-01-01 16:21:00,2,1,43,0,1,16
FIR05533,5,2,12.92824,77.676853,2025-02-11,1900-01-01 14:08:47,0,0,53,0,5,14
FIR05534,6,10,13.001264,77.572974,2025-05-21,1900-01-01 08:57:51,0,1,25,2,6,8
FIR05535,8,13,12.974104,77.748234,2026-02-21,1900-01-01 10:05:57,1,1,68,2,2,10
FIR05536,0,8,12.937433,77.621514,2025-08-23,1900-01-01 19:15:10,2,0,63,1,2,19
FIR05537,4,9,12.980074,77.608567,2026-01-14,1900-01-01 18:25:07,2,2,47,2,6,18
FIR05538,7,11,12.958211,77.695087,2024-09-12,1900-01-01 14:17:52,0,0,56,1,4,14
FIR05539,0,6,12.983246,77.644875,2026-03-06,1900-01-01 00:58:34,2,1,29,1,0,0
FIR05540,5,0,12.915304,77.608249,2025-05-04,1900-01-01 07:47:10,0,0,23,1,3,7
FIR05541,6,5,13.035886,77.601157,2025-05-28,1900-01-01 11:29:07,0,2,64,2,6,11
FIR05542,4,2,12.931736,77.68063,2024-09-16,1900-01-01 01:32:39,2,1,65,2,1,1
FIR05543,1,13,12.966896,77.746316,2025-04-30,1900-01-01 18:14:17,2,1,65,1,6,18
FIR05544,1,6,12.97386,77.641188,2025-02-19,1900-01-01 17:31:45,2,0,30,1,6,17
FIR05545,9,13,12.972511,77.748652,2025-02-11,1900-01-01 22:55:46,1,2,33,2,5,22
FIR05546,6,11,12.954283,77.700313,2025-04-23,1900-01-01 01:30:01,0,1,44,1,6,1
FIR05547,2,6,12.978504,77.644286,2024-11-26,1900-01-01 01:52:08,2,1,21,2,5,1
FIR05548,1,0,12.917646,77.613406,2025-08-03,1900-01-01 10:14:04,2,0,26,0,3,10
FIR05549,2,6,12.982974,77.637329,2026-05-14,1900-01-01 12:35:02,2,0,55,0,4,12
FIR05550,4,6,12.976935,77.644389,2024-10-27,1900-01-01 15:10:21,2,0,46,0,3,15
FIR05551,7,14,13.105047,77.598944,2024-12-30,1900-01-01 13:54:11,0,2,28,2,1,13
FIR05552,1,4,12.909176,77.642772,2025-12-09,1900-01-01 17:19:43,2,0,60,1,5,17
FIR05553,2,9,12.975188,77.607803,2025-05-08,1900-01-01 05:50:45,2,2,33,0,4,5
FIR05554,5,13,12.966224,77.751007,2025-06-29,1900-01-01 12:34:13,0,1,60,0,3,12
FIR05555,0,7,12.928837,77.591153,2025-03-21,1900-01-01 05:06:16,2,1,58,1,0,5
FIR05556,3,3,12.842821,77.676977,2025-03-15,1900-01-01 21:27:21,2,2,25,2,2,21
FIR05557,0,12,12.992091,77.558613,2025-07-05,1900-01-01 19:58:41,2,1,28,2,2,19
FIR05558,6,7,12.926038,77.596667,2025-11-15,1900-01-01 00:33:02,0,0,34,1,2,0
FIR05559,5,8,12.931804,77.622143,2026-05-14,1900-01-01 00:03:39,0,0,53,2,4,0
FIR05560,2,14,13.095749,77.60019,2025-01-14,1900-01-01 15:55:12,2,1,25,2,5,15
FIR05561,8,9,12.974805,77.602137,2024-10-07,1900-01-01 19:52:41,1,0,57,1,1,19
FIR05562,4,10,13.008179,77.572353,2025-12-25,1900-01-01 02:13:52,2,1,29,0,4,2
FIR05563,0,13,12.967897,77.749362,2025-07-05,1900-01-01 08:10:54,2,2,65,1,2,8
FIR05564,2,5,13.03703,77.600544,2026-03-15,1900-01-01 04:24:40,2,2,30,0,3,4
FIR05565,0,8,12.937971,77.621809,2026-05-07,1900-01-01 07:03:37,2,0,27,0,4,7
FIR05566,8,3,12.844079,77.675238,2024-08-20,1900-01-01 21:45:03,1,1,32,2,5,21
FIR05567,4,7,12.929818,77.59067,2024-12-19,1900-01-01 14:33:29,2,0,64,0,4,14
FIR05568,4,2,12.927062,77.674896,2025-12-30,1900-01-01 07:14:29,2,1,52,2,5,7
FIR05569,6,3,12.840758,77.677696,2025-08-15,1900-01-01 15:12:16,0,0,53,1,0,15
FIR05570,9,14,13.103259,77.596263,2026-03-20,1900-01-01 22:59:23,1,0,37,2,0,22
FIR05571,3,8,12.939232,77.623366,2024-09-06,1900-01-01 09:43:59,2,2,60,1,0,9
FIR05572,8,3,12.843391,77.677649,2025-04-13,1900-01-01 00:44:44,1,0,63,2,3,0
FIR05573,9,0,12.91969,77.606608,2025-10-22,1900-01-01 06:40:13,1,2,52,0,6,6
FIR05574,2,14,13.103923,77.591671,2025-07-20,1900-01-01 07:28:22,2,2,23,0,3,7
FIR05575,4,11,12.955738,77.695672,2025-02-14,1900-01-01 04:07:59,2,1,30,0,0,4
FIR05576,0,6,12.978554,77.643252,2026-02-05,1900-01-01 11:20:48,2,0,57,0,4,11
FIR05577,8,14,13.099158,77.599813,2024-08-21,1900-01-01 12:11:53,1,1,41,0,6,12
FIR05578,2,7,12.923614,77.592307,2026-04-05,1900-01-01 14:15:53,2,1,46,1,3,14
FIR05579,8,5,13.032776,77.592731,2026-07-05,1900-01-01 13:13:56,1,2,31,1,3,13
FIR05580,8,7,12.923081,77.598434,2024-10-20,1900-01-01 14:56:31,1,2,22,1,3,14
FIR05581,2,6,12.980221,77.643954,2026-03-19,1900-01-01 07:26:08,2,0,63,0,4,7
FIR05582,3,13,12.970761,77.750212,2024-08-10,1900-01-01 12:59:47,2,0,35,0,2,12
FIR05583,8,12,12.994902,77.549727,2026-05-15,1900-01-01 00:58:31,1,0,22,2,0,0
FIR05584,7,3,12.843074,77.680508,2026-06-27,1900-01-01 03:33:46,0,0,41,1,2,3
FIR05585,0,11,12.955873,77.701148,2025-05-20,1900-01-01 07:23:04,2,1,67,2,5,7
FIR05586,1,8,12.93512,77.628565,2025-09-07,1900-01-01 12:20:47,2,2,47,0,3,12
FIR05587,2,7,12.924122,77.590286,2025-10-09,1900-01-01 15:54:22,2,2,42,0,4,15
FIR05588,0,6,12.974976,77.636368,2025-09-13,1900-01-01 03:51:20,2,2,41,1,2,3
FIR05589,5,6,12.983038,77.639344,2026-01-31,1900-01-01 21:18:11,0,1,70,0,2,21
FIR05590,6,1,12.923261,77.57272,2024-11-10,1900-01-01 10:25:32,0,2,27,0,3,10
FIR05591,3,13,12.968164,77.748392,2026-03-27,1900-01-01 19:39:09,2,1,52,0,0,19
FIR05592,2,2,12.93044,77.673911,2024-11-14,1900-01-01 18:07:28,2,0,68,0,4,18
FIR05593,5,3,12.835261,77.676393,2024-12-19,1900-01-01 19:56:26,0,0,23,1,4,19
FIR05594,0,10,13.000128,77.571135,2024-11-08,1900-01-01 15:59:27,2,2,60,2,0,15
FIR05595,7,11,12.958409,77.699867,2024-08-23,1900-01-01 04:34:50,0,0,37,2,0,4
FIR05596,1,5,13.036531,77.599749,2025-04-08,1900-01-01 16:58:26,2,1,45,2,5,16
FIR05597,3,7,12.925644,77.591133,2025-12-17,1900-01-01 00:24:18,2,2,19,2,6,0
FIR05598,7,14,13.104238,77.591731,2025-06-30,1900-01-01 11:53:20,0,2,65,2,1,11
FIR05599,2,7,12.920865,77.59332,2025-04-19,1900-01-01 02:04:14,2,0,68,2,2,2
FIR05600,0,0,12.916586,77.607519,2025-01-05,1900-01-01 16:53:09,2,1,54,2,3,16
FIR05601,8,4,12.909886,77.649483,2026-01-04,1900-01-01 06:02:42,1,0,67,2,3,6
FIR05602,4,10,13.005278,77.575523,2024-10-26,1900-01-01 12:55:49,2,2,53,1,2,12
FIR05603,5,4,12.910383,77.645812,2025-01-26,1900-01-01 23:40:50,0,0,26,2,3,23
FIR05604,5,3,12.837233,77.673236,2026-05-29,1900-01-01 01:31:40,0,0,42,2,0,1
FIR05605,6,12,12.993915,77.557834,2024-08-21,1900-01-01 23:15:19,0,0,36,0,6,23
FIR05606,8,10,13.00838,77.57156,2025-12-03,1900-01-01 08:11:08,1,1,20,2,6,8
FIR05607,9,6,12.978519,77.640346,2026-05-08,1900-01-01 14:08:49,1,1,28,1,0,14
FIR05608,8,11,12.958514,77.699442,2024-09-30,1900-01-01 19:48:04,1,1,61,1,1,19
FIR05609,0,4,12.910076,77.647284,2025-04-19,1900-01-01 10:07:45,2,0,66,2,2,10
FIR05610,5,4,12.908843,77.647563,2026-01-23,1900-01-01 06:14:16,0,1,42,2,0,6
FIR05611,8,12,12.989926,77.557884,2024-08-02,1900-01-01 08:24:34,1,2,68,0,0,8
FIR05612,8,14,13.101319,77.593652,2026-02-05,1900-01-01 01:10:53,1,1,37,0,4,1
FIR05613,2,2,12.923453,77.679259,2025-06-06,1900-01-01 12:31:25,2,0,52,1,0,12
FIR05614,9,7,12.920768,77.593747,2025-09-10,1900-01-01 23:05:54,1,1,24,2,6,23
FIR05615,9,2,12.929853,77.67854,2025-01-06,1900-01-01 07:49:07,1,2,41,0,1,7
FIR05616,8,0,12.91697,77.610852,2026-07-23,1900-01-01 04:43:47,1,1,32,0,4,4
FIR05617,5,11,12.956476,77.700315,2024-08-30,1900-01-01 13:50:56,0,2,38,1,0,13
FIR05618,0,9,12.974515,77.609189,2025-02-17,1900-01-01 02:54:03,2,1,33,2,1,2
FIR05619,5,9,12.974425,77.607496,2025-01-02,1900-01-01 06:59:47,0,1,22,2,4,6
FIR05620,3,2,12.924547,77.679783,2026-05-22,1900-01-01 18:07:36,2,0,41,0,0,18
FIR05621,7,12,12.99181,77.551434,2026-02-05,1900-01-01 00:05:48,0,0,31,0,4,0
FIR05622,0,0,12.91307,77.60613,2025-11-27,1900-01-01 15:37:07,2,2,59,0,4,15
FIR05623,8,11,12.95845,77.694991,2026-03-24,1900-01-01 04:36:14,1,2,37,1,5,4
FIR05624,4,4,12.909174,77.644193,2025-05-23,1900-01-01 16:50:15,2,2,68,2,0,16
FIR05625,0,2,12.928043,77.673891,2025-02-22,1900-01-01 16:47:31,2,2,55,0,2,16
FIR05626,0,12,12.995238,77.550813,2025-04-11,1900-01-01 14:49:59,2,2,28,2,0,14
FIR05627,6,8,12.938258,77.628813,2025-02-10,1900-01-01 18:55:05,0,0,70,0,1,18
FIR05628,2,7,12.921031,77.589958,2024-08-02,1900-01-01 17:29:31,2,1,46,1,0,17
FIR05629,8,0,12.913974,77.611816,2024-09-19,1900-01-01 01:47:30,1,1,18,1,4,1
FIR05630,2,0,12.912743,77.614035,2025-08-18,1900-01-01 14:19:59,2,2,22,0,1,14
FIR05631,0,5,13.033948,77.601335,2025-10-17,1900-01-01 04:55:47,2,0,67,1,0,4
FIR05632,0,5,13.034159,77.596209,2024-11-24,1900-01-01 15:23:03,2,2,59,0,3,15
FIR05633,3,6,12.973691,77.638301,2026-01-15,1900-01-01 00:51:54,2,2,20,0,4,0
FIR05634,1,9,12.979834,77.600158,2025-09-06,1900-01-01 21:03:43,2,1,24,2,2,21
FIR05635,7,12,12.991786,77.554478,2025-07-18,1900-01-01 02:52:57,0,0,32,1,0,2
FIR05636,8,14,13.098993,77.592813,2025-10-08,1900-01-01 12:27:19,1,0,53,2,6,12
FIR05637,6,5,13.037222,77.598237,2025-12-23,1900-01-01 08:18:29,0,0,30,1,5,8
FIR05638,2,7,12.929856,77.59703,2025-02-21,1900-01-01 20:10:57,2,2,22,2,0,20
FIR05639,9,14,13.101064,77.601063,2026-06-14,1900-01-01 06:30:10,1,1,28,0,3,6
FIR05640,6,2,12.93098,77.677074,2025-01-11,1900-01-01 19:31:08,0,2,46,1,2,19
FIR05641,0,11,12.961163,77.699762,2025-04-08,1900-01-01 01:33:41,2,0,39,2,5,1
FIR05642,6,2,12.928922,77.677481,2025-08-29,1900-01-01 17:23:53,0,2,44,2,0,17
FIR05643,2,14,13.102799,77.599697,2025-06-08,1900-01-01 20:36:07,2,0,29,2,3,20
FIR05644,0,10,13.000326,77.566639,2025-02-23,1900-01-01 16:38:50,2,1,47,2,3,16
FIR05645,9,4,12.914456,77.647749,2025-12-15,1900-01-01 09:08:20,1,2,37,0,1,9
FIR05646,4,14,13.101613,77.593071,2024-11-25,1900-01-01 21:42:33,2,2,65,0,1,21
FIR05647,2,11,12.958448,77.699484,2026-02-14,1900-01-01 02:49:37,2,2,24,2,2,2
FIR05648,0,11,12.960868,77.698205,2025-02-22,1900-01-01 15:11:34,2,1,33,1,2,15
FIR05649,6,2,12.932036,77.676586,2026-03-09,1900-01-01 12:30:52,0,2,29,2,1,12
FIR05650,6,9,12.980074,77.607777,2025-04-17,1900-01-01 16:43:09,0,1,66,1,4,16
FIR05651,7,9,12.977218,77.609571,2024-11-28,1900-01-01 15:43:35,0,1,35,1,4,15
FIR05652,9,13,12.972127,77.748496,2025-11-01,1900-01-01 10:12:23,1,1,25,2,2,10
FIR05653,3,5,13.039461,77.593946,2025-05-14,1900-01-01 13:47:28,2,2,68,2,6,13
FIR05654,5,9,12.980522,77.600958,2025-03-21,1900-01-01 08:29:15,0,1,21,0,0,8
FIR05655,9,4,12.910453,77.650893,2026-07-02,1900-01-01 07:39:27,1,0,50,1,4,7
FIR05656,2,2,12.929759,77.678054,2024-11-10,1900-01-01 10:26:52,2,1,21,2,3,10
FIR05657,5,2,12.924636,77.678929,2025-04-18,1900-01-01 16:42:10,0,1,30,0,0,16
FIR05658,6,0,12.919231,77.612299,2024-10-07,1900-01-01 13:27:34,0,2,49,2,1,13
FIR05659,6,5,13.036582,77.596438,2026-04-07,1900-01-01 02:57:24,0,0,41,1,5,2
FIR05660,7,14,13.096804,77.592797,2025-02-08,1900-01-01 11:16:14,0,1,52,1,2,11
FIR05661,8,8,12.93982,77.626981,2024-08-27,1900-01-01 07:51:25,1,0,36,0,5,7
FIR05662,4,10,13.002355,77.572385,2025-12-09,1900-01-01 06:02:57,2,2,59,0,5,6
FIR05663,7,7,12.927146,77.592592,2025-06-20,1900-01-01 16:05:09,0,0,19,1,0,16
FIR05664,6,13,12.966343,77.750879,2025-08-23,1900-01-01 10:57:40,0,1,41,0,2,10
FIR05665,1,2,12.931717,77.676923,2025-04-25,1900-01-01 08:28:51,2,2,38,0,0,8
FIR05666,2,13,12.964914,77.745475,2025-06-07,1900-01-01 22:38:34,2,2,31,1,2,22
FIR05667,1,7,12.924482,77.594018,2025-05-30,1900-01-01 18:06:55,2,1,62,2,0,18
FIR05668,0,8,12.939339,77.62579,2025-03-15,1900-01-01 10:37:28,2,1,46,1,2,10
FIR05669,5,10,13.00212,77.569496,2024-11-10,1900-01-01 04:05:58,0,1,59,0,3,4
FIR05670,4,9,12.971475,77.603478,2025-08-15,1900-01-01 19:34:23,2,0,31,0,0,19
FIR05671,2,14,13.10137,77.593267,2025-05-11,1900-01-01 00:01:44,2,1,50,1,3,0
FIR05672,2,6,12.982431,77.645795,2024-08-20,1900-01-01 16:46:48,2,2,47,0,5,16
FIR05673,3,1,12.918105,77.573707,2026-07-15,1900-01-01 04:58:00,2,2,41,1,6,4
FIR05674,8,8,12.93789,77.622296,2026-06-20,1900-01-01 15:18:11,1,2,70,1,2,15
FIR05675,3,8,12.931897,77.626,2025-04-13,1900-01-01 13:08:50,2,1,55,0,3,13
FIR05676,2,1,12.914505,77.572372,2024-08-01,1900-01-01 09:33:06,2,2,57,2,4,9
FIR05677,3,3,12.839813,77.673879,2025-08-11,1900-01-01 16:08:11,2,1,40,0,1,16
FIR05678,3,3,12.840071,77.676325,2025-07-04,1900-01-01 05:36:36,2,0,35,1,0,5
FIR05679,2,10,13.001052,77.568718,2026-06-23,1900-01-01 14:23:16,2,1,64,0,5,14
FIR05680,4,1,12.916327,77.57247,2025-07-02,1900-01-01 10:40:10,2,2,55,2,6,10
FIR05681,8,0,12.913306,77.612643,2024-09-13,1900-01-01 15:32:52,1,2,61,2,0,15
FIR05682,9,12,12.987596,77.550915,2026-01-30,1900-01-01 06:19:42,1,0,59,0,0,6
FIR05683,7,2,12.928092,77.67136,2025-02-10,1900-01-01 22:04:39,0,2,48,0,1,22
FIR05684,3,0,12.913462,77.612845,2026-05-26,1900-01-01 00:11:45,2,1,54,1,5,0
FIR05685,8,2,12.929821,77.673273,2025-07-02,1900-01-01 16:07:44,1,0,41,0,6,16
FIR05686,6,8,12.934225,77.619568,2026-06-06,1900-01-01 18:17:37,0,2,52,2,2,18
FIR05687,0,0,12.913714,77.606982,2025-10-26,1900-01-01 11:18:29,2,2,63,1,3,11
FIR05688,1,11,12.962543,77.696245,2024-12-05,1900-01-01 09:20:02,2,1,41,1,4,9
FIR05689,5,6,12.982297,77.637609,2025-01-31,1900-01-01 23:11:24,0,0,62,2,0,23
FIR05690,9,11,12.9623,77.692756,2026-01-21,1900-01-01 04:59:41,1,2,21,0,6,4
FIR05691,8,7,12.92861,77.590093,2025-06-09,1900-01-01 01:51:59,1,1,57,0,1,1
FIR05692,6,12,12.993537,77.554971,2024-08-16,1900-01-01 06:43:26,0,2,19,1,0,6
FIR05693,7,8,12.935627,77.629406,2025-03-27,1900-01-01 10:21:19,0,1,69,2,4,10
FIR05694,2,4,12.914994,77.64812,2025-07-30,1900-01-01 17:20:58,2,2,69,0,6,17
FIR05695,5,1,12.922948,77.571906,2026-03-30,1900-01-01 03:26:42,0,0,70,0,1,3
FIR05696,0,5,13.040544,77.601228,2025-04-17,1900-01-01 03:33:13,2,1,36,2,4,3
FIR05697,4,3,12.836086,77.681522,2025-05-10,1900-01-01 10:28:14,2,2,55,2,2,10
FIR05698,8,10,12.999261,77.573022,2025-12-08,1900-01-01 09:47:52,1,0,66,0,1,9
FIR05699,4,2,12.92579,77.675167,2025-12-08,1900-01-01 12:25:36,2,0,19,2,1,12
FIR05700,5,5,13.03367,77.595933,2025-09-28,1900-01-01 01:29:02,0,2,25,2,3,1
FIR05701,4,11,12.955248,77.694323,2025-03-15,1900-01-01 21:08:24,2,1,21,0,2,21
FIR05702,3,13,12.966497,77.749757,2024-08-01,1900-01-01 19:23:02,2,1,33,0,4,19
FIR05703,3,8,12.933996,77.627008,2026-07-15,1900-01-01 08:56:59,2,0,31,2,6,8
FIR05704,2,1,12.914792,77.571912,2026-06-24,1900-01-01 03:41:58,2,0,53,1,6,3
FIR05705,4,11,12.963034,77.694945,2025-01-21,1900-01-01 17:57:10,2,0,46,0,5,17
FIR05706,6,8,12.939102,77.626972,2025-08-23,1900-01-01 01:28:09,0,1,29,0,2,1
FIR05707,6,4,12.91124,77.649677,2024-12-31,1900-01-01 12:54:30,0,0,32,2,5,12
FIR05708,2,8,12.930539,77.623494,2024-08-06,1900-01-01 00:51:08,2,2,54,1,5,0
FIR05709,8,0,12.92102,77.614336,2025-01-06,1900-01-01 20:23:41,1,1,32,1,1,20
FIR05710,4,5,13.035308,77.597937,2026-01-13,1900-01-01 04:18:53,2,0,63,2,5,4
FIR05711,2,1,12.916163,77.578019,2026-04-24,1900-01-01 14:42:04,2,2,34,2,0,14
FIR05712,4,3,12.844532,77.678566,2025-10-07,1900-01-01 05:24:55,2,1,40,2,5,5
FIR05713,6,2,12.92369,77.679787,2026-06-10,1900-01-01 14:27:56,0,2,65,1,6,14
FIR05714,9,8,12.93667,77.627013,2025-04-09,1900-01-01 23:53:06,1,2,39,2,6,23
FIR05715,6,3,12.841205,77.678253,2024-11-07,1900-01-01 06:35:14,0,2,20,0,4,6
FIR05716,5,7,12.926257,77.589747,2026-02-22,1900-01-01 03:36:01,0,0,42,2,3,3
FIR05717,7,10,13.008452,77.568732,2025-05-29,1900-01-01 22:24:49,0,0,62,0,4,22
FIR05718,1,1,12.923232,77.572806,2024-12-30,1900-01-01 21:34:11,2,2,30,1,1,21
FIR05719,6,12,12.995325,77.558426,2024-12-04,1900-01-01 07:59:25,0,1,37,1,6,7
FIR05720,7,10,13.004977,77.565837,2026-03-07,1900-01-01 22:29:22,0,2,41,1,2,22
FIR05721,9,9,12.973069,77.606935,2026-03-18,1900-01-01 22:33:58,1,2,62,2,6,22
FIR05722,9,5,13.039206,77.596251,2026-04-14,1900-01-01 13:35:08,1,0,53,2,5,13
FIR05723,1,2,12.929455,77.680115,2024-08-21,1900-01-01 04:18:35,2,2,52,2,6,4
FIR05724,4,5,13.036267,77.594551,2026-05-15,1900-01-01 09:12:14,2,1,29,0,0,9
FIR05725,1,3,12.841385,77.679636,2024-12-12,1900-01-01 03:01:12,2,2,64,2,4,3
FIR05726,8,14,13.101211,77.59602,2025-08-21,1900-01-01 15:44:51,1,2,67,2,4,15
FIR05727,8,10,13.003306,77.572094,2024-11-13,1900-01-01 04:40:18,1,1,67,1,6,4
FIR05728,6,2,12.930611,77.675196,2025-10-24,1900-01-01 11:17:00,0,0,20,1,0,11
FIR05729,4,7,12.921171,77.589624,2025-04-27,1900-01-01 04:50:49,2,0,67,1,3,4
FIR05730,2,13,12.968499,77.750997,2025-04-28,1900-01-01 20:37:39,2,2,33,2,1,20
FIR05731,0,6,12.983379,77.64255,2026-05-10,1900-01-01 06:11:11,2,0,62,2,3,6
FIR05732,2,11,12.95751,77.695888,2025-03-06,1900-01-01 16:10:36,2,2,66,1,4,16
FIR05733,3,10,12.999046,77.569461,2025-04-18,1900-01-01 20:31:01,2,1,32,1,0,20
FIR05734,3,11,12.955119,77.695889,2025-10-29,1900-01-01 09:48:35,2,1,23,0,6,9
FIR05735,0,0,12.921599,77.605289,2024-12-23,1900-01-01 14:56:18,2,1,39,0,1,14
FIR05736,7,3,12.843192,77.677376,2025-04-02,1900-01-01 05:52:51,0,2,54,2,6,5
FIR05737,9,13,12.974597,77.754892,2025-08-11,1900-01-01 02:40:13,1,0,46,2,1,2
FIR05738,4,7,12.925883,77.594231,2024-12-27,1900-01-01 13:25:27,2,1,38,1,0,13
FIR05739,8,1,12.92257,77.576681,2025-05-04,1900-01-01 17:36:24,1,2,43,2,3,17
FIR05740,8,2,12.932756,77.68111,2024-12-11,1900-01-01 16:55:26,1,0,45,2,6,16
FIR05741,7,1,12.916753,77.576445,2024-09-14,1900-01-01 20:32:01,0,1,53,0,2,20
FIR05742,9,2,12.93107,77.671688,2026-03-04,1900-01-01 18:45:21,1,1,27,1,6,18
FIR05743,6,13,12.974041,77.748661,2026-07-03,1900-01-01 02:05:32,0,1,35,2,0,2
FIR05744,9,3,12.837816,77.678826,2025-05-15,1900-01-01 11:21:50,1,0,27,0,4,11
FIR05745,0,10,13.000032,77.57383,2025-10-17,1900-01-01 13:41:51,2,0,41,1,0,13
FIR05746,3,8,12.936568,77.628277,2025-01-08,1900-01-01 05:19:47,2,2,45,2,6,5
FIR05747,8,0,12.914386,77.606769,2024-10-01,1900-01-01 12:46:46,1,2,41,1,5,12
FIR05748,8,7,12.922594,77.594489,2024-10-22,1900-01-01 15:57:41,1,1,51,2,5,15
FIR05749,0,12,12.993327,77.553865,2026-01-27,1900-01-01 10:47:45,2,0,60,0,5,10
FIR05750,9,0,12.914066,77.61342,2025-12-14,1900-01-01 20:51:21,1,0,24,0,3,20
FIR05751,5,6,12.979723,77.645454,2025-09-06,1900-01-01 00:25:04,0,2,39,2,2,0
FIR05752,9,2,12.932355,77.675395,2026-04-06,1900-01-01 08:34:06,1,2,32,1,1,8
FIR05753,0,9,12.979664,77.608163,2024-10-16,1900-01-01 12:38:06,2,0,50,1,6,12
FIR05754,2,3,12.835475,77.675397,2024-12-14,1900-01-01 06:17:38,2,1,22,2,2,6
FIR05755,7,3,12.836096,77.675197,2025-08-18,1900-01-01 07:55:41,0,2,68,2,1,7
FIR05756,6,8,12.932233,77.620799,2025-11-03,1900-01-01 17:01:30,0,1,24,0,1,17
FIR05757,2,10,13.001902,77.572374,2024-12-30,1900-01-01 15:42:48,2,2,49,1,1,15
FIR05758,0,3,12.835753,77.677323,2024-10-02,1900-01-01 09:22:42,2,1,21,2,6,9
FIR05759,7,13,12.973554,77.747326,2025-05-09,1900-01-01 17:08:57,0,1,35,0,0,17
FIR05760,0,10,13.005748,77.566114,2026-04-19,1900-01-01 05:08:59,2,0,35,2,3,5
FIR05761,0,1,12.921675,77.56922,2024-12-03,1900-01-01 00:40:51,2,2,31,0,5,0
FIR05762,6,1,12.922686,77.574892,2024-11-21,1900-01-01 16:36:33,0,2,21,0,4,16
FIR05763,7,3,12.84228,77.676978,2026-05-12,1900-01-01 10:41:26,0,2,63,1,5,10
FIR05764,5,4,12.91401,77.644299,2025-11-28,1900-01-01 21:38:57,0,0,32,2,0,21
FIR05765,1,5,13.038826,77.59259,2025-09-10,1900-01-01 14:33:38,2,2,66,0,6,14
FIR05766,3,7,12.929696,77.591723,2025-11-01,1900-01-01 03:25:22,2,0,69,0,2,3
FIR05767,2,9,12.979714,77.607512,2025-01-19,1900-01-01 17:49:08,2,1,50,0,3,17
FIR05768,3,10,13.003143,77.57228,2024-11-09,1900-01-01 09:52:29,2,1,21,1,2,9
FIR05769,1,5,13.034959,77.592363,2025-11-12,1900-01-01 10:53:44,2,2,64,0,6,10
FIR05770,2,6,12.981623,77.642632,2025-01-20,1900-01-01 19:15:52,2,0,29,2,1,19
FIR05771,7,14,13.097544,77.600302,2025-01-20,1900-01-01 08:32:26,0,1,56,1,1,8
FIR05772,1,12,12.994513,77.555505,2025-06-13,1900-01-01 09:12:33,2,0,19,2,0,9
FIR05773,7,4,12.909427,77.645204,2026-06-19,1900-01-01 01:09:52,0,1,60,1,0,1
FIR05774,5,12,12.987371,77.558933,2026-03-23,1900-01-01 13:28:56,0,1,52,1,1,13
FIR05775,6,14,13.105327,77.599077,2025-06-26,1900-01-01 06:38:44,0,0,50,0,4,6
FIR05776,8,0,12.921362,77.612814,2026-06-30,1900-01-01 03:53:15,1,0,58,0,5,3
FIR05777,7,5,13.040038,77.601601,2026-07-03,1900-01-01 21:51:07,0,2,18,1,0,21
FIR05778,2,5,13.030982,77.597715,2026-07-16,1900-01-01 15:29:37,2,0,50,0,4,15
FIR05779,4,3,12.842722,77.674287,2025-01-04,1900-01-01 02:35:41,2,2,67,1,2,2
FIR05780,9,11,12.958713,77.692584,2026-03-19,1900-01-01 01:48:19,1,0,29,2,4,1
FIR05781,6,3,12.844398,77.675076,2025-05-12,1900-01-01 11:27:46,0,1,23,0,1,11
FIR05782,6,6,12.978565,77.638314,2025-02-01,1900-01-01 22:47:15,0,2,37,2,2,22
FIR05783,7,13,12.967502,77.75048,2026-01-22,1900-01-01 08:59:52,0,0,55,1,4,8
FIR05784,9,11,12.96287,77.692811,2024-08-26,1900-01-01 04:35:49,1,2,60,2,1,4
FIR05785,6,13,12.973759,77.750797,2025-04-17,1900-01-01 14:33:52,0,1,33,1,4,14
FIR05786,7,10,13.006509,77.567133,2024-10-19,1900-01-01 04:42:28,0,1,33,1,2,4
FIR05787,6,14,13.101838,77.592274,2025-10-18,1900-01-01 16:29:23,0,0,40,2,2,16
FIR05788,4,8,12.930763,77.623357,2025-11-08,1900-01-01 16:35:34,2,2,55,0,2,16
FIR05789,2,2,12.925317,77.680869,2026-05-16,1900-01-01 16:15:50,2,2,57,1,2,16
FIR05790,1,5,13.038217,77.600741,2025-10-15,1900-01-01 15:08:24,2,2,22,0,6,15
FIR05791,4,9,12.975529,77.607627,2025-12-14,1900-01-01 08:13:21,2,2,61,2,3,8
FIR05792,6,2,12.930593,77.677937,2026-07-08,1900-01-01 13:33:12,0,0,26,0,6,13
FIR05793,0,10,12.999694,77.574634,2026-03-13,1900-01-01 15:36:22,2,2,45,1,0,15
FIR05794,5,2,12.924014,77.672436,2026-06-09,1900-01-01 02:23:42,0,0,34,2,5,2
FIR05795,6,3,12.843175,77.675167,2026-02-11,1900-01-01 06:20:24,0,0,43,0,6,6
FIR05796,4,6,12.973818,77.638094,2024-08-14,1900-01-01 19:54:12,2,1,27,0,6,19
FIR05797,8,2,12.926451,77.671736,2026-05-03,1900-01-01 02:15:13,1,0,54,2,3,2
FIR05798,7,6,12.982539,77.638764,2026-04-03,1900-01-01 08:08:52,0,0,56,0,0,8
FIR05799,5,6,12.976541,77.643596,2025-10-15,1900-01-01 01:44:46,0,1,60,0,6,1
FIR05800,3,3,12.840459,77.672063,2024-09-13,1900-01-01 00:26:06,2,2,23,2,0,0
FIR05801,6,8,12.933766,77.621304,2026-04-30,1900-01-01 15:11:08,0,2,24,0,4,15
FIR05802,7,3,12.840013,77.678068,2025-06-03,1900-01-01 21:44:30,0,0,36,1,5,21
FIR05803,9,0,12.916486,77.614693,2026-03-27,1900-01-01 13:48:16,1,1,64,2,0,13
FIR05804,5,8,12.939862,77.627867,2024-09-29,1900-01-01 19:26:44,0,2,40,2,3,19
FIR05805,4,7,12.9253,77.597928,2025-12-30,1900-01-01 22:53:45,2,2,56,1,5,22
FIR05806,4,13,12.967851,77.754761,2025-10-11,1900-01-01 11:18:53,2,1,33,2,2,11
FIR05807,6,0,12.911745,77.610183,2025-10-06,1900-01-01 23:47:08,0,2,49,2,1,23
FIR05808,4,8,12.931163,77.622672,2025-11-01,1900-01-01 20:26:56,2,0,18,2,2,20
FIR05809,1,3,12.843732,77.680276,2024-12-02,1900-01-01 09:17:56,2,1,28,0,1,9
FIR05810,0,6,12.976078,77.645635,2024-08-21,1900-01-01 22:46:10,2,2,22,0,6,22
FIR05811,1,11,12.956654,77.698088,2025-08-23,1900-01-01 06:01:51,2,0,29,1,2,6
FIR05812,5,12,12.994319,77.559263,2024-09-16,1900-01-01 04:55:19,0,2,57,0,1,4
FIR05813,7,4,12.909263,77.647061,2026-01-22,1900-01-01 05:46:58,0,0,57,2,4,5
FIR05814,0,13,12.964916,77.745775,2024-12-06,1900-01-01 21:53:12,2,2,34,2,0,21
FIR05815,5,12,12.992083,77.557475,2025-06-24,1900-01-01 15:46:25,0,0,58,1,5,15
FIR05816,5,10,12.999133,77.572049,2025-03-19,1900-01-01 10:20:05,0,2,52,2,6,10
FIR05817,2,6,12.976428,77.639018,2024-07-23,1900-01-01 14:17:05,2,2,59,2,5,14
FIR05818,3,9,12.97346,77.608798,2026-04-23,1900-01-01 00:31:46,2,2,46,2,4,0
FIR05819,4,2,12.926349,77.671885,2025-04-01,1900-01-01 00:43:03,2,2,47,2,5,0
FIR05820,8,10,13.006491,77.568324,2026-04-24,1900-01-01 09:06:08,1,1,31,2,0,9
FIR05821,5,12,12.986809,77.557965,2025-06-26,1900-01-01 06:28:55,0,2,64,2,4,6
FIR05822,2,4,12.910763,77.651811,2025-03-05,1900-01-01 08:02:16,2,0,70,2,6,8
FIR05823,1,10,13.008007,77.566445,2026-05-02,1900-01-01 10:17:39,2,1,33,0,2,10
FIR05824,4,9,12.976147,77.60664,2025-10-11,1900-01-01 12:09:36,2,2,20,2,2,12
FIR05825,1,3,12.841054,77.67881,2026-02-23,1900-01-01 01:37:32,2,2,44,1,1,1
FIR05826,5,4,12.908632,77.646873,2025-03-31,1900-01-01 12:15:41,0,1,55,2,1,12
FIR05827,8,4,12.912494,77.649555,2026-03-24,1900-01-01 01:00:07,1,2,36,0,5,1
FIR05828,9,10,13.001749,77.566839,2026-01-15,1900-01-01 17:14:14,1,2,35,0,4,17
FIR05829,1,13,12.973491,77.750758,2026-05-27,1900-01-01 00:24:21,2,2,50,1,6,0
FIR05830,6,11,12.958415,77.702137,2024-08-30,1900-01-01 14:02:14,0,1,56,0,0,14
FIR05831,7,13,12.969665,77.745331,2026-03-24,1900-01-01 23:38:47,0,1,39,0,5,23
FIR05832,4,2,12.924838,77.677376,2024-10-02,1900-01-01 20:51:55,2,2,35,0,6,20
FIR05833,4,9,12.970755,77.60305,2024-09-30,1900-01-01 06:21:19,2,0,45,0,1,6
FIR05834,2,6,12.982803,77.637248,2025-12-21,1900-01-01 23:14:59,2,2,58,2,3,23
FIR05835,6,1,12.921846,77.576469,2025-11-30,1900-01-01 05:41:50,0,2,18,0,3,5
FIR05836,1,0,12.921416,77.611983,2025-01-08,1900-01-01 02:26:48,2,0,25,1,6,2
FIR05837,7,10,13.007394,77.572591,2025-07-01,1900-01-01 18:28:29,0,1,52,2,5,18
FIR05838,2,5,13.039337,77.600964,2025-07-11,1900-01-01 04:45:19,2,0,42,1,0,4
FIR05839,4,13,12.968897,77.745897,2025-01-22,1900-01-01 08:06:43,2,2,64,1,6,8
FIR05840,5,13,12.968338,77.748968,2025-03-06,1900-01-01 03:11:08,0,1,65,1,4,3
FIR05841,2,3,12.844655,77.680973,2025-06-20,1900-01-01 19:14:43,2,0,39,2,0,19
FIR05842,9,2,12.930926,77.680494,2026-04-13,1900-01-01 16:29:52,1,1,31,1,1,16
FIR05843,6,10,13.005508,77.57171,2024-12-13,1900-01-01 14:00:35,0,2,48,1,0,14
FIR05844,2,2,12.926453,77.671678,2026-06-24,1900-01-01 14:30:53,2,2,49,2,6,14
FIR05845,6,10,13.006553,77.574196,2026-04-11,1900-01-01 09:32:14,0,2,43,1,2,9
FIR05846,8,9,12.975242,77.609018,2026-01-07,1900-01-01 15:31:26,1,1,62,2,6,15
FIR05847,9,9,12.971518,77.605551,2024-11-25,1900-01-01 09:50:15,1,1,19,0,1,9
FIR05848,6,5,13.038517,77.598216,2025-06-28,1900-01-01 03:51:36,0,0,58,1,2,3
FIR05849,8,1,12.914796,77.570204,2024-12-09,1900-01-01 18:15:31,1,1,49,2,1,18
FIR05850,8,4,12.906754,77.642423,2026-01-26,1900-01-01 06:00:30,1,2,28,0,1,6
FIR05851,1,4,12.9104,77.644459,2025-01-09,1900-01-01 10:33:28,2,2,41,0,4,10
FIR05852,2,7,12.926363,77.591404,2025-11-23,1900-01-01 16:16:52,2,1,51,0,3,16
FIR05853,0,0,12.918363,77.609387,2026-03-01,1900-01-01 06:15:44,2,1,27,1,3,6
FIR05854,4,5,13.033853,77.60085,2025-04-16,1900-01-01 00:57:43,2,1,34,2,6,0
FIR05855,4,5,13.031813,77.600542,2026-01-21,1900-01-01 02:47:45,2,1,60,2,6,2
FIR05856,6,1,12.913987,77.573076,2026-06-02,1900-01-01 22:28:19,0,1,52,0,5,22
FIR05857,3,10,13.002658,77.575433,2025-07-08,1900-01-01 07:57:56,2,1,43,1,5,7
FIR05858,1,1,12.92244,77.575315,2026-05-04,1900-01-01 02:24:59,2,2,38,2,1,2
FIR05859,3,12,12.993968,77.558321,2024-09-06,1900-01-01 05:00:38,2,1,52,0,0,5
FIR05860,8,6,12.981795,77.639088,2024-10-28,1900-01-01 07:20:16,1,0,65,2,1,7
FIR05861,6,1,12.91592,77.57485,2025-01-09,1900-01-01 12:19:07,0,1,43,0,4,12
FIR05862,6,13,12.972057,77.753127,2024-09-19,1900-01-01 19:18:45,0,0,66,1,4,19
FIR05863,0,12,12.995549,77.557273,2026-03-24,1900-01-01 11:10:18,2,0,70,1,5,11
FIR05864,2,1,12.913634,77.577187,2025-07-08,1900-01-01 10:56:26,2,2,35,2,5,10
FIR05865,6,14,13.104474,77.598352,2024-10-21,1900-01-01 12:19:20,0,2,37,2,1,12
FIR05866,3,11,12.956483,77.696627,2025-08-10,1900-01-01 22:52:40,2,1,70,2,3,22
FIR05867,8,3,12.843017,77.674568,2025-01-28,1900-01-01 05:52:35,1,0,19,1,5,5
FIR05868,0,13,12.972976,77.754004,2026-06-23,1900-01-01 20:37:35,2,2,47,1,5,20
FIR05869,8,1,12.917587,77.576695,2026-01-28,1900-01-01 23:37:25,1,1,50,2,6,23
FIR05870,8,12,12.99073,77.55181,2025-10-31,1900-01-01 03:00:50,1,1,21,1,0,3
FIR05871,3,10,12.999213,77.566724,2026-03-07,1900-01-01 15:43:22,2,0,46,1,2,15
FIR05872,5,4,12.916322,77.646732,2025-05-18,1900-01-01 11:25:32,0,0,63,2,3,11
FIR05873,9,4,12.90751,77.648324,2025-05-18,1900-01-01 23:22:33,1,2,40,0,3,23
FIR05874,0,14,13.098802,77.597277,2025-05-17,1900-01-01 21:25:21,2,0,35,1,2,21
FIR05875,3,7,12.929138,77.59632,2026-02-28,1900-01-01 03:40:02,2,0,18,2,2,3
FIR05876,4,11,12.963239,77.69821,2026-07-17,1900-01-01 05:49:49,2,1,51,2,0,5
FIR05877,3,0,12.91557,77.608913,2026-05-16,1900-01-01 01:46:53,2,0,35,0,2,1
FIR05878,8,6,12.979644,77.638658,2025-12-13,1900-01-01 11:26:19,1,0,50,2,2,11
FIR05879,0,0,12.913583,77.613937,2025-11-08,1900-01-01 19:36:38,2,1,54,0,2,19
FIR05880,9,1,12.917339,77.57781,2026-05-06,1900-01-01 00:52:14,1,2,31,2,6,0
FIR05881,1,13,12.972371,77.74711,2025-09-16,1900-01-01 18:39:10,2,1,18,0,5,18
FIR05882,6,11,12.955799,77.692829,2025-04-05,1900-01-01 17:16:47,0,2,49,1,2,17
FIR05883,9,5,13.036381,77.601315,2025-05-13,1900-01-01 17:00:29,1,1,61,1,5,17
FIR05884,7,1,12.916593,77.574457,2024-12-19,1900-01-01 22:38:45,0,0,59,2,4,22
FIR05885,6,6,12.982528,77.642645,2024-09-16,1900-01-01 05:57:25,0,2,37,1,1,5
FIR05886,6,6,12.978812,77.636111,2025-12-29,1900-01-01 14:21:12,0,0,32,1,1,14
FIR05887,5,1,12.918398,77.570238,2024-10-07,1900-01-01 19:15:54,0,1,21,2,1,19
FIR05888,3,0,12.920318,77.61337,2026-03-30,1900-01-01 13:55:13,2,1,60,2,1,13
FIR05889,4,4,12.909312,77.646538,2026-01-27,1900-01-01 08:26:42,2,2,41,1,5,8
FIR05890,7,2,12.930207,77.674941,2024-11-10,1900-01-01 03:56:48,0,0,54,1,3,3
FIR05891,0,10,12.998791,77.569123,2025-10-03,1900-01-01 02:14:51,2,1,45,2,0,2
FIR05892,9,6,12.980779,77.642691,2025-06-18,1900-01-01 05:09:29,1,2,58,1,6,5
FIR05893,9,12,12.994991,77.55862,2024-08-13,1900-01-01 08:51:54,1,0,18,2,5,8
FIR05894,0,14,13.100136,77.592533,2024-12-08,1900-01-01 18:00:00,2,1,61,2,3,18
FIR05895,8,5,13.032352,77.594482,2026-04-09,1900-01-01 20:59:45,1,2,64,2,4,20
FIR05896,0,2,12.932842,77.675683,2025-01-28,1900-01-01 17:07:32,2,1,56,2,5,17
FIR05897,4,9,12.974918,77.604427,2026-01-11,1900-01-01 16:49:20,2,1,35,2,3,16
FIR05898,0,3,12.836211,77.672513,2026-01-26,1900-01-01 01:11:40,2,0,50,0,1,1
FIR05899,1,4,12.908693,77.647146,2025-08-23,1900-01-01 22:15:24,2,2,39,1,2,22
FIR05900,8,11,12.962545,77.696764,2026-01-15,1900-01-01 20:23:00,1,2,65,1,4,20
FIR05901,5,7,12.920688,77.59194,2025-12-30,1900-01-01 21:14:46,0,2,58,1,5,21
FIR05902,8,10,12.998576,77.573319,2025-08-28,1900-01-01 05:32:45,1,0,60,0,4,5
FIR05903,2,2,12.926565,77.673535,2026-02-25,1900-01-01 22:45:31,2,2,53,2,6,22
FIR05904,9,11,12.959421,77.697323,2025-01-17,1900-01-01 04:11:44,1,0,59,2,0,4
FIR05905,7,1,12.917807,77.577534,2025-01-29,1900-01-01 08:42:53,0,2,33,0,6,8
FIR05906,1,0,12.920478,77.607425,2024-08-26,1900-01-01 02:55:32,2,0,57,2,1,2
FIR05907,2,0,12.912585,77.608986,2026-02-27,1900-01-01 00:51:15,2,0,34,2,0,0
FIR05908,4,8,12.93767,77.620651,2025-07-04,1900-01-01 04:27:52,2,1,18,1,0,4
FIR05909,3,8,12.931318,77.625765,2025-02-13,1900-01-01 11:11:37,2,1,40,0,4,11
FIR05910,3,3,12.839768,77.678225,2024-12-15,1900-01-01 01:04:58,2,2,45,1,3,1
FIR05911,1,7,12.926811,77.590043,2025-05-12,1900-01-01 11:40:38,2,1,20,1,1,11
FIR05912,3,9,12.974596,77.600789,2025-01-14,1900-01-01 22:49:25,2,1,35,1,5,22
FIR05913,8,1,12.919536,77.571526,2024-07-24,1900-01-01 22:07:08,1,0,30,2,6,22
FIR05914,6,14,13.100874,77.598679,2025-10-07,1900-01-01 03:17:59,0,2,36,2,5,3
FIR05915,2,7,12.921493,77.596683,2026-03-01,1900-01-01 22:00:38,2,2,23,0,3,22
FIR05916,4,6,12.979437,77.645771,2025-09-22,1900-01-01 00:10:53,2,0,43,0,1,0
FIR05917,3,6,12.981217,77.641555,2025-03-19,1900-01-01 06:17:35,2,2,68,1,6,6
FIR05918,0,0,12.916573,77.6072,2026-02-07,1900-01-01 08:36:12,2,0,39,0,2,8
FIR05919,5,0,12.918116,77.605481,2024-08-03,1900-01-01 04:22:52,0,0,55,1,2,4
FIR05920,4,7,12.929943,77.596613,2025-02-05,1900-01-01 16:16:25,2,0,35,0,6,16
FIR05921,0,10,13.008218,77.570302,2024-12-20,1900-01-01 23:15:17,2,0,41,1,0,23
FIR05922,8,4,12.916062,77.64563,2025-09-10,1900-01-01 11:22:24,1,2,51,0,6,11
FIR05923,6,11,12.95918,77.695981,2024-09-04,1900-01-01 22:40:30,0,1,54,0,6,22
FIR05924,9,7,12.928268,77.593744,2025-12-16,1900-01-01 12:57:34,1,1,47,1,5,12
FIR05925,5,2,12.932878,77.678802,2026-03-30,1900-01-01 02:30:04,0,0,25,0,1,2
FIR05926,3,11,12.960611,77.696701,2025-07-08,1900-01-01 21:45:29,2,0,65,1,5,21
FIR05927,6,7,12.928598,77.589239,2025-10-06,1900-01-01 16:48:39,0,0,24,0,1,16
FIR05928,2,13,12.968526,77.752595,2026-05-17,1900-01-01 17:04:50,2,2,70,0,3,17
FIR05929,7,10,12.998644,77.572797,2026-01-29,1900-01-01 06:18:09,0,1,42,0,4,6
FIR05930,4,7,12.929909,77.596113,2025-08-04,1900-01-01 09:23:56,2,2,48,2,1,9
FIR05931,5,0,12.921387,77.612631,2025-01-30,1900-01-01 03:31:30,0,2,58,1,4,3
FIR05932,6,14,13.095916,77.600936,2026-07-23,1900-01-01 07:40:19,0,0,49,0,4,7
FIR05933,4,9,12.976804,77.602729,2025-06-08,1900-01-01 10:09:39,2,1,32,2,3,10
FIR05934,1,12,12.995531,77.550108,2025-04-27,1900-01-01 21:05:30,2,1,50,1,3,21
FIR05935,6,12,12.992672,77.557268,2024-12-31,1900-01-01 16:47:50,0,0,44,2,5,16
FIR05936,5,0,12.919672,77.612399,2025-06-22,1900-01-01 04:38:35,0,2,64,1,3,4
FIR05937,9,13,12.971634,77.752507,2026-04-24,1900-01-01 10:33:40,1,1,26,1,0,10
FIR05938,6,5,13.039218,77.597749,2026-05-27,1900-01-01 05:03:39,0,2,60,1,6,5
FIR05939,9,14,13.103844,77.597168,2025-03-03,1900-01-01 21:14:06,1,2,70,1,1,21
FIR05940,5,3,12.84148,77.681342,2026-01-02,1900-01-01 14:58:16,0,1,65,2,0,14
FIR05941,7,13,12.96941,77.751531,2026-06-08,1900-01-01 06:54:14,0,1,26,0,1,6
FIR05942,2,14,13.101214,77.601023,2024-09-12,1900-01-01 16:04:26,2,2,31,1,4,16
FIR05943,1,4,12.90722,77.647205,2024-08-22,1900-01-01 05:47:45,2,0,38,2,4,5
FIR05944,2,3,12.8356,77.674014,2025-10-25,1900-01-01 16:03:05,2,2,42,2,2,16
FIR05945,3,7,12.922484,77.59863,2025-08-10,1900-01-01 13:37:20,2,2,60,2,3,13
FIR05946,7,7,12.928219,77.593766,2026-05-23,1900-01-01 01:04:22,0,0,67,0,2,1
FIR05947,8,14,13.10519,77.597098,2025-08-28,1900-01-01 03:06:03,1,1,61,1,4,3
FIR05948,6,7,12.92196,77.593577,2026-01-22,1900-01-01 13:26:35,0,1,36,2,4,13
FIR05949,9,11,12.956866,77.697985,2025-05-02,1900-01-01 07:30:01,1,2,26,2,0,7
FIR05950,1,6,12.9782,77.642985,2025-06-03,1900-01-01 17:12:45,2,1,21,1,5,17
FIR05951,8,3,12.841159,77.674342,2025-07-09,1900-01-01 19:39:59,1,1,55,2,6,19
FIR05952,5,14,13.096346,77.597533,2026-04-09,1900-01-01 15:31:13,0,1,37,2,4,15
FIR05953,9,3,12.840204,77.6728,2025-01-19,1900-01-01 14:16:06,1,0,22,2,3,14
FIR05954,7,9,12.972329,77.605408,2025-09-03,1900-01-01 06:22:05,0,2,50,0,6,6
FIR05955,4,2,12.92415,77.679483,2026-05-06,1900-01-01 23:13:59,2,1,27,2,6,23
FIR05956,3,4,12.908474,77.64874,2024-11-25,1900-01-01 10:20:01,2,0,47,2,1,10
FIR05957,8,8,12.935494,77.628914,2026-03-18,1900-01-01 20:23:02,1,1,39,1,6,20
FIR05958,0,12,12.992523,77.555405,2024-11-24,1900-01-01 18:01:32,2,0,25,0,3,18
FIR05959,9,9,12.97338,77.603975,2026-04-19,1900-01-01 03:58:16,1,1,21,1,3,3
FIR05960,0,9,12.972026,77.604134,2025-01-16,1900-01-01 11:15:57,2,2,62,0,4,11
FIR05961,6,14,13.102488,77.59753,2026-07-08,1900-01-01 17:27:24,0,2,69,2,6,17
FIR05962,1,7,12.921058,77.589425,2026-06-01,1900-01-01 07:34:01,2,1,67,1,1,7
FIR05963,5,13,12.968169,77.751092,2025-12-06,1900-01-01 19:08:08,0,2,54,2,2,19
FIR05964,4,1,12.918901,77.573537,2026-02-01,1900-01-01 18:10:33,2,0,46,2,3,18
FIR05965,3,13,12.965077,77.753449,2025-07-31,1900-01-01 02:50:59,2,0,64,0,4,2
FIR05966,6,13,12.968841,77.746627,2026-03-01,1900-01-01 04:16:45,0,0,28,1,3,4
FIR05967,7,12,12.989278,77.555256,2025-09-23,1900-01-01 06:03:05,0,0,34,2,5,6
FIR05968,3,5,13.03269,77.594751,2025-08-16,1900-01-01 07:35:47,2,2,22,0,2,7
FIR05969,7,12,12.993703,77.55092,2025-11-29,1900-01-01 18:36:11,0,2,39,1,2,18
FIR05970,2,4,12.911416,77.649254,2025-08-18,1900-01-01 12:29:38,2,2,24,2,1,12
FIR05971,7,8,12.935958,77.625916,2026-07-13,1900-01-01 04:41:19,0,1,21,2,1,4
FIR05972,8,9,12.977394,77.6007,2024-11-14,1900-01-01 14:07:58,1,2,35,0,4,14
FIR05973,4,9,12.976243,77.606637,2026-07-09,1900-01-01 17:21:56,2,2,40,1,4,17
FIR05974,7,2,12.931861,77.679154,2025-11-16,1900-01-01 01:51:40,0,2,70,2,3,1
FIR05975,5,12,12.995524,77.552376,2026-05-07,1900-01-01 20:43:27,0,2,46,0,4,20
FIR05976,2,9,12.980535,77.605519,2024-10-07,1900-01-01 02:44:11,2,2,44,0,1,2
FIR05977,4,9,12.979989,77.608223,2025-08-25,1900-01-01 08:02:21,2,0,30,0,1,8
FIR05978,8,0,12.921338,77.609174,2024-11-02,1900-01-01 15:17:11,1,1,64,0,2,15
FIR05979,1,11,12.956942,77.697029,2025-07-24,1900-01-01 19:53:09,2,0,61,0,4,19
FIR05980,7,7,12.925153,77.594058,2026-04-11,1900-01-01 03:05:35,0,1,64,1,2,3
FIR05981,1,3,12.837532,77.678046,2025-01-31,1900-01-01 11:31:14,2,1,19,1,0,11
FIR05982,4,11,12.960636,77.701421,2026-06-01,1900-01-01 11:58:39,2,1,22,2,1,11
FIR05983,6,9,12.973393,77.607226,2025-08-20,1900-01-01 06:47:54,0,2,35,1,6,6
FIR05984,7,0,12.917975,77.610266,2025-06-13,1900-01-01 08:19:24,0,1,19,2,0,8
FIR05985,0,14,13.101654,77.598039,2024-07-23,1900-01-01 02:54:03,2,1,22,1,5,2
FIR05986,7,1,12.914493,77.569826,2024-12-26,1900-01-01 00:27:53,0,0,64,1,4,0
FIR05987,5,4,12.915269,77.651247,2025-06-09,1900-01-01 11:56:28,0,0,21,2,1,11
FIR05988,0,1,12.914497,77.57239,2026-04-11,1900-01-01 00:50:51,2,0,69,2,2,0
FIR05989,5,6,12.98249,77.638659,2026-02-02,1900-01-01 23:01:57,0,1,37,1,1,23
FIR05990,3,0,12.91804,77.60963,2026-01-12,1900-01-01 22:14:28,2,1,43,2,1,22
FIR05991,8,5,13.038379,77.601748,2024-08-27,1900-01-01 23:38:35,1,0,48,2,5,23
FIR05992,8,10,13.000362,77.574176,2024-08-07,1900-01-01 18:59:23,1,1,45,1,6,18
FIR05993,4,5,13.039427,77.599416,2024-10-03,1900-01-01 15:47:18,2,2,46,1,4,15
FIR05994,5,2,12.928494,77.676436,2025-01-29,1900-01-01 07:43:42,0,2,20,2,6,7
FIR05995,9,9,12.971854,77.602002,2025-04-03,1900-01-01 09:24:47,1,1,63,0,4,9
FIR05996,2,8,12.93126,77.629141,2026-06-16,1900-01-01 10:47:49,2,2,54,2,5,10
FIR05997,5,8,12.936521,77.620239,2024-11-14,1900-01-01 05:45:37,0,1,40,1,4,5
FIR05998,4,7,12.925312,77.593377,2025-10-24,1900-01-01 23:42:00,2,2,34,2,0,23
FIR05999,0,10,12.998597,77.567119,2025-11-19,1900-01-01 06:20:12,2,0,18,1,6,6
FIR06000,1,0,12.914813,77.610156,2024-08-24,1900-01-01 10:04:43,2,2,36,0,2,10
FIR06001,5,0,12.915234,77.605211,2024-09-20,1900-01-01 04:26:12,0,1,34,0,0,4
FIR06002,8,6,12.983241,77.638555,2024-12-21,1900-01-01 00:28:27,1,1,56,2,2,0
FIR06003,4,13,12.966443,77.753454,2026-01-17,1900-01-01 01:06:12,2,1,34,2,2,1
FIR06004,8,11,12.958097,77.696575,2025-07-12,1900-01-01 07:37:26,1,2,26,0,2,7
FIR06005,6,3,12.842039,77.672559,2025-03-19,1900-01-01 02:24:03,0,0,49,0,6,2
FIR06006,1,11,12.956857,77.696658,2025-10-03,1900-01-01 12:51:38,2,1,58,0,0,12
FIR06007,7,3,12.838574,77.675619,2025-05-07,1900-01-01 06:02:46,0,2,58,1,6,6
FIR06008,0,10,13.000875,77.573993,2025-11-30,1900-01-01 06:42:31,2,2,24,1,3,6
FIR06009,8,11,12.957276,77.69609,2024-11-11,1900-01-01 18:53:59,1,0,29,0,1,18
FIR06010,4,6,12.977931,77.639611,2026-06-21,1900-01-01 19:48:15,2,0,35,1,3,19
FIR06011,9,2,12.929301,77.674543,2026-02-08,1900-01-01 07:24:23,1,1,26,2,3,7
FIR06012,6,13,12.972903,77.748218,2024-08-26,1900-01-01 13:39:27,0,1,58,0,1,13
FIR06013,1,4,12.913695,77.650666,2025-05-24,1900-01-01 08:56:03,2,2,70,1,2,8
FIR06014,6,0,12.918043,77.605166,2025-04-01,1900-01-01 09:18:05,0,2,69,0,5,9
FIR06015,3,4,12.915613,77.643218,2024-12-14,1900-01-01 16:58:50,2,0,21,2,2,16
FIR06016,9,14,13.103114,77.599152,2025-12-08,1900-01-01 17:10:51,1,0,40,1,1,17
FIR06017,7,2,12.928869,77.675399,2025-12-06,1900-01-01 19:14:24,0,2,59,1,2,19
FIR06018,3,14,13.097932,77.599578,2026-03-29,1900-01-01 02:18:30,2,1,45,1,3,2
FIR06019,8,7,12.923656,77.593941,2024-08-09,1900-01-01 04:29:24,1,0,48,1,0,4
FIR06020,5,9,12.977581,77.602938,2024-07-26,1900-01-01 11:36:22,0,2,66,0,0,11
FIR06021,2,10,13.002972,77.57028,2025-08-08,1900-01-01 15:30:19,2,2,58,0,0,15
FIR06022,9,9,12.979972,77.607714,2024-11-23,1900-01-01 00:16:05,1,1,64,0,2,0
FIR06023,9,4,12.915186,77.642442,2024-08-23,1900-01-01 02:11:46,1,0,39,1,0,2
FIR06024,5,12,12.988354,77.549913,2026-01-22,1900-01-01 03:54:48,0,2,42,0,4,3
FIR06025,6,2,12.931577,77.679896,2024-09-05,1900-01-01 23:12:00,0,1,66,1,4,23
FIR06026,5,2,12.927263,77.67498,2025-10-13,1900-01-01 02:27:01,0,0,64,2,1,2
FIR06027,1,7,12.925198,77.590038,2026-07-21,1900-01-01 12:03:45,2,1,18,0,5,12
FIR06028,1,8,12.939448,77.626762,2025-01-14,1900-01-01 20:55:36,2,0,61,0,5,20
FIR06029,5,6,12.979261,77.638648,2025-11-06,1900-01-01 23:32:28,0,1,54,1,4,23
FIR06030,4,4,12.913109,77.647383,2025-07-25,1900-01-01 11:55:07,2,0,40,0,0,11
FIR06031,6,7,12.92117,77.590732,2026-04-07,1900-01-01 09:20:23,0,1,35,1,5,9
FIR06032,6,0,12.917889,77.612916,2026-05-05,1900-01-01 00:33:54,0,2,41,2,5,0
FIR06033,0,2,12.927904,77.679444,2025-06-19,1900-01-01 10:50:52,2,1,35,1,4,10
FIR06034,6,1,12.916918,77.569793,2026-04-18,1900-01-01 03:00:44,0,0,64,1,2,3
FIR06035,1,12,12.991006,77.554798,2024-10-24,1900-01-01 09:00:55,2,0,18,2,4,9
FIR06036,0,12,12.988004,77.554691,2025-01-31,1900-01-01 20:34:59,2,1,48,2,0,20
FIR06037,7,14,13.101187,77.600577,2024-11-25,1900-01-01 07:31:33,0,1,52,2,1,7
FIR06038,1,10,13.005545,77.573344,2025-08-09,1900-01-01 02:57:46,2,0,68,0,2,2
FIR06039,8,10,12.999472,77.568415,2025-03-28,1900-01-01 21:39:53,1,2,31,1,0,21
FIR06040,9,1,12.918236,77.573837,2026-02-11,1900-01-01 17:21:30,1,2,65,0,6,17
FIR06041,8,10,13.006504,77.56921,2025-12-16,1900-01-01 15:55:59,1,2,34,2,5,15
FIR06042,3,1,12.920516,77.57666,2024-09-03,1900-01-01 10:14:36,2,0,56,2,5,10
FIR06043,0,14,13.09647,77.594178,2026-01-16,1900-01-01 09:24:20,2,0,68,1,0,9
FIR06044,8,2,12.923603,77.681107,2026-05-22,1900-01-01 14:07:43,1,0,22,2,0,14
FIR06045,3,6,12.982192,77.637572,2025-01-11,1900-01-01 16:18:45,2,0,33,1,2,16
FIR06046,5,4,12.906983,77.648126,2026-02-11,1900-01-01 06:13:50,0,2,25,0,6,6
FIR06047,4,7,12.927707,77.5897,2024-11-02,1900-01-01 03:09:54,2,1,35,2,2,3
FIR06048,2,8,12.932779,77.622229,2025-05-09,1900-01-01 15:22:44,2,1,37,1,0,15
FIR06049,7,11,12.958289,77.701289,2025-11-20,1900-01-01 15:58:23,0,1,53,0,4,15
FIR06050,5,14,13.103114,77.59666,2026-01-16,1900-01-01 09:41:45,0,1,30,0,0,9
FIR06051,5,14,13.099783,77.600751,2026-05-09,1900-01-01 15:43:23,0,0,20,0,2,15
FIR06052,1,2,12.926793,77.677416,2026-07-04,1900-01-01 02:01:44,2,1,44,1,2,2
FIR06053,0,11,12.956357,77.697209,2026-02-03,1900-01-01 22:15:31,2,1,27,1,5,22
FIR06054,7,2,12.923322,77.673749,2024-08-01,1900-01-01 01:54:26,0,0,39,0,4,1
FIR06055,7,0,12.915774,77.607109,2026-02-08,1900-01-01 06:59:20,0,2,29,1,3,6
FIR06056,3,11,12.959979,77.696735,2026-06-03,1900-01-01 04:51:55,2,2,47,1,6,4
FIR06057,7,14,13.10344,77.591769,2025-07-09,1900-01-01 10:11:29,0,2,19,0,6,10
FIR06058,9,10,13.000647,77.568716,2025-12-29,1900-01-01 18:12:16,1,1,57,2,1,18
FIR06059,5,8,12.938068,77.62464,2024-11-22,1900-01-01 08:49:07,0,0,27,0,0,8
FIR06060,2,8,12.93869,77.621202,2025-03-19,1900-01-01 16:27:17,2,1,49,2,6,16
FIR06061,4,10,13.002304,77.574011,2024-09-01,1900-01-01 07:50:24,2,1,66,1,3,7
FIR06062,7,2,12.932302,77.680645,2026-07-18,1900-01-01 03:00:04,0,2,59,1,2,3
FIR06063,1,12,12.989508,77.553986,2026-03-11,1900-01-01 07:27:21,2,1,57,2,6,7
FIR06064,4,9,12.975523,77.605218,2025-03-06,1900-01-01 03:18:54,2,0,23,1,4,3
FIR06065,7,1,12.922454,77.576565,2024-10-28,1900-01-01 23:51:25,0,2,62,0,1,23
FIR06066,3,1,12.920736,77.569257,2025-03-23,1900-01-01 00:18:00,2,1,25,0,3,0
FIR06067,8,10,13.003485,77.572525,2025-03-11,1900-01-01 21:07:16,1,2,44,1,5,21
FIR06068,6,2,12.928702,77.675365,2025-08-01,1900-01-01 07:35:09,0,0,40,2,0,7
FIR06069,4,12,12.992641,77.556694,2024-08-12,1900-01-01 23:24:44,2,1,65,2,1,23
FIR06070,0,1,12.917209,77.572786,2026-04-15,1900-01-01 17:41:15,2,2,42,1,6,17
FIR06071,3,6,12.978391,77.644382,2024-08-10,1900-01-01 15:55:49,2,1,36,2,2,15
FIR06072,1,11,12.963286,77.701791,2025-11-23,1900-01-01 04:08:02,2,0,24,0,3,4
FIR06073,7,6,12.979911,77.639761,2025-08-11,1900-01-01 20:51:55,0,2,22,1,1,20
FIR06074,5,6,12.98085,77.644995,2025-03-02,1900-01-01 00:32:57,0,1,40,1,3,0
FIR06075,8,11,12.957332,77.693567,2025-06-22,1900-01-01 06:53:11,1,1,66,1,3,6
FIR06076,3,14,13.096886,77.600256,2026-05-16,1900-01-01 08:03:59,2,2,65,0,2,8
FIR06077,6,14,13.098356,77.593112,2025-09-12,1900-01-01 05:23:41,0,1,40,1,0,5
FIR06078,4,3,12.836176,77.674477,2024-09-29,1900-01-01 03:00:25,2,1,22,2,3,3
FIR06079,9,11,12.955369,77.695882,2026-02-14,1900-01-01 12:54:31,1,1,53,1,2,12
FIR06080,9,11,12.963233,77.697385,2025-09-28,1900-01-01 23:35:40,1,1,67,2,3,23
FIR06081,9,3,12.842383,77.673984,2026-03-12,1900-01-01 11:32:57,1,2,49,0,4,11
FIR06082,6,8,12.934887,77.624094,2025-10-21,1900-01-01 17:06:37,0,0,67,2,5,17
FIR06083,8,9,12.972455,77.60983,2024-07-31,1900-01-01 21:21:10,1,1,50,0,6,21
FIR06084,3,10,13.003856,77.570739,2025-07-20,1900-01-01 22:26:22,2,0,56,1,3,22
FIR06085,4,2,12.932241,77.675472,2026-03-08,1900-01-01 00:18:12,2,2,20,1,3,0
FIR06086,5,0,12.917966,77.614104,2025-02-07,1900-01-01 14:06:57,0,1,44,1,0,14
FIR06087,5,2,12.924471,77.6751,2025-11-04,1900-01-01 16:51:17,0,0,22,2,5,16
FIR06088,9,11,12.954427,77.701927,2025-02-24,1900-01-01 00:18:06,1,0,28,2,1,0
FIR06089,4,8,12.93104,77.623108,2025-05-20,1900-01-01 14:26:23,2,0,68,0,5,14
FIR06090,0,5,13.036067,77.592804,2025-07-03,1900-01-01 16:52:26,2,0,66,2,4,16
FIR06091,9,1,12.919275,77.569252,2026-02-10,1900-01-01 08:44:37,1,0,38,1,5,8
FIR06092,6,11,12.960958,77.699553,2025-09-03,1900-01-01 17:48:58,0,1,47,0,6,17
FIR06093,1,8,12.932154,77.623795,2024-12-13,1900-01-01 23:03:36,2,2,46,1,0,23
FIR06094,5,11,12.962365,77.696342,2026-02-02,1900-01-01 19:13:34,0,0,64,0,1,19
FIR06095,9,10,13.002656,77.568694,2024-09-12,1900-01-01 08:01:15,1,0,27,1,4,8
FIR06096,8,0,12.911806,77.610798,2024-08-01,1900-01-01 08:23:31,1,2,66,0,4,8
FIR06097,4,10,13.00837,77.568239,2024-11-05,1900-01-01 10:44:25,2,0,63,2,5,10
FIR06098,8,5,13.037978,77.592236,2024-11-29,1900-01-01 13:37:24,1,0,69,2,0,13
FIR06099,1,5,13.040648,77.596978,2025-12-08,1900-01-01 20:33:28,2,0,33,0,1,20
FIR06100,7,5,13.03196,77.595076,2025-05-19,1900-01-01 18:53:29,0,1,36,1,1,18
FIR06101,2,14,13.099504,77.599701,2025-10-22,1900-01-01 10:19:35,2,0,61,0,6,10
FIR06102,1,6,12.981567,77.63644,2024-10-22,1900-01-01 07:17:33,2,2,63,0,5,7
FIR06103,3,9,12.970908,77.600055,2025-02-16,1900-01-01 07:49:52,2,2,21,1,3,7
FIR06104,8,2,12.932378,77.672249,2025-12-07,1900-01-01 14:31:34,1,0,47,2,3,14
FIR06105,3,0,12.918254,77.614602,2025-02-23,1900-01-01 03:40:59,2,2,67,1,3,3
FIR06106,6,10,13.003614,77.5723,2024-08-29,1900-01-01 23:15:38,0,0,51,1,4,23
FIR06107,5,2,12.924489,77.677303,2026-02-13,1900-01-01 03:21:28,0,1,56,2,0,3
FIR06108,7,13,12.974516,77.745981,2025-09-01,1900-01-01 12:57:43,0,2,54,0,1,12
FIR06109,8,2,12.927335,77.678841,2026-03-10,1900-01-01 10:29:59,1,0,60,2,5,10
FIR06110,2,14,13.10254,77.596745,2025-08-31,1900-01-01 11:13:41,2,1,32,0,3,11
FIR06111,9,5,13.032345,77.600316,2026-02-20,1900-01-01 07:10:30,1,1,42,2,0,7
FIR06112,5,13,12.965969,77.754738,2026-04-23,1900-01-01 15:34:16,0,1,56,1,4,15
FIR06113,8,2,12.931683,77.680597,2025-10-14,1900-01-01 21:06:50,1,0,22,1,5,21
FIR06114,7,4,12.909864,77.646506,2025-11-13,1900-01-01 06:12:21,0,1,26,2,4,6
FIR06115,2,12,12.995677,77.556923,2024-12-28,1900-01-01 06:04:09,2,1,52,2,2,6
FIR06116,5,6,12.981468,77.645005,2025-03-04,1900-01-01 10:30:53,0,1,19,2,5,10
FIR06117,1,5,13.031994,77.598624,2024-12-28,1900-01-01 12:46:44,2,1,63,1,2,12
FIR06118,7,7,12.920906,77.591331,2025-06-01,1900-01-01 02:16:54,0,0,48,1,3,2
FIR06119,9,9,12.980214,77.603953,2026-07-22,1900-01-01 23:17:54,1,2,63,2,6,23
FIR06120,9,9,12.976708,77.603304,2026-03-16,1900-01-01 03:52:23,1,0,23,1,1,3
FIR06121,6,11,12.959428,77.700929,2025-05-15,1900-01-01 23:45:34,0,1,44,1,4,23
FIR06122,6,12,12.992578,77.556672,2025-12-26,1900-01-01 06:43:19,0,1,26,0,0,6
FIR06123,9,2,12.928013,77.671216,2025-07-18,1900-01-01 23:36:48,1,1,27,2,0,23
FIR06124,3,3,12.841455,77.674454,2026-02-13,1900-01-01 19:25:20,2,1,50,1,0,19
FIR06125,1,11,12.962628,77.699885,2024-11-15,1900-01-01 07:57:20,2,1,54,1,0,7
FIR06126,7,11,12.961969,77.693443,2025-04-11,1900-01-01 10:47:54,0,1,42,1,0,10
FIR06127,0,11,12.959199,77.700425,2025-07-14,1900-01-01 19:32:32,2,0,42,1,1,19
FIR06128,5,2,12.930855,77.672761,2025-12-03,1900-01-01 04:24:03,0,1,67,2,6,4
FIR06129,7,10,13.006411,77.566834,2025-02-24,1900-01-01 23:22:20,0,2,28,0,1,23
FIR06130,0,11,12.955777,77.701288,2025-05-07,1900-01-01 13:32:44,2,1,38,1,6,13
FIR06131,4,1,12.917894,77.570698,2025-08-19,1900-01-01 08:56:38,2,2,22,1,5,8
FIR06132,6,0,12.914512,77.608162,2025-10-02,1900-01-01 17:20:28,0,0,62,2,4,17
FIR06133,5,1,12.921911,77.572979,2024-07-29,1900-01-01 15:58:05,0,0,28,2,1,15
FIR06134,1,2,12.92997,77.680982,2025-03-31,1900-01-01 02:34:44,2,0,36,1,1,2
FIR06135,7,10,12.999112,77.566889,2026-01-06,1900-01-01 01:13:19,0,1,55,0,5,1
FIR06136,6,3,12.836638,77.681832,2025-05-15,1900-01-01 00:47:27,0,1,62,2,4,0
FIR06137,3,0,12.918013,77.605565,2026-07-22,1900-01-01 12:45:52,2,1,51,2,6,12
FIR06138,8,4,12.907665,77.648045,2025-08-13,1900-01-01 13:01:13,1,0,26,1,6,13
FIR06139,0,8,12.936022,77.623875,2024-09-22,1900-01-01 10:58:44,2,0,36,0,3,10
FIR06140,6,7,12.923107,77.593028,2025-07-02,1900-01-01 21:09:10,0,1,62,0,6,21
FIR06141,9,11,12.963392,77.698766,2026-07-19,1900-01-01 09:25:03,1,2,34,2,3,9
FIR06142,0,8,12.935902,77.628339,2024-08-06,1900-01-01 04:16:47,2,1,45,2,5,4
FIR06143,1,1,12.914859,77.570991,2025-03-26,1900-01-01 11:57:42,2,2,55,0,6,11
FIR06144,4,12,12.992546,77.553803,2025-11-25,1900-01-01 02:19:12,2,1,36,2,5,2
FIR06145,5,6,12.975877,77.637558,2025-02-08,1900-01-01 16:10:34,0,0,63,1,2,16
FIR06146,7,7,12.928666,77.594633,2026-06-04,1900-01-01 15:10:58,0,2,31,0,4,15
FIR06147,4,10,13.005257,77.568807,2026-02-17,1900-01-01 15:35:33,2,1,37,0,5,15
FIR06148,5,7,12.928528,77.588869,2025-09-30,1900-01-01 20:01:37,0,0,21,2,5,20
FIR06149,0,10,13.007599,77.574451,2025-05-11,1900-01-01 04:18:20,2,0,51,0,3,4
FIR06150,3,3,12.84043,77.672402,2025-06-13,1900-01-01 14:23:06,2,1,30,2,0,14
FIR06151,4,12,12.993373,77.551214,2025-02-24,1900-01-01 02:59:47,2,1,62,1,1,2
FIR06152,4,9,12.975119,77.608665,2026-06-08,1900-01-01 03:26:19,2,0,28,1,1,3
FIR06153,2,8,12.933725,77.625207,2025-09-19,1900-01-01 01:37:54,2,1,68,1,0,1
FIR06154,7,3,12.841183,77.674936,2025-09-05,1900-01-01 02:00:10,0,2,32,0,0,2
FIR06155,3,14,13.100922,77.600786,2025-07-27,1900-01-01 21:21:22,2,2,53,2,3,21
FIR06156,6,11,12.954551,77.694073,2025-04-19,1900-01-01 13:33:03,0,2,70,1,2,13
FIR06157,7,0,12.91764,77.609875,2025-11-18,1900-01-01 21:25:26,0,2,35,1,5,21
FIR06158,1,9,12.976391,77.60931,2025-06-06,1900-01-01 10:03:13,2,0,56,0,0,10
FIR06159,0,10,12.999098,77.566116,2024-09-12,1900-01-01 20:56:14,2,0,44,1,4,20
FIR06160,9,13,12.967085,77.748683,2025-09-28,1900-01-01 04:20:09,1,2,56,0,3,4
FIR06161,6,6,12.976174,77.643519,2026-02-08,1900-01-01 04:14:23,0,1,70,0,3,4
FIR06162,4,4,12.909947,77.644861,2024-12-26,1900-01-01 01:42:40,2,1,38,2,4,1
FIR06163,3,7,12.927184,77.595481,2025-10-02,1900-01-01 05:32:49,2,2,39,2,4,5
FIR06164,3,4,12.912012,77.644961,2026-04-24,1900-01-01 10:08:24,2,2,49,1,0,10
FIR06165,5,0,12.915606,77.611556,2026-07-06,1900-01-01 21:18:33,0,2,49,2,1,21
FIR06166,2,2,12.927239,77.675432,2025-06-11,1900-01-01 15:33:04,2,1,66,0,6,15
FIR06167,3,10,13.001951,77.570694,2025-04-19,1900-01-01 20:21:22,2,0,19,2,2,20
FIR06168,0,0,12.915615,77.614751,2025-03-05,1900-01-01 23:27:17,2,2,55,2,6,23
FIR06169,8,10,13.003107,77.572727,2025-07-28,1900-01-01 20:33:51,1,0,20,2,1,20
FIR06170,8,9,12.97292,77.608247,2025-04-21,1900-01-01 01:27:27,1,0,35,1,1,1
FIR06171,9,3,12.843942,77.677935,2026-04-13,1900-01-01 20:00:23,1,2,31,0,1,20
FIR06172,3,7,12.925837,77.596629,2024-11-22,1900-01-01 20:34:51,2,0,39,1,0,20
FIR06173,4,10,13.007414,77.567452,2025-04-09,1900-01-01 22:11:24,2,1,27,2,6,22
FIR06174,1,1,12.916679,77.569807,2025-04-11,1900-01-01 22:38:26,2,2,35,2,0,22
FIR06175,0,3,12.837728,77.676098,2025-08-08,1900-01-01 10:21:07,2,2,21,2,0,10
FIR06176,9,7,12.926972,77.591556,2025-12-30,1900-01-01 14:21:12,1,1,62,2,5,14
FIR06177,2,11,12.956389,77.697658,2025-07-08,1900-01-01 11:53:16,2,2,60,0,5,11
FIR06178,6,11,12.959946,77.69925,2024-12-30,1900-01-01 13:31:44,0,1,22,2,1,13
FIR06179,7,13,12.970553,77.745693,2025-12-19,1900-01-01 23:36:39,0,1,53,2,0,23
FIR06180,3,2,12.932673,77.679971,2024-09-25,1900-01-01 15:07:40,2,2,66,1,6,15
FIR06181,1,6,12.979414,77.644879,2024-11-01,1900-01-01 23:28:21,2,1,43,1,0,23
FIR06182,3,14,13.103068,77.598938,2025-02-19,1900-01-01 12:05:44,2,1,43,2,6,12
FIR06183,3,7,12.924336,77.594662,2026-01-04,1900-01-01 19:54:56,2,2,34,2,3,19
FIR06184,0,0,12.913298,77.611167,2025-12-20,1900-01-01 16:25:10,2,2,65,2,2,16
FIR06185,8,2,12.931657,77.671245,2026-03-10,1900-01-01 07:49:49,1,2,54,2,5,7
FIR06186,4,5,13.035944,77.600398,2024-10-11,1900-01-01 05:39:23,2,2,47,2,0,5
FIR06187,1,14,13.095893,77.598124,2025-02-16,1900-01-01 07:37:25,2,2,65,0,3,7
FIR06188,0,9,12.977055,77.604672,2025-04-09,1900-01-01 11:42:38,2,1,18,1,6,11
FIR06189,0,2,12.925012,77.672886,2024-12-05,1900-01-01 12:21:05,2,2,18,2,4,12
FIR06190,5,8,12.939708,77.623291,2024-09-12,1900-01-01 17:43:49,0,0,19,2,4,17
FIR06191,4,1,12.915409,77.576934,2025-02-19,1900-01-01 14:41:50,2,1,67,1,6,14
FIR06192,5,11,12.96277,77.697929,2024-09-21,1900-01-01 16:55:08,0,1,68,0,2,16
FIR06193,1,12,12.994373,77.553951,2025-01-17,1900-01-01 03:58:53,2,0,57,2,0,3
FIR06194,7,10,12.999637,77.571153,2025-05-01,1900-01-01 14:56:33,0,2,27,1,4,14
FIR06195,8,13,12.972324,77.753467,2025-09-24,1900-01-01 13:32:09,1,2,48,0,6,13
FIR06196,0,10,13.008226,77.570483,2025-08-21,1900-01-01 10:29:11,2,2,69,1,4,10
FIR06197,3,2,12.924126,77.6777,2026-01-07,1900-01-01 09:01:34,2,1,65,2,6,9
FIR06198,8,12,12.993977,77.556528,2025-03-21,1900-01-01 16:24:18,1,1,23,0,0,16
FIR06199,3,11,12.955813,77.697385,2025-09-01,1900-01-01 22:24:11,2,1,47,1,1,22
FIR06200,9,3,12.842907,77.67299,2024-09-04,1900-01-01 15:20:52,1,2,45,0,6,15
FIR06201,3,2,12.930328,77.674486,2025-05-06,1900-01-01 06:59:33,2,1,66,2,5,6
FIR06202,4,0,12.916951,77.610329,2025-01-26,1900-01-01 14:48:04,2,0,63,0,3,14
FIR06203,0,4,12.908679,77.647563,2024-11-12,1900-01-01 02:26:49,2,0,35,0,5,2
FIR06204,6,13,12.970335,77.745399,2024-09-25,1900-01-01 17:08:37,0,0,70,1,6,17
FIR06205,7,0,12.912044,77.614688,2025-08-14,1900-01-01 20:24:28,0,1,25,2,4,20
FIR06206,4,4,12.907422,77.652112,2026-03-02,1900-01-01 05:54:06,2,0,24,0,1,5
FIR06207,5,8,12.939774,77.626697,2025-08-26,1900-01-01 08:36:17,0,0,24,2,5,8
FIR06208,0,9,12.971502,77.609179,2025-02-06,1900-01-01 11:26:53,2,2,56,0,4,11
FIR06209,7,4,12.907206,77.647886,2026-06-04,1900-01-01 14:40:32,0,1,61,1,4,14
FIR06210,7,9,12.970893,77.602358,2025-04-17,1900-01-01 00:57:43,0,0,42,2,4,0
FIR06211,9,9,12.976954,77.603449,2024-08-26,1900-01-01 19:41:17,1,0,50,2,1,19
FIR06212,7,11,12.957397,77.692706,2024-11-01,1900-01-01 13:24:50,0,2,18,1,0,13
FIR06213,3,10,12.999098,77.569205,2026-03-19,1900-01-01 12:32:51,2,0,37,2,4,12
FIR06214,1,12,12.991364,77.556531,2025-06-22,1900-01-01 03:50:45,2,0,65,0,3,3
FIR06215,9,9,12.97195,77.605819,2025-10-28,1900-01-01 04:57:55,1,1,56,1,5,4
FIR06216,7,5,13.038007,77.595673,2025-11-25,1900-01-01 16:49:50,0,2,18,1,5,16
FIR06217,3,10,13.005356,77.571613,2024-09-16,1900-01-01 05:10:26,2,2,40,1,1,5
FIR06218,0,2,12.931779,77.672383,2024-11-15,1900-01-01 04:48:51,2,0,53,1,0,4
FIR06219,7,9,12.97475,77.608373,2024-07-25,1900-01-01 23:32:18,0,2,18,2,4,23
FIR06220,2,12,12.993458,77.557707,2025-06-16,1900-01-01 00:51:14,2,2,45,0,1,0
FIR06221,1,11,12.963045,77.698351,2025-09-01,1900-01-01 02:13:54,2,0,58,2,1,2
FIR06222,7,7,12.920652,77.589983,2025-03-17,1900-01-01 23:39:56,0,1,36,0,1,23
FIR06223,4,13,12.973705,77.745597,2026-02-04,1900-01-01 01:20:28,2,0,48,2,6,1
FIR06224,8,4,12.912708,77.650389,2026-01-18,1900-01-01 14:29:51,1,2,26,2,3,14
FIR06225,0,10,13.006711,77.57132,2025-10-28,1900-01-01 13:13:29,2,2,35,2,5,13
FIR06226,0,3,12.838351,77.67374,2025-10-08,1900-01-01 06:15:52,2,1,45,2,6,6
FIR06227,0,3,12.836896,77.677187,2025-03-23,1900-01-01 20:37:56,2,2,56,2,3,20
FIR06228,1,8,12.938303,77.62125,2025-12-05,1900-01-01 07:32:38,2,2,50,2,0,7
FIR06229,6,0,12.913443,77.606655,2025-03-10,1900-01-01 16:09:24,0,0,63,2,1,16
FIR06230,1,5,13.034771,77.597756,2025-06-12,1900-01-01 14:04:51,2,1,63,0,4,14
FIR06231,8,10,13.002607,77.568647,2025-02-10,1900-01-01 01:18:29,1,2,33,2,1,1
FIR06232,9,8,12.933224,77.6205,2026-04-01,1900-01-01 16:14:30,1,1,50,0,6,16
FIR06233,0,6,12.978393,77.637046,2024-09-21,1900-01-01 13:47:57,2,1,67,0,2,13
FIR06234,7,11,12.957744,77.698607,2025-05-13,1900-01-01 19:05:29,0,1,40,0,5,19
FIR06235,9,5,13.03595,77.601153,2025-10-28,1900-01-01 13:07:41,1,1,20,2,5,13
FIR06236,3,13,12.974744,77.747596,2025-05-10,1900-01-01 18:50:52,2,0,43,2,2,18
FIR06237,8,10,13.000501,77.571995,2025-05-12,1900-01-01 02:25:40,1,0,62,1,1,2
FIR06238,8,7,12.922148,77.595252,2026-03-01,1900-01-01 18:51:48,1,0,65,0,3,18
FIR06239,1,10,13.006349,77.572287,2024-10-06,1900-01-01 12:31:15,2,1,65,0,3,12
FIR06240,7,4,12.91335,77.643761,2025-02-09,1900-01-01 02:38:23,0,2,69,0,3,2
FIR06241,7,12,12.994808,77.559226,2026-04-30,1900-01-01 02:27:39,0,2,57,1,4,2
FIR06242,0,8,12.930843,77.625928,2024-12-05,1900-01-01 21:25:14,2,2,29,1,4,21
FIR06243,7,10,13.001237,77.567548,2025-12-07,1900-01-01 02:31:21,0,0,35,1,3,2
FIR06244,4,14,13.099412,77.593816,2024-08-24,1900-01-01 01:25:12,2,2,28,0,2,1
FIR06245,6,4,12.907627,77.642833,2025-01-12,1900-01-01 03:16:26,0,1,70,1,3,3
FIR06246,6,5,13.036648,77.595276,2025-09-18,1900-01-01 18:53:54,0,2,54,0,4,18
FIR06247,7,9,12.977973,77.602725,2026-03-29,1900-01-01 19:28:27,0,0,48,0,3,19
FIR06248,4,4,12.912684,77.645119,2026-01-31,1900-01-01 03:40:01,2,1,38,2,2,3
FIR06249,5,14,13.096741,77.597994,2026-04-07,1900-01-01 02:06:38,0,2,29,0,5,2
FIR06250,4,1,12.914119,77.577705,2026-02-01,1900-01-01 10:18:56,2,2,54,0,3,10
FIR06251,2,5,13.039898,77.59303,2025-11-23,1900-01-01 12:42:52,2,2,18,0,3,12
