FIR_ID,Crime_Type,Area,Latitude,Longitude,Date,Time,Severity,Status,Victim_Age,Victim_Gender
FIR00001,Murder,Banashankari,12.913652,77.574747,2025-05-24,09:36:26,High,Under Investigation,66,Male
FIR00002,Murder,Marathahalli,12.957863,77.697165,2024-09-10,20:27:59,High,Closed,22,Female
FIR00003,Assault,Marathahalli,12.958266,77.702141,2025-06-19,03:53:52,Medium,Open,56,Female
FIR00004,Cyber Crime,Malleshwaram,13.006425,77.574383,2025-11-09,05:20:16,Medium,Closed,19,Male
FIR00005,Cyber Crime,Indiranagar,12.976155,77.64148,2026-05-17,13:33:43,Medium,Closed,63,Female
FIR00006,Assault,Koramangala,12.934499,77.626361,2025-03-05,14:30:59,Medium,Under Investigation,34,Male
FIR00007,Cyber Crime,Hebbal,13.0348,77.601925,2024-11-27,00:14:23,Medium,Under Investigation,24,Other
FIR00008,Theft,Marathahalli,12.958083,77.692599,2024-09-02,19:01:13,Low,Under Investigation,40,Other
FIR00009,Fraud,Bellandur,12.932259,77.671669,2025-11-01,23:24:39,Medium,Closed,68,Other
FIR00010,Robbery,Malleshwaram,13.007356,77.573251,2025-03-10,15:38:55,High,Closed,49,Other
FIR00011,Domestic Violence,MG Road,12.970931,77.604898,2025-07-29,09:02:51,Medium,Under Investigation,36,Female
FIR00012,Vehicle Theft,BTM Layout,12.913897,77.609635,2025-03-26,13:29:50,Low,Open,61,Other
FIR00013,Murder,Bellandur,12.92388,77.672165,2024-07-23,15:16:32,High,Open,55,Male
FIR00014,Theft,Banashankari,12.913959,77.575396,2025-11-21,00:14:48,Low,Closed,69,Female
FIR00015,Kidnapping,Hebbal,13.037536,77.599752,2026-05-13,06:10:50,High,Open,60,Other
FIR00016,Murder,Marathahalli,12.960742,77.69585,2025-06-22,14:33:14,High,Open,70,Male
FIR00017,Assault,Rajajinagar,12.993552,77.557153,2025-10-13,07:37:43,Medium,Closed,62,Female
FIR00018,Murder,Banashankari,12.918729,77.577587,2025-12-04,13:46:17,High,Open,32,Male
FIR00019,Vehicle Theft,Banashankari,12.91966,77.576466,2025-03-11,12:06:33,Low,Closed,41,Male
FIR00020,Murder,Whitefield,12.966013,77.749323,2025-05-18,02:20:27,High,Under Investigation,31,Other
FIR00021,Murder,Hebbal,13.031093,77.599608,2026-02-09,05:35:15,High,Closed,58,Male
FIR00022,Fraud,Yelahanka,13.1031,77.593195,2024-12-13,03:58:30,Medium,Under Investigation,70,Female
FIR00023,Fraud,Yelahanka,13.098023,77.601171,2026-06-06,03:05:57,Medium,Closed,20,Male
FIR00024,Vehicle Theft,Indiranagar,12.980697,77.643153,2024-10-15,11:31:47,Low,Under Investigation,35,Other
FIR00025,Vehicle Theft,MG Road,12.973462,77.600937,2024-12-10,06:39:32,Low,Under Investigation,35,Other
FIR00026,Vehicle Theft,Indiranagar,12.98094,77.638555,2024-11-16,02:28:10,Low,Closed,27,Other
FIR00027,Fraud,MG Road,12.975702,77.607496,2025-07-09,06:14:45,Medium,Open,41,Other
FIR00028,Robbery,MG Road,12.976406,77.608535,2024-11-09,02:07:43,High,Open,23,Female
FIR00029,Drug Offense,Marathahalli,12.957666,77.696324,2025-05-02,01:36:15,Medium,Under Investigation,44,Male
FIR00030,Theft,Indiranagar,12.97768,77.636002,2026-01-24,22:25:33,Low,Open,56,Female
FIR00031,Vehicle Theft,Yelahanka,13.104953,77.599803,2026-04-08,08:18:40,Low,Under Investigation,19,Male
FIR00032,Cyber Crime,HSR Layout,12.915006,77.649393,2025-12-15,07:53:19,Medium,Open,61,Female
FIR00033,Theft,Malleshwaram,13.006535,77.57034,2026-01-13,21:17:09,Low,Closed,31,Female
FIR00034,Kidnapping,Bellandur,12.931094,77.676251,2026-06-05,06:32:23,High,Closed,22,Female
FIR00035,Drug Offense,Yelahanka,13.105555,77.597127,2025-06-07,06:05:34,Medium,Under Investigation,46,Female
FIR00036,Kidnapping,Whitefield,12.968441,77.749823,2024-10-06,04:57:23,High,Under Investigation,45,Female
FIR00037,Fraud,Malleshwaram,13.001888,77.574333,2025-08-14,12:03:16,Medium,Under Investigation,53,Male
FIR00038,Robbery,Koramangala,12.935362,77.621359,2025-04-20,01:11:06,High,Under Investigation,49,Female
FIR00039,Drug Offense,Hebbal,13.035471,77.594576,2026-07-19,23:07:40,Medium,Closed,23,Other
FIR00040,Murder,Rajajinagar,12.99037,77.551741,2024-12-19,00:13:55,High,Open,29,Female
FIR00041,Fraud,Koramangala,12.937789,77.622348,2024-12-09,00:52:38,Medium,Under Investigation,47,Other
FIR00042,Assault,Bellandur,12.924901,77.672097,2025-03-07,20:27:43,Medium,Closed,30,Female
FIR00043,Cyber Crime,HSR Layout,12.906813,77.64322,2025-11-25,07:10:19,Medium,Under Investigation,32,Female
FIR00044,Domestic Violence,Hebbal,13.039194,77.597305,2026-01-01,20:48:29,Medium,Under Investigation,58,Other
FIR00045,Drug Offense,MG Road,12.977121,77.605752,2024-08-22,19:37:53,Medium,Open,54,Female
FIR00046,Murder,Marathahalli,12.957256,77.700151,2025-07-24,08:41:08,High,Under Investigation,57,Male
FIR00047,Vehicle Theft,Hebbal,13.034852,77.595753,2024-11-21,22:21:05,Low,Under Investigation,33,Male
FIR00048,Murder,Malleshwaram,13.007104,77.565639,2025-08-26,09:28:42,High,Under Investigation,63,Other
FIR00049,Theft,Whitefield,12.969199,77.748118,2025-11-05,14:14:43,Low,Under Investigation,70,Male
FIR00050,Domestic Violence,Jayanagar,12.926559,77.588919,2025-11-18,10:39:12,Medium,Under Investigation,30,Other
FIR00051,Domestic Violence,Bellandur,12.92822,77.674622,2024-10-08,17:42:17,Medium,Under Investigation,46,Male
FIR00052,Assault,Bellandur,12.931094,77.672787,2025-03-31,06:54:35,Medium,Closed,53,Male
FIR00053,Kidnapping,Electronic City,12.840478,77.680244,2024-10-07,03:32:02,High,Under Investigation,20,Female
FIR00054,Vehicle Theft,Electronic City,12.843995,77.676998,2025-06-06,09:54:33,Low,Open,47,Other
FIR00055,Theft,BTM Layout,12.913128,77.610116,2025-03-25,11:08:58,Low,Open,21,Other
FIR00056,Vehicle Theft,HSR Layout,12.907201,77.647605,2026-04-07,21:45:57,Low,Under Investigation,68,Female
FIR00057,Robbery,HSR Layout,12.914787,77.644903,2025-03-09,21:37:12,High,Closed,41,Male
FIR00058,Cyber Crime,Jayanagar,12.924768,77.592749,2026-01-17,09:51:58,Medium,Under Investigation,24,Female
FIR00059,Kidnapping,MG Road,12.979325,77.605949,2025-12-29,18:58:00,High,Under Investigation,65,Male
FIR00060,Domestic Violence,Bellandur,12.927693,77.673002,2025-01-16,00:06:48,Medium,Under Investigation,64,Male
FIR00061,Assault,Hebbal,13.039109,77.596187,2025-06-03,10:03:23,Medium,Under Investigation,46,Other
FIR00062,Theft,Yelahanka,13.100005,77.59132,2025-01-14,20:09:29,Low,Under Investigation,34,Male
FIR00063,Cyber Crime,Hebbal,13.033763,77.595192,2025-09-09,03:16:40,Medium,Open,48,Female
FIR00064,Kidnapping,Rajajinagar,12.992694,77.559339,2024-11-09,04:29:14,High,Under Investigation,30,Female
FIR00065,Theft,Jayanagar,12.92398,77.598659,2025-05-16,14:49:32,Low,Under Investigation,26,Other
FIR00066,Drug Offense,Marathahalli,12.961741,77.700099,2024-11-29,18:47:07,Medium,Closed,65,Other
FIR00067,Vehicle Theft,Marathahalli,12.960683,77.696255,2025-08-25,05:30:48,Low,Under Investigation,33,Other
FIR00068,Theft,Rajajinagar,12.99051,77.551724,2025-06-19,18:41:28,Low,Under Investigation,54,Female
FIR00069,Murder,MG Road,12.977032,77.600573,2026-07-18,23:14:06,High,Open,50,Female
FIR00070,Assault,Koramangala,12.930333,77.629311,2025-11-03,08:39:24,Medium,Open,46,Male
FIR00071,Assault,BTM Layout,12.920688,77.605201,2026-05-11,21:09:28,Medium,Under Investigation,54,Female
FIR00072,Drug Offense,Rajajinagar,12.987934,77.55719,2026-01-21,13:09:38,Medium,Open,54,Male
FIR00073,Vehicle Theft,Electronic City,12.840185,77.673289,2026-02-10,16:40:52,Low,Closed,54,Male
FIR00074,Assault,Bellandur,12.92739,77.679663,2026-03-12,03:56:12,Medium,Under Investigation,18,Male
FIR00075,Domestic Violence,Jayanagar,12.925777,77.593472,2026-06-09,21:24:06,Medium,Closed,21,Male
FIR00076,Assault,BTM Layout,12.916033,77.608155,2025-06-01,02:59:31,Medium,Open,23,Female
FIR00077,Assault,Indiranagar,12.976149,77.639267,2025-12-01,09:30:58,Medium,Closed,55,Other
FIR00078,Robbery,Electronic City,12.840126,77.672957,2025-08-05,22:07:30,High,Open,63,Female
FIR00079,Theft,Marathahalli,12.956095,77.700581,2026-04-25,14:11:14,Low,Closed,53,Other
FIR00080,Domestic Violence,MG Road,12.974594,77.605224,2024-12-26,23:56:42,Medium,Closed,51,Male
FIR00081,Robbery,Rajajinagar,12.994627,77.554515,2025-01-29,03:28:58,High,Under Investigation,40,Other
FIR00082,Assault,Bellandur,12.930705,77.68053,2025-05-11,18:40:08,Medium,Under Investigation,59,Male
FIR00083,Drug Offense,Yelahanka,13.095898,77.600473,2025-03-27,19:04:56,Medium,Open,32,Other
FIR00084,Assault,Banashankari,12.91386,77.568904,2025-11-23,14:38:35,Medium,Under Investigation,43,Female
FIR00085,Theft,Hebbal,13.034949,77.597855,2025-09-05,14:25:42,Low,Under Investigation,37,Other
FIR00086,Assault,Koramangala,12.934172,77.625133,2026-01-15,07:56:48,Medium,Open,47,Other
FIR00087,Theft,BTM Layout,12.913294,77.609105,2026-02-05,22:02:25,Low,Under Investigation,24,Other
FIR00088,Fraud,Yelahanka,13.100979,77.60098,2025-08-05,14:20:18,Medium,Under Investigation,65,Male
FIR00089,Murder,BTM Layout,12.921278,77.606078,2025-03-27,08:57:34,High,Under Investigation,55,Female
FIR00090,Robbery,Banashankari,12.91848,77.568625,2026-04-09,15:46:29,High,Under Investigation,20,Other
FIR00091,Drug Offense,Electronic City,12.840179,77.67655,2026-04-18,20:31:34,Medium,Under Investigation,51,Male
FIR00092,Fraud,Whitefield,12.971461,77.751723,2026-06-18,15:51:14,Medium,Open,67,Female
FIR00093,Robbery,Bellandur,12.932558,77.678115,2026-07-18,05:19:54,High,Open,30,Male
FIR00094,Kidnapping,Hebbal,13.031974,77.600249,2026-04-15,05:11:34,High,Closed,43,Male
FIR00095,Vehicle Theft,HSR Layout,12.907301,77.649087,2024-10-04,15:25:02,Low,Under Investigation,30,Male
FIR00096,Fraud,Rajajinagar,12.995016,77.549537,2026-01-12,04:15:27,Medium,Open,47,Male
FIR00097,Drug Offense,BTM Layout,12.919986,77.612003,2024-09-09,16:42:32,Medium,Open,60,Male
FIR00098,Drug Offense,Banashankari,12.92215,77.570813,2024-10-12,23:12:45,Medium,Open,50,Other
FIR00099,Domestic Violence,Marathahalli,12.954955,77.698599,2025-06-21,22:29:41,Medium,Open,41,Male
FIR00100,Kidnapping,Koramangala,12.932717,77.626761,2024-10-28,12:42:17,High,Open,57,Other
FIR00101,Domestic Violence,Whitefield,12.971344,77.754384,2025-03-19,00:48:07,Medium,Under Investigation,41,Male
FIR00102,Assault,Malleshwaram,13.000832,77.569138,2024-09-22,03:55:31,Medium,Under Investigation,67,Female
FIR00103,Assault,Electronic City,12.837577,77.67275,2025-11-22,21:01:12,Medium,Open,36,Other
FIR00104,Domestic Violence,Malleshwaram,13.004905,77.572235,2025-02-15,13:33:54,Medium,Under Investigation,70,Male
FIR00105,Cyber Crime,Hebbal,13.039011,77.596246,2025-04-26,08:13:05,Medium,Open,37,Male
FIR00106,Theft,Malleshwaram,13.002125,77.568108,2025-09-13,23:37:17,Low,Under Investigation,19,Male
FIR00107,Assault,Jayanagar,12.92172,77.59508,2026-06-11,16:55:41,Medium,Closed,48,Other
FIR00108,Cyber Crime,Koramangala,12.935329,77.6289,2025-07-08,23:16:13,Medium,Under Investigation,36,Female
FIR00109,Vehicle Theft,Indiranagar,12.9773,77.641894,2024-08-19,03:08:10,Low,Under Investigation,59,Male
FIR00110,Assault,Banashankari,12.923093,77.573428,2026-06-29,12:57:06,Medium,Open,48,Other
FIR00111,Vehicle Theft,Banashankari,12.918834,77.575227,2024-12-10,15:27:50,Low,Under Investigation,52,Female
FIR00112,Domestic Violence,Yelahanka,13.099945,77.599152,2025-04-27,19:18:16,Medium,Closed,48,Female
FIR00113,Assault,Rajajinagar,12.989602,77.550255,2026-05-08,07:35:45,Medium,Open,57,Female
FIR00114,Theft,Rajajinagar,12.98837,77.552897,2024-12-10,01:58:46,Low,Open,21,Other
FIR00115,Assault,Koramangala,12.930716,77.622027,2025-07-01,21:26:07,Medium,Under Investigation,46,Female
FIR00116,Robbery,Jayanagar,12.927544,77.592454,2026-05-30,16:44:33,High,Open,51,Other
FIR00117,Cyber Crime,Jayanagar,12.92278,77.598245,2026-05-29,15:55:46,Medium,Closed,27,Other
FIR00118,Domestic Violence,Koramangala,12.93046,77.623435,2024-11-02,13:56:44,Medium,Open,44,Female
FIR00119,Assault,Yelahanka,13.102114,77.598629,2024-09-05,00:06:19,Medium,Closed,34,Other
FIR00120,Theft,Indiranagar,12.98233,77.639566,2026-05-01,08:09:53,Low,Under Investigation,28,Other
FIR00121,Robbery,Indiranagar,12.976966,77.641856,2025-06-26,22:24:01,High,Open,55,Male
FIR00122,Fraud,Banashankari,12.920247,77.576683,2026-01-22,19:36:35,Medium,Closed,38,Male
FIR00123,Fraud,Hebbal,13.036054,77.596089,2026-04-15,11:50:30,Medium,Under Investigation,32,Other
FIR00124,Vehicle Theft,BTM Layout,12.92064,77.614214,2025-02-09,15:56:59,Low,Closed,35,Female
FIR00125,Robbery,Banashankari,12.920509,77.568796,2025-01-09,22:59:32,High,Closed,45,Female
FIR00126,Kidnapping,Banashankari,12.921017,77.575387,2026-02-05,02:08:30,High,Under Investigation,41,Female
FIR00127,Fraud,BTM Layout,12.916264,77.607112,2024-10-27,20:18:11,Medium,Open,26,Other
FIR00128,Drug Offense,Marathahalli,12.955744,77.697328,2025-11-23,16:22:42,Medium,Closed,38,Other
FIR00129,Drug Offense,Rajajinagar,12.987918,77.557119,2025-01-12,23:58:11,Medium,Under Investigation,69,Other
FIR00130,Cyber Crime,Malleshwaram,13.001755,77.56862,2026-02-12,03:31:31,Medium,Under Investigation,56,Male
FIR00131,Kidnapping,HSR Layout,12.91132,77.646934,2025-06-28,13:42:49,High,Under Investigation,40,Other
FIR00132,Cyber Crime,BTM Layout,12.913025,77.613093,2024-10-24,12:21:16,Medium,Open,20,Female
FIR00133,Assault,Koramangala,12.930838,77.624174,2025-02-28,12:58:03,Medium,Under Investigation,67,Male
FIR00134,Assault,Rajajinagar,12.988927,77.553027,2025-03-23,10:07:41,Medium,Closed,60,Female
FIR00135,Cyber Crime,Marathahalli,12.954937,77.699828,2026-01-04,21:02:28,Medium,Under Investigation,57,Other
FIR00136,Fraud,Rajajinagar,12.986555,77.553762,2026-02-27,15:36:13,Medium,Under Investigation,46,Male
FIR00137,Assault,Marathahalli,12.956249,77.696609,2025-12-29,08:39:08,Medium,Closed,42,Other
FIR00138,Fraud,Indiranagar,12.979637,77.644314,2026-02-20,00:21:50,Medium,Closed,29,Female
FIR00139,Theft,Malleshwaram,12.999462,77.568266,2025-03-25,06:40:50,Low,Closed,41,Male
FIR00140,Drug Offense,Whitefield,12.969009,77.745389,2024-09-20,06:01:14,Medium,Under Investigation,59,Male
FIR00141,Kidnapping,BTM Layout,12.91455,77.605262,2024-08-07,07:46:27,High,Open,60,Other
FIR00142,Murder,Banashankari,12.91758,77.574831,2025-01-23,09:08:12,High,Under Investigation,40,Male
FIR00143,Fraud,BTM Layout,12.919929,77.614215,2025-09-10,10:39:32,Medium,Open,37,Female
FIR00144,Drug Offense,Bellandur,12.931123,77.67764,2025-07-27,19:02:25,Medium,Under Investigation,59,Other
FIR00145,Drug Offense,Hebbal,13.034181,77.601877,2025-06-26,05:05:00,Medium,Open,54,Male
FIR00146,Domestic Violence,Whitefield,12.972343,77.751957,2026-02-12,09:40:39,Medium,Under Investigation,60,Other
FIR00147,Murder,Marathahalli,12.958034,77.697062,2024-09-12,22:34:32,High,Under Investigation,39,Male
FIR00148,Cyber Crime,Malleshwaram,13.001622,77.566023,2025-07-23,23:27:10,Medium,Closed,43,Female
FIR00149,Drug Offense,Koramangala,12.935997,77.623487,2025-03-29,07:14:44,Medium,Closed,62,Female
FIR00150,Robbery,MG Road,12.971712,77.602158,2025-06-19,07:53:44,High,Under Investigation,34,Female
FIR00151,Robbery,Hebbal,13.031985,77.594894,2025-06-11,18:04:03,High,Under Investigation,37,Male
FIR00152,Cyber Crime,Marathahalli,12.961218,77.698795,2024-10-22,15:46:21,Medium,Closed,34,Male
FIR00153,Murder,Whitefield,12.96871,77.750535,2026-01-29,06:30:36,High,Under Investigation,55,Female
FIR00154,Vehicle Theft,Rajajinagar,12.989012,77.549845,2026-01-31,09:49:07,Low,Closed,58,Female
FIR00155,Cyber Crime,Marathahalli,12.956395,77.699691,2025-08-04,16:33:40,Medium,Under Investigation,22,Male
FIR00156,Fraud,Banashankari,12.923307,77.570618,2026-06-23,08:39:04,Medium,Open,60,Male
FIR00157,Murder,Electronic City,12.836459,77.678641,2025-09-14,07:02:33,High,Closed,60,Other
FIR00158,Assault,Jayanagar,12.925633,77.594081,2025-12-01,15:32:46,Medium,Closed,24,Other
FIR00159,Kidnapping,Jayanagar,12.926939,77.594987,2025-12-10,17:01:30,High,Under Investigation,60,Female
FIR00160,Vehicle Theft,Banashankari,12.92003,77.571481,2025-01-27,16:03:59,Low,Closed,44,Female
FIR00161,Robbery,Bellandur,12.927701,77.676169,2026-04-23,18:04:24,High,Closed,37,Other
FIR00162,Fraud,Bellandur,12.930242,77.671947,2026-05-29,16:50:28,Medium,Open,58,Male
FIR00163,Fraud,Indiranagar,12.974206,77.645124,2026-04-09,05:48:35,Medium,Closed,45,Female
FIR00164,Cyber Crime,Electronic City,12.837389,77.6721,2026-03-22,03:28:29,Medium,Open,21,Other
FIR00165,Assault,Malleshwaram,13.002687,77.568086,2024-12-27,12:04:52,Medium,Closed,66,Other
FIR00166,Robbery,Electronic City,12.837701,77.677133,2026-06-22,09:09:35,High,Closed,52,Male
FIR00167,Drug Offense,Hebbal,13.036792,77.594608,2025-07-17,02:44:47,Medium,Closed,19,Other
FIR00168,Cyber Crime,Whitefield,12.968367,77.754395,2025-05-21,08:38:45,Medium,Under Investigation,31,Other
FIR00169,Theft,Bellandur,12.930891,77.678193,2026-03-07,07:51:20,Low,Open,54,Male
FIR00170,Kidnapping,Koramangala,12.93984,77.621439,2025-03-04,12:02:03,High,Under Investigation,66,Other
FIR00171,Vehicle Theft,Electronic City,12.839717,77.676353,2026-02-22,11:09:54,Low,Open,34,Male
FIR00172,Assault,Bellandur,12.923474,77.674997,2025-10-03,11:21:15,Medium,Open,31,Other
FIR00173,Vehicle Theft,Whitefield,12.972982,77.752368,2024-11-24,23:57:45,Low,Open,55,Other
FIR00174,Theft,BTM Layout,12.915436,77.608065,2026-01-30,10:28:43,Low,Open,36,Female
FIR00175,Domestic Violence,Whitefield,12.972946,77.751956,2025-05-09,12:15:06,Medium,Open,49,Male
FIR00176,Cyber Crime,Rajajinagar,12.989259,77.559436,2026-05-20,12:53:56,Medium,Closed,58,Female
FIR00177,Kidnapping,HSR Layout,12.913138,77.648905,2024-09-19,13:05:34,High,Under Investigation,21,Other
FIR00178,Drug Offense,Hebbal,13.038832,77.601323,2024-10-07,06:17:12,Medium,Open,34,Male
FIR00179,Domestic Violence,Bellandur,12.927336,77.674925,2025-06-05,04:21:16,Medium,Open,59,Other
FIR00180,Assault,Banashankari,12.917849,77.570777,2025-06-13,06:10:23,Medium,Under Investigation,50,Male
FIR00181,Domestic Violence,Koramangala,12.934752,77.627789,2025-06-19,13:47:50,Medium,Under Investigation,29,Other
FIR00182,Kidnapping,Bellandur,12.931093,77.675766,2025-09-22,09:57:23,High,Open,70,Male
FIR00183,Robbery,Whitefield,12.974217,77.753812,2026-06-29,20:47:34,High,Under Investigation,42,Male
FIR00184,Theft,Marathahalli,12.960353,77.696623,2024-07-30,23:15:26,Low,Closed,34,Other
FIR00185,Murder,Marathahalli,12.956088,77.696969,2025-03-13,13:34:57,High,Closed,21,Other
FIR00186,Drug Offense,Jayanagar,12.926694,77.59807,2025-08-24,17:11:43,Medium,Open,60,Other
FIR00187,Assault,Marathahalli,12.95635,77.6932,2024-08-25,14:53:47,Medium,Open,35,Female
FIR00188,Vehicle Theft,BTM Layout,12.914176,77.613395,2025-11-22,04:11:09,Low,Open,63,Male
FIR00189,Kidnapping,MG Road,12.974875,77.601564,2025-02-20,00:31:14,High,Under Investigation,42,Other
FIR00190,Kidnapping,Jayanagar,12.925903,77.596443,2025-06-13,08:16:58,High,Closed,58,Male
FIR00191,Murder,BTM Layout,12.917136,77.611714,2026-01-20,07:21:14,High,Closed,44,Female
FIR00192,Kidnapping,Bellandur,12.927672,77.676305,2026-01-31,02:24:09,High,Open,21,Male
FIR00193,Domestic Violence,Rajajinagar,12.993142,77.550205,2025-11-11,04:59:09,Medium,Under Investigation,67,Other
FIR00194,Drug Offense,Rajajinagar,12.994875,77.554989,2025-06-18,19:11:02,Medium,Open,62,Other
FIR00195,Robbery,BTM Layout,12.920806,77.610949,2026-06-06,04:02:56,High,Under Investigation,39,Female
FIR00196,Kidnapping,HSR Layout,12.909805,77.644605,2026-06-06,13:09:37,High,Under Investigation,60,Other
FIR00197,Cyber Crime,Bellandur,12.927247,77.674625,2026-04-01,08:29:34,Medium,Closed,56,Male
FIR00198,Murder,Whitefield,12.968194,77.753519,2024-11-19,23:09:41,High,Closed,48,Female
FIR00199,Vehicle Theft,Whitefield,12.973594,77.753714,2025-12-19,15:42:17,Low,Under Investigation,38,Female
FIR00200,Domestic Violence,Banashankari,12.913517,77.570946,2024-11-12,19:16:49,Medium,Under Investigation,35,Other
FIR00201,Vehicle Theft,Rajajinagar,12.992742,77.557382,2024-10-30,15:36:49,Low,Closed,23,Other
FIR00202,Kidnapping,Hebbal,13.035004,77.593184,2025-03-01,08:28:35,High,Under Investigation,23,Female
FIR00203,Domestic Violence,Hebbal,13.032428,77.601607,2026-03-11,06:57:05,Medium,Closed,29,Other
FIR00204,Vehicle Theft,Marathahalli,12.963673,77.697821,2025-12-13,05:28:02,Low,Open,26,Female
FIR00205,Cyber Crime,HSR Layout,12.912747,77.651902,2026-04-25,08:10:16,Medium,Open,35,Other
FIR00206,Murder,Koramangala,12.937806,77.622749,2025-07-21,16:20:31,High,Closed,51,Other
FIR00207,Assault,Rajajinagar,12.995123,77.552744,2024-12-14,22:54:31,Medium,Closed,22,Male
FIR00208,Cyber Crime,Marathahalli,12.959869,77.695544,2025-10-14,05:38:29,Medium,Under Investigation,59,Other
FIR00209,Cyber Crime,Koramangala,12.940058,77.620511,2025-08-13,20:37:21,Medium,Closed,19,Other
FIR00210,Fraud,BTM Layout,12.912266,77.608109,2025-02-15,16:17:30,Medium,Closed,40,Female
FIR00211,Murder,Malleshwaram,13.001605,77.571928,2025-08-29,21:14:41,High,Under Investigation,53,Other
FIR00212,Murder,Bellandur,12.923357,77.673889,2026-02-09,20:44:45,High,Closed,34,Female
FIR00213,Cyber Crime,Banashankari,12.91352,77.573626,2025-12-05,18:12:50,Medium,Closed,58,Female
FIR00214,Murder,MG Road,12.978174,77.60778,2026-05-17,08:55:32,High,Closed,20,Other
FIR00215,Vehicle Theft,Yelahanka,13.101881,77.600478,2025-01-16,01:14:30,Low,Open,22,Female
FIR00216,Assault,MG Road,12.978363,77.602832,2024-08-22,06:18:39,Medium,Under Investigation,38,Other
FIR00217,Assault,Jayanagar,12.927239,77.59183,2026-02-02,14:05:49,Medium,Closed,39,Other
FIR00218,Robbery,Malleshwaram,13.007668,77.565981,2025-07-05,18:38:38,High,Closed,55,Other
FIR00219,Drug Offense,Hebbal,13.037611,77.601647,2025-05-02,05:15:13,Medium,Closed,41,Female
FIR00220,Kidnapping,Jayanagar,12.923691,77.595897,2026-01-21,21:28:16,High,Open,19,Other
FIR00221,Murder,Jayanagar,12.925287,77.589944,2026-01-23,13:47:49,High,Open,24,Female
FIR00222,Drug Offense,Hebbal,13.031364,77.601456,2024-08-23,09:18:41,Medium,Open,64,Male
FIR00223,Robbery,Hebbal,13.036946,77.600557,2026-06-30,08:05:51,High,Closed,47,Male
FIR00224,Cyber Crime,Electronic City,12.840764,77.673227,2024-08-13,10:36:34,Medium,Under Investigation,39,Female
FIR00225,Domestic Violence,Bellandur,12.928744,77.672606,2024-10-04,11:19:34,Medium,Open,29,Other
FIR00226,Drug Offense,Malleshwaram,13.005905,77.569062,2025-12-23,11:01:57,Medium,Under Investigation,52,Female
FIR00227,Cyber Crime,Hebbal,13.035901,77.60164,2024-09-04,20:14:23,Medium,Under Investigation,32,Male
FIR00228,Cyber Crime,Banashankari,12.923081,77.576898,2024-09-04,14:44:27,Medium,Under Investigation,41,Female
FIR00229,Kidnapping,Yelahanka,13.101488,77.591478,2026-05-10,13:15:24,High,Under Investigation,54,Other
FIR00230,Drug Offense,Yelahanka,13.101533,77.598819,2026-05-19,05:06:08,Medium,Closed,34,Other
FIR00231,Assault,Electronic City,12.835377,77.674606,2025-04-16,08:51:20,Medium,Open,25,Male
FIR00232,Theft,BTM Layout,12.914889,77.605298,2026-04-23,09:21:51,Low,Under Investigation,19,Other
FIR00233,Assault,Banashankari,12.918477,77.576776,2025-04-24,20:02:20,Medium,Closed,19,Female
FIR00234,Drug Offense,Jayanagar,12.925321,77.59241,2025-09-11,02:14:12,Medium,Closed,39,Other
FIR00235,Drug Offense,Banashankari,12.923395,77.570189,2025-03-18,09:58:21,Medium,Under Investigation,37,Male
FIR00236,Robbery,Malleshwaram,13.003383,77.568856,2025-08-03,10:09:34,High,Under Investigation,46,Other
FIR00237,Drug Offense,Hebbal,13.040726,77.60118,2024-10-31,23:23:50,Medium,Open,26,Male
FIR00238,Theft,Indiranagar,12.97477,77.641253,2025-12-01,17:40:15,Low,Under Investigation,36,Male
FIR00239,Domestic Violence,Jayanagar,12.923023,77.596058,2026-06-02,01:10:05,Medium,Under Investigation,20,Other
FIR00240,Drug Offense,Koramangala,12.933822,77.627947,2026-04-15,19:55:34,Medium,Under Investigation,69,Female
FIR00241,Fraud,Rajajinagar,12.991841,77.551938,2026-05-22,06:27:03,Medium,Closed,65,Female
FIR00242,Theft,Electronic City,12.843266,77.68071,2026-05-08,08:55:54,Low,Open,55,Female
FIR00243,Cyber Crime,HSR Layout,12.908591,77.64567,2025-05-15,13:22:11,Medium,Under Investigation,66,Other
FIR00244,Vehicle Theft,MG Road,12.972552,77.608301,2024-09-17,06:35:59,Low,Closed,43,Female
FIR00245,Fraud,Hebbal,13.040291,77.60113,2024-11-27,03:34:55,Medium,Open,39,Male
FIR00246,Drug Offense,HSR Layout,12.911021,77.648809,2026-03-22,05:45:13,Medium,Closed,47,Female
FIR00247,Kidnapping,Whitefield,12.965669,77.753613,2026-01-02,21:29:43,High,Closed,65,Female
FIR00248,Fraud,BTM Layout,12.921024,77.608795,2024-11-25,16:10:56,Medium,Open,46,Male
FIR00249,Assault,Malleshwaram,13.000274,77.566016,2025-03-20,11:49:06,Medium,Open,44,Other
FIR00250,Robbery,Jayanagar,12.921301,77.591254,2025-01-02,22:53:52,High,Closed,29,Male
FIR00251,Vehicle Theft,Jayanagar,12.926245,77.593448,2025-12-29,18:35:30,Low,Under Investigation,64,Female
FIR00252,Cyber Crime,Whitefield,12.965889,77.749756,2026-07-11,17:12:19,Medium,Closed,26,Female
FIR00253,Fraud,Whitefield,12.970237,77.746767,2024-12-21,23:45:30,Medium,Closed,32,Female
FIR00254,Cyber Crime,Rajajinagar,12.994652,77.551782,2025-01-21,22:41:15,Medium,Open,31,Male
FIR00255,Drug Offense,Indiranagar,12.982093,77.644868,2025-08-30,13:01:05,Medium,Under Investigation,33,Other
FIR00256,Assault,Jayanagar,12.920092,77.596875,2025-11-11,07:06:37,Medium,Under Investigation,45,Male
FIR00257,Murder,HSR Layout,12.909347,77.64522,2024-11-29,07:38:46,High,Open,65,Other
FIR00258,Cyber Crime,Malleshwaram,13.003459,77.572254,2025-04-12,05:58:01,Medium,Closed,51,Female
FIR00259,Drug Offense,Jayanagar,12.921951,77.591733,2025-01-05,21:16:30,Medium,Under Investigation,49,Other
FIR00260,Fraud,Electronic City,12.84254,77.672337,2025-11-04,15:32:29,Medium,Closed,60,Male
FIR00261,Domestic Violence,Rajajinagar,12.988044,77.549586,2024-09-11,12:02:33,Medium,Open,56,Other
FIR00262,Cyber Crime,Marathahalli,12.954644,77.695738,2024-12-25,02:28:15,Medium,Closed,59,Female
FIR00263,Domestic Violence,Bellandur,12.92617,77.678292,2025-05-28,13:33:51,Medium,Open,21,Female
FIR00264,Fraud,Yelahanka,13.099312,77.600608,2026-06-15,01:12:28,Medium,Open,56,Male
FIR00265,Theft,Bellandur,12.930597,77.674661,2026-07-23,16:15:23,Low,Open,47,Other
FIR00266,Cyber Crime,Jayanagar,12.922779,77.593058,2026-07-12,02:37:53,Medium,Closed,37,Other
FIR00267,Fraud,Koramangala,12.939873,77.624191,2025-01-14,21:56:57,Medium,Closed,30,Female
FIR00268,Assault,HSR Layout,12.907761,77.643176,2026-03-21,21:03:00,Medium,Closed,54,Other
FIR00269,Kidnapping,HSR Layout,12.915919,77.651448,2026-07-21,19:50:57,High,Open,51,Female
FIR00270,Drug Offense,Malleshwaram,13.002759,77.573181,2025-02-26,20:09:42,Medium,Under Investigation,68,Other
FIR00271,Cyber Crime,Electronic City,12.837013,77.673181,2025-05-08,11:47:32,Medium,Open,64,Other
FIR00272,Kidnapping,Malleshwaram,13.003226,77.57322,2026-06-05,22:52:34,High,Under Investigation,61,Male
FIR00273,Cyber Crime,Bellandur,12.930102,77.680939,2025-12-16,06:29:48,Medium,Under Investigation,35,Female
FIR00274,Assault,Koramangala,12.939454,77.624962,2025-04-21,12:29:19,Medium,Closed,20,Female
FIR00275,Fraud,Malleshwaram,13.003622,77.570909,2025-06-23,15:45:13,Medium,Under Investigation,53,Male
FIR00276,Vehicle Theft,Rajajinagar,12.99225,77.556349,2025-05-06,07:32:16,Low,Closed,65,Male
FIR00277,Vehicle Theft,Jayanagar,12.923603,77.593434,2025-06-27,17:12:11,Low,Under Investigation,20,Female
FIR00278,Domestic Violence,BTM Layout,12.913812,77.611853,2025-07-26,04:53:28,Medium,Open,26,Female
FIR00279,Domestic Violence,Hebbal,13.032088,77.596572,2026-06-29,09:23:19,Medium,Under Investigation,52,Female
FIR00280,Murder,BTM Layout,12.913995,77.61012,2026-02-08,18:32:48,High,Open,60,Male
FIR00281,Kidnapping,Jayanagar,12.926629,77.589789,2026-06-13,20:20:02,High,Closed,65,Other
FIR00282,Kidnapping,MG Road,12.975372,77.601704,2025-01-18,00:36:37,High,Under Investigation,23,Other
FIR00283,Drug Offense,BTM Layout,12.916561,77.613513,2026-03-26,15:40:03,Medium,Open,34,Female
FIR00284,Drug Offense,Electronic City,12.843394,77.67354,2024-09-05,14:48:47,Medium,Under Investigation,47,Male
FIR00285,Domestic Violence,Jayanagar,12.927225,77.596336,2025-08-02,10:20:53,Medium,Under Investigation,20,Other
FIR00286,Domestic Violence,Bellandur,12.927951,77.675157,2024-09-09,07:02:45,Medium,Closed,25,Male
FIR00287,Domestic Violence,Rajajinagar,12.991347,77.555458,2024-11-19,15:23:34,Medium,Under Investigation,20,Other
FIR00288,Assault,BTM Layout,12.915769,77.613323,2025-02-07,01:04:55,Medium,Open,50,Other
FIR00289,Drug Offense,MG Road,12.977336,77.600992,2025-07-20,13:55:23,Medium,Closed,53,Female
FIR00290,Domestic Violence,Koramangala,12.931394,77.626505,2024-11-09,13:42:06,Medium,Open,62,Other
FIR00291,Cyber Crime,Indiranagar,12.977845,77.639665,2026-06-28,03:51:49,Medium,Open,23,Other
FIR00292,Assault,Whitefield,12.966252,77.74837,2026-06-24,06:48:14,Medium,Under Investigation,63,Female
FIR00293,Assault,Hebbal,13.035376,77.595712,2026-06-27,03:47:48,Medium,Open,41,Male
FIR00294,Drug Offense,Jayanagar,12.921326,77.59394,2025-07-08,14:27:34,Medium,Open,67,Female
FIR00295,Kidnapping,Whitefield,12.967178,77.746125,2025-11-09,07:35:58,High,Closed,47,Female
FIR00296,Assault,Hebbal,13.036035,77.601996,2025-10-15,18:01:46,Medium,Open,50,Other
FIR00297,Theft,Koramangala,12.939589,77.619708,2026-04-01,06:57:52,Low,Open,26,Male
FIR00298,Drug Offense,Bellandur,12.932682,77.676278,2024-10-17,10:06:11,Medium,Open,66,Other
FIR00299,Fraud,Bellandur,12.927058,77.67506,2024-09-24,10:13:17,Medium,Open,20,Male
FIR00300,Domestic Violence,Yelahanka,13.102558,77.599215,2026-03-18,07:33:06,Medium,Under Investigation,28,Other
FIR00301,Murder,Banashankari,12.916024,77.570567,2024-11-14,23:18:23,High,Open,19,Female
FIR00302,Theft,Marathahalli,12.963766,77.6964,2026-05-15,12:22:02,Low,Under Investigation,62,Female
FIR00303,Theft,Electronic City,12.844183,77.672467,2025-03-30,06:50:55,Low,Under Investigation,52,Female
FIR00304,Fraud,Hebbal,13.03752,77.59422,2026-06-07,15:37:44,Medium,Closed,36,Female
FIR00305,Domestic Violence,Marathahalli,12.962282,77.694028,2025-11-10,06:11:28,Medium,Closed,36,Other
FIR00306,Murder,HSR Layout,12.909235,77.644282,2025-06-20,14:53:01,High,Closed,61,Other
FIR00307,Domestic Violence,Electronic City,12.844516,77.676656,2025-07-25,17:50:29,Medium,Under Investigation,65,Male
FIR00308,Vehicle Theft,Rajajinagar,12.992241,77.551248,2026-02-09,13:44:09,Low,Under Investigation,20,Female
FIR00309,Robbery,Indiranagar,12.980224,77.63938,2025-06-22,00:29:17,High,Open,27,Other
FIR00310,Domestic Violence,Hebbal,13.035218,77.60048,2024-11-24,05:39:28,Medium,Closed,18,Male
FIR00311,Assault,Malleshwaram,13.002161,77.568244,2025-05-14,00:08:31,Medium,Open,37,Other
FIR00312,Kidnapping,Rajajinagar,12.995143,77.554604,2025-12-30,14:17:31,High,Closed,52,Other
FIR00313,Vehicle Theft,Yelahanka,13.103895,77.596915,2026-04-12,20:32:33,Low,Closed,53,Other
FIR00314,Vehicle Theft,Rajajinagar,12.991504,77.55671,2026-02-03,19:14:22,Low,Under Investigation,38,Female
FIR00315,Domestic Violence,Bellandur,12.926015,77.680415,2025-12-27,17:05:07,Medium,Open,38,Other
FIR00316,Vehicle Theft,HSR Layout,12.908444,77.650166,2024-09-15,11:55:17,Low,Under Investigation,41,Male
FIR00317,Drug Offense,BTM Layout,12.917255,77.612142,2026-06-07,02:33:58,Medium,Closed,55,Male
FIR00318,Domestic Violence,Marathahalli,12.956862,77.700687,2025-04-28,12:55:48,Medium,Open,53,Female
FIR00319,Cyber Crime,Yelahanka,13.104598,77.60084,2025-05-03,09:22:57,Medium,Open,19,Male
FIR00320,Drug Offense,Malleshwaram,12.999278,77.568679,2026-05-18,03:27:59,Medium,Open,26,Female
FIR00321,Theft,Indiranagar,12.97396,77.636325,2025-09-20,15:09:36,Low,Open,65,Male
FIR00322,Fraud,Indiranagar,12.980351,77.641731,2025-12-10,07:04:38,Medium,Closed,33,Female
FIR00323,Kidnapping,Rajajinagar,12.991775,77.558395,2026-07-06,07:28:40,High,Open,28,Other
FIR00324,Vehicle Theft,Rajajinagar,12.994961,77.550914,2025-01-07,02:05:29,Low,Open,62,Other
FIR00325,Drug Offense,Rajajinagar,12.996349,77.552146,2026-06-03,22:41:08,Medium,Open,23,Female
FIR00326,Kidnapping,Marathahalli,12.954823,77.699054,2026-02-01,19:43:39,High,Closed,30,Female
FIR00327,Murder,Electronic City,12.838595,77.675355,2024-12-23,16:47:23,High,Open,31,Other
FIR00328,Assault,Rajajinagar,12.992793,77.552484,2024-10-29,16:15:54,Medium,Closed,51,Other
FIR00329,Vehicle Theft,Electronic City,12.84454,77.681129,2026-01-01,04:02:01,Low,Under Investigation,24,Other
FIR00330,Domestic Violence,HSR Layout,12.90826,77.648691,2025-06-19,08:15:53,Medium,Closed,34,Male
FIR00331,Domestic Violence,HSR Layout,12.911532,77.64906,2024-10-09,00:45:47,Medium,Closed,39,Female
FIR00332,Vehicle Theft,Indiranagar,12.978027,77.643298,2026-01-31,18:30:56,Low,Under Investigation,38,Male
FIR00333,Murder,Rajajinagar,12.994046,77.552691,2024-08-19,06:20:22,High,Open,59,Female
FIR00334,Kidnapping,Yelahanka,13.105393,77.600414,2025-02-24,16:15:25,High,Under Investigation,45,Male
FIR00335,Kidnapping,Indiranagar,12.980688,77.638163,2026-02-25,13:57:20,High,Closed,59,Female
FIR00336,Domestic Violence,HSR Layout,12.912755,77.642613,2024-09-14,09:50:25,Medium,Closed,39,Other
FIR00337,Assault,Jayanagar,12.929215,77.593635,2026-01-11,00:34:39,Medium,Closed,38,Other
FIR00338,Robbery,Koramangala,12.939294,77.621444,2025-05-27,15:20:31,High,Open,37,Other
FIR00339,Vehicle Theft,Koramangala,12.935306,77.627189,2025-03-05,13:41:21,Low,Under Investigation,21,Female
FIR00340,Cyber Crime,BTM Layout,12.91892,77.612621,2026-02-22,04:52:30,Medium,Open,20,Other
FIR00341,Robbery,BTM Layout,12.920388,77.613178,2026-04-01,08:44:34,High,Closed,62,Male
FIR00342,Theft,Jayanagar,12.927329,77.593381,2025-07-13,07:45:11,Low,Under Investigation,25,Other
FIR00343,Murder,Marathahalli,12.958984,77.702005,2025-01-30,12:53:42,High,Open,38,Female
FIR00344,Domestic Violence,MG Road,12.978514,77.608655,2026-03-28,05:25:25,Medium,Open,35,Female
FIR00345,Robbery,Malleshwaram,13.002996,77.565718,2024-08-26,12:08:18,High,Under Investigation,49,Other
FIR00346,Robbery,Whitefield,12.970769,77.753299,2026-01-25,01:41:21,High,Open,33,Other
FIR00347,Assault,Bellandur,12.929573,77.67956,2026-04-05,07:32:35,Medium,Under Investigation,57,Female
FIR00348,Theft,Marathahalli,12.961301,77.695557,2025-10-09,16:31:43,Low,Closed,64,Other
FIR00349,Robbery,Marathahalli,12.955437,77.693794,2024-11-25,18:38:00,High,Open,56,Female
FIR00350,Fraud,Marathahalli,12.963248,77.693164,2025-02-10,09:19:12,Medium,Closed,23,Other
FIR00351,Vehicle Theft,Rajajinagar,12.994097,77.554255,2026-05-26,14:20:13,Low,Open,25,Other
FIR00352,Cyber Crime,Banashankari,12.922043,77.570514,2024-12-03,15:19:25,Medium,Closed,44,Male
FIR00353,Drug Offense,MG Road,12.973468,77.609606,2026-02-18,00:54:29,Medium,Open,24,Other
FIR00354,Theft,Whitefield,12.966685,77.751022,2024-08-08,05:06:50,Low,Closed,61,Female
FIR00355,Drug Offense,Rajajinagar,12.993363,77.552585,2026-04-25,04:43:05,Medium,Open,60,Female
FIR00356,Murder,MG Road,12.974128,77.609726,2025-03-10,10:02:01,High,Under Investigation,30,Male
FIR00357,Kidnapping,BTM Layout,12.919467,77.610474,2025-08-22,18:07:38,High,Open,59,Male
FIR00358,Robbery,Whitefield,12.965501,77.753941,2025-02-01,02:42:46,High,Under Investigation,64,Female
FIR00359,Robbery,BTM Layout,12.913816,77.608515,2025-05-08,04:09:37,High,Under Investigation,63,Male
FIR00360,Vehicle Theft,Electronic City,12.843907,77.68041,2025-02-17,18:59:06,Low,Under Investigation,51,Other
FIR00361,Assault,BTM Layout,12.918479,77.610684,2024-08-30,17:36:45,Medium,Under Investigation,32,Female
FIR00362,Cyber Crime,Indiranagar,12.982382,77.641663,2025-08-20,21:12:09,Medium,Closed,38,Female
FIR00363,Drug Offense,Yelahanka,13.098621,77.596275,2026-04-21,13:17:26,Medium,Under Investigation,31,Male
FIR00364,Vehicle Theft,HSR Layout,12.915956,77.649988,2025-09-07,11:41:20,Low,Open,61,Female
FIR00365,Kidnapping,HSR Layout,12.908419,77.645252,2026-05-17,09:01:42,High,Open,29,Female
FIR00366,Theft,Jayanagar,12.929353,77.590636,2024-11-22,09:20:35,Low,Open,32,Male
FIR00367,Domestic Violence,HSR Layout,12.913806,77.645182,2025-05-30,15:03:09,Medium,Open,55,Female
FIR00368,Theft,MG Road,12.979417,77.601489,2024-08-02,12:36:56,Low,Closed,68,Male
FIR00369,Fraud,BTM Layout,12.918595,77.610644,2025-07-31,18:16:16,Medium,Open,27,Other
FIR00370,Theft,Hebbal,13.037584,77.59733,2024-10-16,23:55:47,Low,Open,18,Male
FIR00371,Murder,Hebbal,13.040053,77.599165,2025-11-25,18:55:04,High,Open,69,Female
FIR00372,Drug Offense,HSR Layout,12.910008,77.643879,2026-01-26,19:31:46,Medium,Open,57,Male
FIR00373,Cyber Crime,Jayanagar,12.920286,77.595773,2026-06-21,04:25:24,Medium,Closed,49,Female
FIR00374,Fraud,Indiranagar,12.982147,77.642653,2025-03-14,20:32:54,Medium,Under Investigation,58,Male
FIR00375,Theft,Yelahanka,13.105321,77.595625,2026-02-08,07:28:24,Low,Under Investigation,69,Male
FIR00376,Murder,Whitefield,12.974129,77.750266,2025-02-23,18:05:47,High,Open,42,Female
FIR00377,Cyber Crime,Whitefield,12.972096,77.754534,2026-07-10,04:22:11,Medium,Open,63,Male
FIR00378,Robbery,Indiranagar,12.97834,77.638174,2025-05-13,13:07:19,High,Open,29,Other
FIR00379,Kidnapping,Bellandur,12.930958,77.672477,2025-07-10,20:26:55,High,Open,50,Other
FIR00380,Cyber Crime,Whitefield,12.970496,77.751574,2025-11-23,21:13:57,Medium,Closed,22,Female
FIR00381,Theft,HSR Layout,12.911568,77.648132,2025-02-28,18:50:40,Low,Open,67,Female
FIR00382,Theft,Indiranagar,12.982104,77.644606,2025-04-11,14:14:59,Low,Open,68,Female
FIR00383,Theft,Marathahalli,12.954891,77.695169,2025-05-26,10:38:37,Low,Open,26,Male
FIR00384,Vehicle Theft,Koramangala,12.934463,77.62451,2025-03-15,06:51:58,Low,Under Investigation,37,Female
FIR00385,Murder,Banashankari,12.914169,77.578094,2025-10-06,02:33:57,High,Closed,40,Other
FIR00386,Fraud,MG Road,12.977481,77.604707,2026-02-08,18:07:04,Medium,Open,21,Female
FIR00387,Kidnapping,Rajajinagar,12.987687,77.555194,2025-10-16,20:17:42,High,Open,21,Other
FIR00388,Cyber Crime,HSR Layout,12.911855,77.650908,2025-08-20,21:44:11,Medium,Open,37,Female
FIR00389,Assault,Banashankari,12.913652,77.573502,2026-05-28,00:02:50,Medium,Closed,32,Female
FIR00390,Assault,Bellandur,12.922983,77.67607,2026-06-22,05:21:17,Medium,Open,58,Other
FIR00391,Kidnapping,Marathahalli,12.957096,77.699673,2025-10-16,08:19:39,High,Open,51,Male
FIR00392,Drug Offense,Koramangala,12.932664,77.620024,2026-02-17,09:07:17,Medium,Closed,32,Female
FIR00393,Drug Offense,Rajajinagar,12.991165,77.559273,2025-04-11,10:07:21,Medium,Closed,31,Female
FIR00394,Domestic Violence,Rajajinagar,12.987271,77.556048,2024-10-08,00:10:57,Medium,Closed,38,Male
FIR00395,Theft,Electronic City,12.844072,77.67891,2026-04-07,06:40:35,Low,Open,31,Other
FIR00396,Cyber Crime,Yelahanka,13.097866,77.595906,2026-01-17,17:25:08,Medium,Under Investigation,39,Female
FIR00397,Murder,Hebbal,13.036024,77.598301,2026-02-05,09:49:42,High,Closed,64,Female
FIR00398,Cyber Crime,Indiranagar,12.982405,77.641478,2025-10-25,23:21:25,Medium,Open,31,Female
FIR00399,Murder,HSR Layout,12.911576,77.651586,2025-11-19,09:24:06,High,Closed,30,Other
FIR00400,Kidnapping,Rajajinagar,12.989419,77.556608,2026-02-26,03:47:44,High,Under Investigation,29,Male
FIR00401,Murder,Hebbal,13.037772,77.598868,2024-09-14,12:42:25,High,Open,36,Female
FIR00402,Fraud,Indiranagar,12.978223,77.645441,2026-04-23,13:46:27,Medium,Open,25,Female
FIR00403,Murder,HSR Layout,12.907219,77.642432,2026-06-12,17:11:46,High,Open,65,Female
FIR00404,Domestic Violence,Marathahalli,12.958386,77.69686,2025-01-11,12:14:42,Medium,Under Investigation,66,Other
FIR00405,Murder,Malleshwaram,13.007704,77.569336,2026-05-13,02:34:32,High,Under Investigation,67,Other
FIR00406,Kidnapping,Whitefield,12.968329,77.749998,2026-03-23,09:26:32,High,Closed,48,Male
FIR00407,Kidnapping,Indiranagar,12.982849,77.643206,2024-11-02,06:46:50,High,Under Investigation,26,Female
FIR00408,Murder,Hebbal,13.033895,77.593581,2025-08-01,05:05:40,High,Closed,38,Other
FIR00409,Cyber Crime,Indiranagar,12.974078,77.639134,2026-07-22,10:01:35,Medium,Open,25,Male
FIR00410,Cyber Crime,Yelahanka,13.095822,77.591425,2024-09-13,04:58:46,Medium,Open,32,Male
FIR00411,Cyber Crime,Bellandur,12.931367,77.67369,2025-04-02,20:47:59,Medium,Closed,23,Other
FIR00412,Robbery,Koramangala,12.931462,77.621026,2024-12-09,23:46:51,High,Closed,69,Other
FIR00413,Vehicle Theft,Jayanagar,12.926139,77.592673,2025-03-23,13:18:00,Low,Closed,43,Other
FIR00414,Murder,Whitefield,12.967789,77.745024,2026-01-26,15:14:15,High,Closed,52,Male
FIR00415,Drug Offense,Indiranagar,12.973728,77.641866,2024-09-28,15:05:37,Medium,Open,40,Female
FIR00416,Murder,Bellandur,12.926076,77.676874,2026-04-27,04:40:57,High,Closed,24,Female
FIR00417,Vehicle Theft,Indiranagar,12.983273,77.638161,2025-06-21,22:15:56,Low,Open,60,Male
FIR00418,Drug Offense,BTM Layout,12.920794,77.61353,2025-04-30,15:42:46,Medium,Closed,37,Female
FIR00419,Theft,Banashankari,12.914014,77.572998,2024-12-31,22:38:05,Low,Under Investigation,63,Male
FIR00420,Vehicle Theft,Malleshwaram,13.004844,77.567969,2026-01-01,22:19:07,Low,Open,52,Other
FIR00421,Theft,Koramangala,12.935786,77.628665,2024-09-20,13:59:14,Low,Closed,70,Male
FIR00422,Theft,BTM Layout,12.920281,77.608139,2025-07-28,11:28:16,Low,Closed,57,Male
FIR00423,Assault,Koramangala,12.935514,77.626971,2025-06-07,08:16:40,Medium,Closed,50,Male
FIR00424,Cyber Crime,Marathahalli,12.96175,77.694492,2026-01-09,13:11:56,Medium,Closed,64,Other
FIR00425,Cyber Crime,Rajajinagar,12.993076,77.553587,2025-12-03,11:47:21,Medium,Under Investigation,29,Female
FIR00426,Robbery,Yelahanka,13.097482,77.598606,2026-04-01,12:05:07,High,Closed,55,Female
FIR00427,Vehicle Theft,Whitefield,12.971763,77.752804,2024-11-12,10:28:45,Low,Open,38,Female
FIR00428,Robbery,MG Road,12.97713,77.606799,2025-04-07,12:48:33,High,Closed,69,Other
FIR00429,Murder,BTM Layout,12.913873,77.611632,2025-06-18,17:31:32,High,Under Investigation,30,Male
FIR00430,Fraud,Banashankari,12.92083,77.574146,2026-01-20,05:28:20,Medium,Open,47,Other
FIR00431,Assault,Koramangala,12.939024,77.621238,2024-08-11,01:41:11,Medium,Open,52,Other
FIR00432,Theft,Electronic City,12.844812,77.680418,2025-12-20,19:54:36,Low,Closed,46,Female
FIR00433,Robbery,BTM Layout,12.917059,77.613132,2026-07-02,10:08:36,High,Under Investigation,57,Other
FIR00434,Theft,MG Road,12.970777,77.607657,2024-09-01,09:30:02,Low,Open,55,Other
FIR00435,Kidnapping,Electronic City,12.842548,77.680521,2025-02-17,22:26:40,High,Closed,39,Other
FIR00436,Drug Offense,Rajajinagar,12.995358,77.555793,2026-03-22,18:13:03,Medium,Under Investigation,54,Male
FIR00437,Cyber Crime,Malleshwaram,13.001613,77.574928,2025-04-02,22:18:45,Medium,Open,47,Male
FIR00438,Murder,Koramangala,12.934785,77.619888,2025-07-21,14:53:59,High,Under Investigation,59,Male
FIR00439,Drug Offense,Hebbal,13.037349,77.597257,2024-08-21,03:46:11,Medium,Open,56,Male
FIR00440,Drug Offense,Bellandur,12.926573,77.67538,2025-06-30,12:47:51,Medium,Open,29,Other
FIR00441,Theft,Rajajinagar,12.987217,77.554245,2025-06-24,11:53:09,Low,Under Investigation,20,Male
FIR00442,Theft,Banashankari,12.919104,77.577092,2024-09-26,02:50:24,Low,Closed,33,Male
FIR00443,Murder,Marathahalli,12.963079,77.692463,2025-12-13,09:59:58,High,Under Investigation,63,Female
FIR00444,Drug Offense,Banashankari,12.916032,77.573168,2026-02-16,10:22:54,Medium,Under Investigation,61,Other
FIR00445,Drug Offense,BTM Layout,12.916642,77.611117,2025-12-12,08:37:25,Medium,Closed,46,Male
FIR00446,Kidnapping,Bellandur,12.926305,77.680336,2025-08-13,22:46:50,High,Open,60,Female
FIR00447,Kidnapping,Yelahanka,13.100266,77.597473,2025-05-09,17:37:58,High,Closed,25,Female
FIR00448,Fraud,Whitefield,12.970095,77.751829,2025-04-02,17:25:44,Medium,Under Investigation,26,Male
FIR00449,Murder,Indiranagar,12.979973,77.639215,2026-06-28,10:52:55,High,Open,54,Other
FIR00450,Assault,Bellandur,12.930156,77.677624,2025-04-23,10:34:48,Medium,Open,21,Other
FIR00451,Murder,Marathahalli,12.955174,77.69752,2025-02-17,14:01:12,High,Closed,56,Female
FIR00452,Fraud,Marathahalli,12.955982,77.696689,2024-09-20,16:16:22,Medium,Under Investigation,43,Male
FIR00453,Kidnapping,Electronic City,12.838589,77.677974,2025-07-06,23:34:45,High,Under Investigation,49,Female
FIR00454,Vehicle Theft,Malleshwaram,13.002966,77.571332,2025-01-17,12:50:09,Low,Closed,50,Female
FIR00455,Vehicle Theft,Jayanagar,12.920616,77.593693,2025-01-22,20:49:43,Low,Closed,33,Other
FIR00456,Robbery,Bellandur,12.925217,77.679724,2025-04-18,18:10:39,High,Open,25,Female
FIR00457,Cyber Crime,Marathahalli,12.95503,77.692996,2025-11-17,21:49:13,Medium,Under Investigation,67,Male
FIR00458,Fraud,Indiranagar,12.97961,77.642528,2024-12-13,22:06:14,Medium,Closed,31,Other
FIR00459,Drug Offense,Rajajinagar,12.986709,77.55866,2024-10-22,09:52:13,Medium,Open,23,Male
FIR00460,Kidnapping,Hebbal,13.034437,77.592168,2025-05-18,03:07:58,High,Under Investigation,67,Male
FIR00461,Murder,Banashankari,12.922022,77.572344,2024-09-29,18:28:06,High,Under Investigation,31,Male
FIR00462,Theft,Rajajinagar,12.9934,77.556161,2024-10-10,00:10:34,Low,Open,43,Female
FIR00463,Fraud,Marathahalli,12.961067,77.69869,2025-05-07,17:15:23,Medium,Open,44,Other
FIR00464,Vehicle Theft,Malleshwaram,13.003674,77.569137,2026-06-20,07:33:29,Low,Under Investigation,60,Male
FIR00465,Vehicle Theft,Yelahanka,13.099665,77.600825,2025-10-11,06:33:44,Low,Under Investigation,61,Male
FIR00466,Robbery,Rajajinagar,12.989057,77.555528,2026-03-05,21:50:22,High,Open,61,Female
FIR00467,Vehicle Theft,BTM Layout,12.91889,77.613981,2026-04-28,15:45:54,Low,Under Investigation,52,Male
FIR00468,Vehicle Theft,HSR Layout,12.90831,77.645738,2025-01-11,11:35:49,Low,Closed,51,Other
FIR00469,Murder,Whitefield,12.97307,77.752898,2026-03-04,23:04:48,High,Open,67,Other
FIR00470,Theft,MG Road,12.973485,77.606155,2025-01-16,11:01:24,Low,Under Investigation,65,Female
FIR00471,Fraud,Bellandur,12.925524,77.671218,2025-05-16,11:14:59,Medium,Closed,59,Male
FIR00472,Kidnapping,Rajajinagar,12.991056,77.55917,2025-08-03,23:35:29,High,Open,42,Other
FIR00473,Theft,Yelahanka,13.103545,77.598369,2025-02-02,02:48:44,Low,Under Investigation,29,Female
FIR00474,Assault,Bellandur,12.926962,77.671431,2024-09-11,18:55:07,Medium,Closed,57,Female
FIR00475,Murder,MG Road,12.976418,77.603561,2025-12-20,09:52:04,High,Under Investigation,67,Other
FIR00476,Vehicle Theft,Bellandur,12.931472,77.673819,2024-09-17,13:29:26,Low,Under Investigation,52,Female
FIR00477,Murder,Hebbal,13.039505,77.593854,2026-01-24,17:47:12,High,Open,23,Male
FIR00478,Robbery,MG Road,12.979604,77.602022,2025-12-22,10:43:26,High,Open,42,Male
FIR00479,Domestic Violence,Electronic City,12.842008,77.677825,2025-10-21,08:49:58,Medium,Open,29,Other
FIR00480,Domestic Violence,Jayanagar,12.927794,77.597613,2024-08-04,03:20:43,Medium,Under Investigation,57,Other
FIR00481,Fraud,Bellandur,12.93157,77.672269,2025-09-24,16:03:07,Medium,Open,30,Male
FIR00482,Kidnapping,Banashankari,12.915202,77.572919,2025-02-14,04:11:13,High,Open,25,Other
FIR00483,Fraud,Marathahalli,12.962078,77.698883,2026-01-26,15:23:35,Medium,Under Investigation,23,Male
FIR00484,Kidnapping,Bellandur,12.925459,77.680794,2024-11-04,04:17:50,High,Closed,34,Male
FIR00485,Vehicle Theft,HSR Layout,12.908503,77.642529,2025-09-30,05:07:47,Low,Under Investigation,39,Male
FIR00486,Robbery,Electronic City,12.842372,77.677645,2025-09-10,03:38:39,High,Closed,67,Female
FIR00487,Domestic Violence,Yelahanka,13.102606,77.599184,2026-06-22,09:44:55,Medium,Open,69,Female
FIR00488,Kidnapping,Jayanagar,12.924789,77.59849,2026-03-25,03:34:51,High,Closed,58,Male
FIR00489,Theft,Marathahalli,12.95864,77.699832,2025-09-19,05:57:57,Low,Closed,45,Male
FIR00490,Murder,Whitefield,12.965343,77.748028,2025-02-16,16:17:23,High,Closed,65,Female
FIR00491,Murder,HSR Layout,12.907589,77.651194,2026-04-17,03:18:49,High,Under Investigation,40,Other
FIR00492,Kidnapping,Whitefield,12.972286,77.747075,2025-12-28,23:26:26,High,Open,70,Male
FIR00493,Kidnapping,BTM Layout,12.916539,77.609964,2026-04-25,13:52:47,High,Open,66,Male
FIR00494,Assault,Whitefield,12.966808,77.753639,2025-09-12,12:35:26,Medium,Under Investigation,30,Other
FIR00495,Robbery,Hebbal,13.034072,77.601516,2025-04-11,07:00:47,High,Closed,53,Other
FIR00496,Assault,Koramangala,12.935344,77.628073,2026-03-27,20:55:31,Medium,Closed,27,Male
FIR00497,Kidnapping,HSR Layout,12.914413,77.648594,2025-06-30,07:21:40,High,Open,56,Male
FIR00498,Murder,Whitefield,12.966365,77.751175,2025-01-31,22:58:38,High,Open,57,Other
FIR00499,Murder,Jayanagar,12.923278,77.598434,2026-06-25,03:50:34,High,Under Investigation,30,Female
FIR00500,Fraud,Banashankari,12.921216,77.571591,2024-09-18,03:30:19,Medium,Closed,60,Other
FIR00501,Murder,Electronic City,12.836749,77.681915,2026-02-19,00:36:39,High,Under Investigation,27,Other
FIR00502,Kidnapping,Rajajinagar,12.991538,77.553824,2026-03-18,06:42:51,High,Open,35,Male
FIR00503,Drug Offense,BTM Layout,12.91477,77.612775,2025-04-12,07:53:01,Medium,Closed,41,Other
FIR00504,Kidnapping,Malleshwaram,13.00035,77.568447,2026-02-04,09:20:15,High,Open,54,Female
FIR00505,Cyber Crime,Jayanagar,12.929832,77.58996,2024-09-04,02:26:16,Medium,Closed,66,Male
FIR00506,Assault,Koramangala,12.938821,77.627587,2025-06-08,08:22:54,Medium,Under Investigation,24,Male
FIR00507,Fraud,Hebbal,13.040743,77.598017,2025-07-06,19:19:41,Medium,Under Investigation,32,Male
FIR00508,Murder,Marathahalli,12.95951,77.695127,2026-05-29,08:50:40,High,Open,18,Female
FIR00509,Assault,HSR Layout,12.907552,77.649388,2024-08-23,08:40:18,Medium,Closed,38,Female
FIR00510,Theft,Electronic City,12.83639,77.67257,2025-06-14,17:38:31,Low,Closed,62,Male
FIR00511,Robbery,Banashankari,12.915823,77.576524,2024-08-21,06:33:53,High,Open,21,Other
FIR00512,Fraud,Yelahanka,13.10493,77.594762,2025-02-24,18:54:00,Medium,Under Investigation,57,Male
FIR00513,Fraud,HSR Layout,12.909854,77.643609,2025-03-06,23:49:45,Medium,Under Investigation,54,Other
FIR00514,Cyber Crime,Hebbal,13.038963,77.597135,2024-08-02,09:29:53,Medium,Under Investigation,32,Other
FIR00515,Murder,Electronic City,12.844671,77.674433,2025-08-17,20:11:31,High,Open,43,Female
FIR00516,Vehicle Theft,Bellandur,12.92857,77.675858,2025-09-02,01:18:03,Low,Open,60,Male
FIR00517,Drug Offense,Jayanagar,12.929569,77.595292,2025-07-12,14:31:28,Medium,Open,36,Male
FIR00518,Theft,Koramangala,12.932509,77.62737,2026-02-13,09:16:41,Low,Open,54,Male
FIR00519,Fraud,Banashankari,12.916775,77.576198,2025-01-23,23:53:41,Medium,Under Investigation,49,Female
FIR00520,Robbery,Malleshwaram,13.007026,77.572956,2025-09-25,08:24:59,High,Closed,68,Male
FIR00521,Vehicle Theft,BTM Layout,12.912801,77.607346,2025-08-16,23:15:37,Low,Under Investigation,59,Other
FIR00522,Assault,MG Road,12.97094,77.606269,2024-10-18,01:32:00,Medium,Under Investigation,39,Other
FIR00523,Drug Offense,Koramangala,12.936514,77.62027,2025-06-30,00:02:43,Medium,Under Investigation,20,Other
FIR00524,Assault,Indiranagar,12.977016,77.642053,2026-07-21,10:19:25,Medium,Under Investigation,70,Other
FIR00525,Assault,Hebbal,13.034658,77.598701,2025-05-05,09:40:32,Medium,Closed,33,Male
FIR00526,Assault,Marathahalli,12.960913,77.697655,2025-04-18,07:04:28,Medium,Closed,21,Other
FIR00527,Cyber Crime,Indiranagar,12.975867,77.64489,2026-05-18,19:28:28,Medium,Closed,21,Male
FIR00528,Robbery,Koramangala,12.936423,77.620336,2025-07-13,14:17:55,High,Under Investigation,53,Male
FIR00529,Vehicle Theft,Indiranagar,12.977081,77.643207,2025-09-19,22:29:35,Low,Open,65,Female
FIR00530,Domestic Violence,Bellandur,12.930898,77.674466,2025-01-21,17:08:29,Medium,Under Investigation,28,Other
FIR00531,Domestic Violence,Malleshwaram,12.999948,77.571126,2025-11-30,16:56:55,Medium,Open,67,Female
FIR00532,Cyber Crime,BTM Layout,12.917137,77.608887,2025-06-24,11:29:13,Medium,Under Investigation,67,Other
FIR00533,Drug Offense,HSR Layout,12.907381,77.646957,2024-11-20,17:56:24,Medium,Under Investigation,25,Female
FIR00534,Drug Offense,HSR Layout,12.915036,77.651653,2025-01-03,04:32:37,Medium,Open,43,Male
FIR00535,Vehicle Theft,Yelahanka,13.101359,77.593673,2025-09-01,10:33:48,Low,Closed,38,Female
FIR00536,Assault,Hebbal,13.036847,77.592001,2025-09-11,11:32:23,Medium,Under Investigation,59,Other
FIR00537,Murder,Banashankari,12.913522,77.571452,2026-01-29,12:25:12,High,Open,38,Other
FIR00538,Fraud,Koramangala,12.937525,77.619683,2025-06-19,12:36:26,Medium,Under Investigation,34,Other
FIR00539,Robbery,Hebbal,13.03857,77.592053,2025-01-12,17:53:01,High,Under Investigation,31,Male
FIR00540,Fraud,Bellandur,12.932137,77.676611,2024-11-22,15:25:43,Medium,Under Investigation,52,Other
FIR00541,Theft,Whitefield,12.974016,77.746655,2024-08-08,01:21:48,Low,Under Investigation,59,Male
FIR00542,Kidnapping,BTM Layout,12.912614,77.608148,2025-06-20,19:14:29,High,Open,46,Male
FIR00543,Domestic Violence,Banashankari,12.920671,77.571597,2025-08-05,16:13:57,Medium,Under Investigation,35,Other
FIR00544,Kidnapping,BTM Layout,12.921506,77.607714,2025-04-23,11:10:28,High,Open,23,Male
FIR00545,Cyber Crime,Hebbal,13.032769,77.593563,2025-06-05,10:49:22,Medium,Under Investigation,34,Male
FIR00546,Domestic Violence,Rajajinagar,12.989298,77.553654,2025-08-03,00:21:17,Medium,Under Investigation,42,Other
FIR00547,Fraud,Whitefield,12.968963,77.752064,2025-12-07,06:13:44,Medium,Under Investigation,38,Other
FIR00548,Murder,Malleshwaram,13.005229,77.565779,2025-04-18,15:27:16,High,Under Investigation,46,Female
FIR00549,Fraud,Koramangala,12.933598,77.627391,2025-11-20,15:26:18,Medium,Open,45,Other
FIR00550,Vehicle Theft,Hebbal,13.031843,77.592975,2025-03-26,06:28:32,Low,Closed,20,Male
FIR00551,Assault,Hebbal,13.032485,77.599307,2025-02-12,14:24:04,Medium,Under Investigation,70,Male
FIR00552,Theft,Rajajinagar,12.993682,77.55514,2025-08-02,22:59:10,Low,Under Investigation,50,Other
FIR00553,Vehicle Theft,Marathahalli,12.954991,77.6998,2026-02-24,22:08:31,Low,Under Investigation,49,Male
FIR00554,Theft,BTM Layout,12.919608,77.609717,2026-06-26,22:56:57,Low,Closed,34,Female
FIR00555,Robbery,Koramangala,12.9318,77.62735,2024-09-06,15:35:01,High,Closed,65,Male
FIR00556,Robbery,Hebbal,13.034839,77.593442,2025-08-26,18:55:04,High,Closed,50,Male
FIR00557,Vehicle Theft,Banashankari,12.917095,77.572114,2025-10-21,15:03:50,Low,Under Investigation,52,Male
FIR00558,Drug Offense,HSR Layout,12.911247,77.646207,2024-12-22,17:35:16,Medium,Closed,69,Male
FIR00559,Fraud,Whitefield,12.971541,77.744942,2025-09-25,22:41:39,Medium,Open,26,Male
FIR00560,Domestic Violence,HSR Layout,12.912967,77.651493,2025-06-17,02:09:34,Medium,Closed,45,Other
FIR00561,Theft,Jayanagar,12.922414,77.595023,2025-03-30,03:10:39,Low,Open,67,Male
FIR00562,Assault,Bellandur,12.927997,77.676385,2024-08-30,12:47:53,Medium,Open,35,Other
FIR00563,Vehicle Theft,Rajajinagar,12.991019,77.558936,2025-04-15,10:31:28,Low,Under Investigation,32,Female
FIR00564,Drug Offense,MG Road,12.977022,77.606765,2025-09-23,11:44:09,Medium,Under Investigation,27,Other
FIR00565,Theft,Electronic City,12.837025,77.674396,2026-04-09,04:24:59,Low,Open,52,Other
FIR00566,Vehicle Theft,BTM Layout,12.919795,77.612072,2024-11-28,09:46:34,Low,Under Investigation,28,Female
FIR00567,Murder,MG Road,12.978865,77.600402,2026-04-12,23:51:23,High,Open,22,Male
FIR00568,Robbery,Malleshwaram,12.998874,77.575295,2025-11-30,01:15:41,High,Closed,36,Female
FIR00569,Theft,Indiranagar,12.975478,77.642526,2025-12-13,04:42:00,Low,Closed,37,Female
FIR00570,Robbery,Indiranagar,12.97465,77.63752,2026-07-16,18:44:09,High,Closed,52,Female
FIR00571,Assault,Rajajinagar,12.991582,77.557616,2025-05-16,23:45:07,Medium,Under Investigation,41,Other
FIR00572,Murder,Electronic City,12.835821,77.673529,2025-05-29,13:15:31,High,Open,70,Other
FIR00573,Theft,Hebbal,13.030867,77.59784,2025-05-08,09:31:37,Low,Under Investigation,48,Female
FIR00574,Robbery,Bellandur,12.932537,77.67129,2025-04-10,01:24:00,High,Under Investigation,63,Male
FIR00575,Kidnapping,Whitefield,12.972505,77.754081,2024-11-11,14:09:44,High,Open,36,Female
FIR00576,Vehicle Theft,Yelahanka,13.097511,77.597156,2025-04-26,22:45:03,Low,Under Investigation,32,Male
FIR00577,Kidnapping,HSR Layout,12.912975,77.648362,2025-06-08,01:15:43,High,Closed,34,Female
FIR00578,Vehicle Theft,Koramangala,12.931533,77.624552,2026-02-11,10:16:22,Low,Under Investigation,30,Male
FIR00579,Robbery,Marathahalli,12.963284,77.695244,2024-09-27,10:40:44,High,Closed,63,Female
FIR00580,Robbery,Koramangala,12.939684,77.629454,2025-10-26,19:56:50,High,Under Investigation,42,Other
FIR00581,Kidnapping,Marathahalli,12.95966,77.693256,2025-01-13,15:27:19,High,Under Investigation,29,Other
FIR00582,Domestic Violence,Jayanagar,12.929611,77.589833,2024-12-23,19:27:32,Medium,Under Investigation,65,Other
FIR00583,Domestic Violence,Malleshwaram,13.001083,77.575338,2025-04-24,23:40:17,Medium,Under Investigation,20,Male
FIR00584,Kidnapping,BTM Layout,12.917204,77.608988,2026-01-19,18:23:04,High,Open,54,Male
FIR00585,Vehicle Theft,Koramangala,12.937555,77.626846,2024-09-27,16:49:33,Low,Closed,38,Other
FIR00586,Domestic Violence,Bellandur,12.930753,77.674497,2025-02-09,14:50:41,Medium,Under Investigation,59,Male
FIR00587,Domestic Violence,Rajajinagar,12.994065,77.553743,2025-07-15,06:08:18,Medium,Open,42,Other
FIR00588,Murder,HSR Layout,12.915274,77.645715,2025-10-20,02:40:04,High,Closed,57,Male
FIR00589,Robbery,HSR Layout,12.910114,77.647691,2025-04-24,04:11:36,High,Open,28,Male
FIR00590,Assault,Hebbal,13.038488,77.595296,2025-10-27,17:34:54,Medium,Closed,49,Other
FIR00591,Domestic Violence,Bellandur,12.929125,77.67438,2025-12-19,13:47:06,Medium,Under Investigation,42,Male
FIR00592,Domestic Violence,Rajajinagar,12.991388,77.558237,2025-11-05,21:45:09,Medium,Open,19,Other
FIR00593,Theft,Yelahanka,13.09972,77.594961,2024-08-25,18:30:25,Low,Closed,23,Female
FIR00594,Domestic Violence,HSR Layout,12.908101,77.644734,2024-12-06,14:00:31,Medium,Open,32,Female
FIR00595,Murder,Marathahalli,12.96223,77.695084,2026-01-08,14:46:09,High,Under Investigation,35,Male
FIR00596,Drug Offense,Yelahanka,13.102776,77.596997,2025-10-07,02:29:00,Medium,Closed,50,Male
FIR00597,Assault,Hebbal,13.031183,77.601632,2025-08-31,00:34:14,Medium,Under Investigation,28,Other
FIR00598,Theft,Bellandur,12.928089,77.675605,2025-07-21,08:42:20,Low,Closed,31,Male
FIR00599,Vehicle Theft,Marathahalli,12.959766,77.695511,2025-06-01,15:57:19,Low,Closed,52,Female
FIR00600,Assault,Koramangala,12.935633,77.620237,2026-05-04,07:18:38,Medium,Open,41,Male
FIR00601,Assault,Koramangala,12.93978,77.621684,2024-09-30,01:26:05,Medium,Under Investigation,44,Female
FIR00602,Assault,Rajajinagar,12.987156,77.558656,2024-10-16,15:23:17,Medium,Closed,67,Other
FIR00603,Vehicle Theft,Rajajinagar,12.991194,77.559426,2024-07-28,01:31:54,Low,Closed,25,Male
FIR00604,Domestic Violence,Whitefield,12.967612,77.750348,2026-01-16,01:50:31,Medium,Closed,27,Female
FIR00605,Fraud,Koramangala,12.936529,77.619646,2025-07-18,15:33:44,Medium,Open,33,Other
FIR00606,Fraud,BTM Layout,12.920134,77.607938,2025-06-28,08:09:07,Medium,Under Investigation,19,Other
FIR00607,Fraud,BTM Layout,12.917448,77.610145,2025-11-18,20:25:12,Medium,Closed,22,Male
FIR00608,Kidnapping,MG Road,12.972526,77.600709,2026-06-06,03:46:10,High,Open,49,Male
FIR00609,Murder,Yelahanka,13.103564,77.599288,2024-10-24,01:51:17,High,Closed,23,Male
FIR00610,Fraud,Rajajinagar,12.987763,77.552792,2026-07-06,07:26:48,Medium,Under Investigation,44,Other
FIR00611,Kidnapping,Indiranagar,12.978602,77.639802,2025-06-01,10:36:56,High,Under Investigation,67,Female
FIR00612,Domestic Violence,Banashankari,12.921091,77.572904,2026-05-27,13:18:12,Medium,Open,70,Female
FIR00613,Cyber Crime,Indiranagar,12.98242,77.638139,2025-04-09,13:07:29,Medium,Under Investigation,24,Other
FIR00614,Domestic Violence,Marathahalli,12.954962,77.698901,2024-12-01,18:08:37,Medium,Under Investigation,55,Male
FIR00615,Kidnapping,Rajajinagar,12.994933,77.554477,2025-05-19,23:27:47,High,Open,53,Other
FIR00616,Fraud,Bellandur,12.925751,77.676809,2026-02-22,22:04:12,Medium,Closed,65,Other
FIR00617,Robbery,Hebbal,13.040631,77.593632,2025-03-31,21:38:56,High,Closed,30,Male
FIR00618,Cyber Crime,Indiranagar,12.974298,77.641355,2026-04-07,19:27:10,Medium,Open,31,Male
FIR00619,Drug Offense,Electronic City,12.836908,77.68009,2026-02-10,04:40:49,Medium,Under Investigation,56,Other
FIR00620,Vehicle Theft,MG Road,12.970662,77.600715,2026-04-28,09:20:53,Low,Closed,24,Female
FIR00621,Drug Offense,Banashankari,12.916563,77.569264,2024-10-20,09:26:03,Medium,Under Investigation,35,Male
FIR00622,Fraud,Indiranagar,12.975887,77.640257,2024-11-01,22:40:50,Medium,Closed,70,Other
FIR00623,Assault,Banashankari,12.919573,77.576248,2024-09-13,16:34:49,Medium,Under Investigation,39,Male
FIR00624,Theft,Rajajinagar,12.988049,77.552203,2026-04-03,15:02:21,Low,Closed,33,Male
FIR00625,Murder,Malleshwaram,13.000066,77.569726,2026-04-16,15:36:09,High,Open,53,Male
FIR00626,Vehicle Theft,Marathahalli,12.958665,77.697306,2025-03-05,02:18:41,Low,Under Investigation,21,Male
FIR00627,Drug Offense,Jayanagar,12.92517,77.590516,2026-02-08,23:48:53,Medium,Under Investigation,47,Female
FIR00628,Murder,Marathahalli,12.960035,77.696941,2025-05-02,23:59:05,High,Under Investigation,35,Male
FIR00629,Murder,BTM Layout,12.916606,77.612308,2026-05-04,17:52:08,High,Under Investigation,37,Female
FIR00630,Theft,BTM Layout,12.913397,77.611182,2025-01-08,16:14:48,Low,Open,27,Female
FIR00631,Drug Offense,Banashankari,12.920322,77.571895,2026-02-11,04:48:58,Medium,Closed,51,Other
FIR00632,Assault,Hebbal,13.032223,77.599393,2025-08-27,21:34:51,Medium,Under Investigation,30,Female
FIR00633,Robbery,Marathahalli,12.963147,77.693793,2025-08-07,05:42:48,High,Under Investigation,47,Other
FIR00634,Kidnapping,Koramangala,12.933953,77.624772,2026-01-29,14:58:34,High,Closed,50,Male
FIR00635,Murder,Rajajinagar,12.994932,77.557207,2025-08-06,23:08:00,High,Open,34,Other
FIR00636,Robbery,BTM Layout,12.920035,77.610812,2025-12-28,11:17:44,High,Closed,40,Male
FIR00637,Murder,Hebbal,13.032082,77.595375,2026-05-16,09:11:27,High,Open,56,Female
FIR00638,Vehicle Theft,Koramangala,12.940195,77.62391,2025-01-14,17:46:46,Low,Under Investigation,52,Male
FIR00639,Fraud,Electronic City,12.837431,77.676267,2024-12-05,08:26:29,Medium,Closed,54,Male
FIR00640,Assault,HSR Layout,12.909601,77.645463,2025-06-08,16:33:10,Medium,Under Investigation,70,Female
FIR00641,Vehicle Theft,MG Road,12.978244,77.606633,2024-11-08,21:51:58,Low,Under Investigation,60,Male
FIR00642,Murder,Rajajinagar,12.992295,77.558571,2025-08-14,00:47:10,High,Open,51,Male
FIR00643,Cyber Crime,Hebbal,13.033639,77.597071,2026-07-10,01:05:43,Medium,Under Investigation,28,Female
FIR00644,Assault,Hebbal,13.035558,77.601569,2024-11-07,12:22:16,Medium,Closed,51,Female
FIR00645,Fraud,Malleshwaram,13.006614,77.572635,2025-07-20,12:41:31,Medium,Under Investigation,65,Female
FIR00646,Murder,Rajajinagar,12.988522,77.554497,2025-09-23,07:53:03,High,Open,56,Other
FIR00647,Kidnapping,Yelahanka,13.100357,77.591863,2026-04-28,17:04:18,High,Closed,41,Male
FIR00648,Vehicle Theft,Indiranagar,12.980373,77.643369,2026-05-14,10:36:19,Low,Closed,70,Other
FIR00649,Robbery,MG Road,12.970953,77.608797,2024-07-30,12:40:30,High,Under Investigation,23,Male
FIR00650,Robbery,Whitefield,12.970034,77.751381,2024-12-27,12:30:20,High,Open,66,Male
FIR00651,Drug Offense,Yelahanka,13.095864,77.597009,2025-08-22,05:23:11,Medium,Closed,55,Male
FIR00652,Assault,Jayanagar,12.927311,77.595178,2025-02-13,12:43:18,Medium,Closed,61,Other
FIR00653,Murder,Hebbal,13.039328,77.594122,2026-04-27,12:22:31,High,Closed,53,Other
FIR00654,Vehicle Theft,HSR Layout,12.915523,77.65098,2025-12-13,05:34:21,Low,Closed,33,Male
FIR00655,Domestic Violence,Hebbal,13.037529,77.596226,2026-05-26,01:17:41,Medium,Closed,28,Male
FIR00656,Drug Offense,MG Road,12.976092,77.605319,2025-08-27,23:29:43,Medium,Open,52,Other
FIR00657,Kidnapping,Indiranagar,12.976482,77.64068,2024-09-09,22:43:11,High,Open,55,Other
FIR00658,Fraud,BTM Layout,12.914729,77.608147,2025-03-09,15:26:17,Medium,Open,49,Male
FIR00659,Domestic Violence,Marathahalli,12.96014,77.700376,2025-01-31,02:07:07,Medium,Open,45,Female
FIR00660,Kidnapping,Jayanagar,12.92519,77.598025,2026-01-13,02:08:46,High,Open,65,Male
FIR00661,Theft,Koramangala,12.935013,77.626891,2025-08-03,14:34:29,Low,Closed,61,Other
FIR00662,Assault,Koramangala,12.936622,77.625967,2026-03-02,04:58:32,Medium,Closed,23,Female
FIR00663,Robbery,Koramangala,12.936222,77.620889,2025-04-05,06:38:31,High,Closed,19,Other
FIR00664,Fraud,Jayanagar,12.922765,77.590601,2026-06-18,01:32:51,Medium,Under Investigation,69,Female
FIR00665,Fraud,Banashankari,12.916658,77.577651,2025-05-23,04:32:46,Medium,Open,26,Other
FIR00666,Cyber Crime,MG Road,12.974542,77.603159,2026-06-12,01:00:28,Medium,Open,52,Male
FIR00667,Kidnapping,MG Road,12.97395,77.604326,2025-12-27,14:20:13,High,Under Investigation,46,Female
FIR00668,Domestic Violence,Bellandur,12.928713,77.680047,2025-03-27,06:24:37,Medium,Open,36,Female
FIR00669,Domestic Violence,Rajajinagar,12.99305,77.553458,2025-08-08,19:46:53,Medium,Under Investigation,19,Other
FIR00670,Kidnapping,Whitefield,12.967557,77.754467,2025-07-26,12:02:59,High,Closed,31,Male
FIR00671,Cyber Crime,Electronic City,12.836961,77.67712,2024-10-26,04:15:11,Medium,Open,56,Other
FIR00672,Assault,Yelahanka,13.104849,77.59572,2025-01-21,05:17:26,Medium,Closed,55,Female
FIR00673,Cyber Crime,Koramangala,12.939412,77.628355,2025-06-15,00:40:09,Medium,Under Investigation,33,Male
FIR00674,Robbery,Marathahalli,12.957576,77.699033,2025-12-06,16:44:21,High,Closed,63,Other
FIR00675,Cyber Crime,Banashankari,12.917122,77.570711,2024-10-08,10:01:26,Medium,Open,63,Other
FIR00676,Cyber Crime,Koramangala,12.934958,77.628761,2025-09-29,00:08:33,Medium,Closed,57,Other
FIR00677,Murder,Koramangala,12.938214,77.623647,2025-01-23,10:18:19,High,Closed,20,Female
FIR00678,Assault,Banashankari,12.918711,77.5691,2025-08-22,09:03:46,Medium,Open,19,Female
FIR00679,Cyber Crime,Hebbal,13.039847,77.595938,2024-09-06,20:31:14,Medium,Under Investigation,49,Other
FIR00680,Robbery,Whitefield,12.965949,77.752722,2026-02-17,16:00:43,High,Closed,40,Other
FIR00681,Theft,MG Road,12.976471,77.602708,2026-02-12,11:28:28,Low,Closed,52,Male
FIR00682,Drug Offense,Hebbal,13.034024,77.596664,2024-09-27,16:23:20,Medium,Open,18,Other
FIR00683,Cyber Crime,Malleshwaram,13.006029,77.567634,2026-02-04,20:26:34,Medium,Open,18,Female
FIR00684,Vehicle Theft,Bellandur,12.926269,77.68054,2026-05-28,10:45:30,Low,Closed,57,Other
FIR00685,Theft,Yelahanka,13.097561,77.598408,2025-02-18,18:17:36,Low,Open,19,Other
FIR00686,Cyber Crime,Electronic City,12.840117,77.678194,2025-08-12,07:01:00,Medium,Under Investigation,27,Other
FIR00687,Domestic Violence,Malleshwaram,13.004343,77.573073,2024-09-11,14:13:25,Medium,Open,56,Male
FIR00688,Murder,Marathahalli,12.956474,77.696222,2026-02-16,11:45:08,High,Closed,69,Male
FIR00689,Robbery,Yelahanka,13.101185,77.599505,2025-08-24,00:14:21,High,Closed,34,Female
FIR00690,Robbery,Koramangala,12.936066,77.620105,2026-05-20,02:21:16,High,Closed,35,Male
FIR00691,Fraud,Rajajinagar,12.988923,77.551721,2025-10-06,12:07:43,Medium,Open,63,Other
FIR00692,Theft,Malleshwaram,13.004313,77.568013,2024-10-04,10:40:25,Low,Open,41,Other
FIR00693,Assault,Hebbal,13.032096,77.597435,2026-05-17,01:44:00,Medium,Closed,24,Male
FIR00694,Robbery,Malleshwaram,13.003422,77.572039,2025-04-14,04:41:58,High,Under Investigation,26,Male
FIR00695,Fraud,MG Road,12.973843,77.605058,2026-06-19,04:39:54,Medium,Closed,37,Other
FIR00696,Vehicle Theft,Whitefield,12.969354,77.754417,2024-08-08,19:07:05,Low,Open,58,Other
FIR00697,Drug Offense,MG Road,12.974358,77.604001,2025-09-20,02:51:08,Medium,Open,42,Male
FIR00698,Fraud,Rajajinagar,12.987153,77.557393,2026-07-18,08:19:26,Medium,Under Investigation,22,Male
FIR00699,Assault,HSR Layout,12.913732,77.647845,2026-03-17,06:47:16,Medium,Under Investigation,33,Male
FIR00700,Fraud,Yelahanka,13.102966,77.598261,2025-11-21,09:41:36,Medium,Closed,56,Female
FIR00701,Robbery,Bellandur,12.931588,77.677494,2025-11-29,08:28:24,High,Under Investigation,23,Female
FIR00702,Assault,Rajajinagar,12.988838,77.55437,2026-05-14,04:45:34,Medium,Open,59,Female
FIR00703,Drug Offense,BTM Layout,12.921006,77.611113,2025-08-17,06:05:24,Medium,Open,23,Other
FIR00704,Drug Offense,Marathahalli,12.95758,77.699461,2025-05-02,05:24:44,Medium,Closed,20,Male
FIR00705,Drug Offense,Indiranagar,12.9791,77.642859,2025-12-16,07:18:24,Medium,Open,33,Male
FIR00706,Drug Offense,BTM Layout,12.919696,77.607051,2024-07-24,18:59:21,Medium,Closed,18,Male
FIR00707,Vehicle Theft,BTM Layout,12.919042,77.611197,2026-07-12,07:34:38,Low,Under Investigation,37,Other
FIR00708,Robbery,HSR Layout,12.914838,77.644395,2024-11-27,15:47:24,High,Under Investigation,33,Male
FIR00709,Fraud,Koramangala,12.932548,77.628151,2024-11-16,08:02:17,Medium,Open,60,Female
FIR00710,Kidnapping,Yelahanka,13.104907,77.591979,2025-11-14,17:43:21,High,Closed,45,Male
FIR00711,Murder,Koramangala,12.93242,77.625716,2025-11-30,08:39:25,High,Closed,67,Female
FIR00712,Assault,BTM Layout,12.913228,77.606268,2025-04-02,09:06:33,Medium,Open,51,Male
FIR00713,Drug Offense,Malleshwaram,13.005133,77.567561,2025-10-23,15:44:39,Medium,Under Investigation,53,Male
FIR00714,Assault,Malleshwaram,12.998659,77.573085,2024-10-19,03:51:04,Medium,Closed,45,Female
FIR00715,Robbery,Malleshwaram,13.002282,77.572729,2024-09-10,06:00:23,High,Under Investigation,46,Male
FIR00716,Fraud,Hebbal,13.04066,77.598277,2025-10-07,04:10:27,Medium,Under Investigation,52,Female
FIR00717,Drug Offense,Rajajinagar,12.986539,77.555011,2025-02-12,18:12:31,Medium,Open,58,Male
FIR00718,Kidnapping,Whitefield,12.971117,77.753548,2026-02-28,00:35:36,High,Under Investigation,25,Other
FIR00719,Domestic Violence,Yelahanka,13.096431,77.597438,2024-10-25,22:09:24,Medium,Open,18,Female
FIR00720,Vehicle Theft,Malleshwaram,13.002008,77.570809,2026-03-09,00:16:09,Low,Closed,51,Male
FIR00721,Assault,Electronic City,12.84012,77.681973,2025-10-12,05:06:07,Medium,Closed,50,Other
FIR00722,Kidnapping,Yelahanka,13.103996,77.599774,2025-07-20,19:33:44,High,Under Investigation,31,Female
FIR00723,Fraud,Yelahanka,13.098321,77.594522,2024-10-24,10:32:42,Medium,Under Investigation,42,Other
FIR00724,Theft,Bellandur,12.92885,77.675076,2024-08-31,12:57:40,Low,Closed,50,Other
FIR00725,Kidnapping,Jayanagar,12.925151,77.591592,2025-02-16,14:05:52,High,Closed,22,Male
FIR00726,Kidnapping,Whitefield,12.969393,77.745888,2025-10-24,04:44:21,High,Open,23,Male
FIR00727,Vehicle Theft,Electronic City,12.83709,77.678892,2026-04-07,05:49:36,Low,Under Investigation,63,Male
FIR00728,Kidnapping,Hebbal,13.032019,77.598228,2025-08-21,07:34:48,High,Under Investigation,30,Male
FIR00729,Assault,Whitefield,12.96952,77.746516,2024-09-26,10:53:21,Medium,Under Investigation,40,Male
FIR00730,Cyber Crime,Whitefield,12.970661,77.752097,2026-02-10,22:32:38,Medium,Under Investigation,59,Other
FIR00731,Theft,BTM Layout,12.919954,77.605931,2025-11-06,11:52:44,Low,Closed,51,Other
FIR00732,Robbery,Bellandur,12.927925,77.676339,2024-12-07,03:41:05,High,Under Investigation,48,Female
FIR00733,Domestic Violence,MG Road,12.978277,77.607665,2025-03-15,23:11:42,Medium,Closed,31,Other
FIR00734,Assault,Hebbal,13.0381,77.599511,2026-03-13,04:38:13,Medium,Under Investigation,40,Female
FIR00735,Assault,MG Road,12.9719,77.603928,2025-09-16,00:23:45,Medium,Closed,38,Male
FIR00736,Domestic Violence,Marathahalli,12.957317,77.696504,2024-12-15,18:57:59,Medium,Open,55,Female
FIR00737,Theft,Marathahalli,12.957702,77.702172,2025-06-15,06:31:04,Low,Open,37,Female
FIR00738,Fraud,Koramangala,12.933402,77.623721,2025-04-11,11:32:56,Medium,Under Investigation,29,Male
FIR00739,Robbery,Hebbal,13.035451,77.593995,2026-04-10,13:25:12,High,Open,35,Female
FIR00740,Vehicle Theft,Whitefield,12.971473,77.745788,2025-07-02,07:43:49,Low,Under Investigation,67,Female
FIR00741,Domestic Violence,Electronic City,12.835594,77.679888,2026-06-23,12:35:57,Medium,Open,69,Other
FIR00742,Cyber Crime,MG Road,12.976069,77.600049,2025-12-15,10:58:20,Medium,Under Investigation,29,Male
FIR00743,Murder,Banashankari,12.922786,77.572509,2025-03-10,01:08:58,High,Open,51,Female
FIR00744,Drug Offense,Marathahalli,12.956027,77.695135,2025-07-25,14:23:18,Medium,Open,25,Female
FIR00745,Fraud,Malleshwaram,13.004399,77.567201,2025-12-17,15:47:31,Medium,Open,30,Other
FIR00746,Domestic Violence,Rajajinagar,12.992118,77.553189,2024-11-28,23:36:53,Medium,Closed,37,Female
FIR00747,Drug Offense,Whitefield,12.97304,77.746239,2025-08-24,19:19:33,Medium,Open,33,Male
FIR00748,Robbery,Hebbal,13.039356,77.600029,2026-05-23,09:45:37,High,Open,40,Other
FIR00749,Fraud,Electronic City,12.839382,77.672468,2026-07-01,11:12:26,Medium,Open,47,Female
FIR00750,Cyber Crime,Koramangala,12.937874,77.628323,2026-02-23,04:50:29,Medium,Closed,49,Male
FIR00751,Vehicle Theft,BTM Layout,12.914646,77.607621,2025-03-05,02:39:33,Low,Closed,33,Other
FIR00752,Assault,Yelahanka,13.101273,77.592923,2024-11-09,08:18:47,Medium,Closed,30,Female
FIR00753,Kidnapping,Yelahanka,13.095899,77.592325,2025-04-05,11:10:37,High,Open,20,Female
FIR00754,Domestic Violence,Koramangala,12.938315,77.622383,2025-07-12,22:09:44,Medium,Open,29,Other
FIR00755,Cyber Crime,MG Road,12.975489,77.608872,2025-09-01,11:39:53,Medium,Closed,39,Female
FIR00756,Theft,BTM Layout,12.914592,77.613895,2025-01-04,02:13:55,Low,Under Investigation,56,Female
FIR00757,Murder,Rajajinagar,12.986793,77.5509,2025-05-03,17:05:00,High,Open,55,Other
FIR00758,Domestic Violence,Rajajinagar,12.992339,77.555865,2025-10-25,05:46:48,Medium,Closed,62,Male
FIR00759,Drug Offense,Hebbal,13.034688,77.595533,2024-11-23,22:50:31,Medium,Closed,34,Female
FIR00760,Cyber Crime,Marathahalli,12.955694,77.6969,2025-04-22,01:11:43,Medium,Closed,41,Female
FIR00761,Domestic Violence,HSR Layout,12.915595,77.650698,2025-11-19,08:11:46,Medium,Closed,37,Male
FIR00762,Cyber Crime,Marathahalli,12.959478,77.699199,2025-08-25,11:52:16,Medium,Open,35,Other
FIR00763,Kidnapping,BTM Layout,12.913411,77.611621,2025-05-05,05:00:40,High,Closed,19,Male
FIR00764,Domestic Violence,Indiranagar,12.974881,77.641184,2025-06-15,02:01:16,Medium,Closed,52,Other
FIR00765,Theft,HSR Layout,12.907088,77.652334,2026-07-02,11:29:30,Low,Closed,23,Female
FIR00766,Fraud,Banashankari,12.913576,77.568591,2025-10-26,23:00:56,Medium,Closed,20,Female
FIR00767,Theft,HSR Layout,12.912155,77.650859,2025-09-24,13:12:12,Low,Open,48,Other
FIR00768,Drug Offense,HSR Layout,12.906964,77.647579,2025-01-15,08:58:19,Medium,Under Investigation,69,Other
FIR00769,Murder,Yelahanka,13.099442,77.592213,2025-04-17,13:53:28,High,Closed,41,Other
FIR00770,Fraud,Jayanagar,12.920284,77.594022,2024-08-14,19:09:18,Medium,Closed,36,Male
FIR00771,Fraud,Yelahanka,13.099439,77.59137,2025-06-03,16:04:16,Medium,Closed,69,Female
FIR00772,Drug Offense,Marathahalli,12.954274,77.69452,2026-02-12,03:54:53,Medium,Open,58,Other
FIR00773,Domestic Violence,MG Road,12.978397,77.607403,2025-08-31,04:29:26,Medium,Under Investigation,54,Other
FIR00774,Murder,Marathahalli,12.957163,77.696275,2026-01-31,04:21:49,High,Closed,36,Male
FIR00775,Kidnapping,Jayanagar,12.927402,77.592761,2026-06-18,17:33:25,High,Open,40,Male
FIR00776,Drug Offense,HSR Layout,12.913908,77.647849,2025-04-26,12:53:35,Medium,Open,31,Female
FIR00777,Kidnapping,MG Road,12.974327,77.604795,2026-06-13,21:58:06,High,Open,44,Female
FIR00778,Assault,MG Road,12.971804,77.609541,2025-05-10,12:50:09,Medium,Under Investigation,28,Other
FIR00779,Kidnapping,BTM Layout,12.913841,77.611517,2024-08-08,07:56:40,High,Under Investigation,60,Other
FIR00780,Robbery,Whitefield,12.966097,77.750754,2026-02-20,22:28:02,High,Open,70,Other
FIR00781,Cyber Crime,Electronic City,12.835458,77.675967,2026-01-08,07:02:13,Medium,Under Investigation,68,Male
FIR00782,Murder,MG Road,12.975239,77.60659,2026-05-24,02:38:37,High,Closed,50,Female
FIR00783,Murder,BTM Layout,12.918933,77.605207,2026-05-25,07:09:01,High,Under Investigation,61,Female
FIR00784,Robbery,Yelahanka,13.10499,77.594838,2025-05-26,05:47:20,High,Under Investigation,45,Female
FIR00785,Domestic Violence,Whitefield,12.966898,77.751233,2025-09-06,00:33:47,Medium,Open,59,Other
FIR00786,Fraud,Bellandur,12.927682,77.678257,2026-06-01,19:01:54,Medium,Open,48,Other
FIR00787,Drug Offense,Koramangala,12.93795,77.625949,2024-10-22,02:16:18,Medium,Closed,27,Male
FIR00788,Robbery,Rajajinagar,12.99326,77.552945,2026-04-14,01:37:52,High,Under Investigation,70,Female
FIR00789,Vehicle Theft,Hebbal,13.03694,77.599529,2025-08-18,04:46:36,Low,Under Investigation,20,Other
FIR00790,Drug Offense,Rajajinagar,12.996323,77.553473,2025-09-03,22:58:50,Medium,Open,43,Female
FIR00791,Drug Offense,Electronic City,12.838481,77.676292,2026-05-05,00:01:41,Medium,Closed,54,Other
FIR00792,Vehicle Theft,Jayanagar,12.928477,77.592779,2024-11-16,15:12:22,Low,Closed,51,Male
FIR00793,Robbery,Koramangala,12.932374,77.628359,2026-07-15,04:45:21,High,Open,69,Male
FIR00794,Vehicle Theft,Whitefield,12.971055,77.751401,2026-01-14,09:05:37,Low,Open,26,Other
FIR00795,Murder,Marathahalli,12.955242,77.700608,2025-01-21,02:08:00,High,Open,37,Other
FIR00796,Drug Offense,Bellandur,12.92345,77.672143,2025-08-01,20:09:13,Medium,Closed,58,Female
FIR00797,Cyber Crime,Indiranagar,12.979583,77.644652,2024-12-21,06:26:03,Medium,Closed,44,Female
FIR00798,Robbery,Electronic City,12.841506,77.673342,2025-10-29,04:28:56,High,Closed,43,Female
FIR00799,Robbery,Electronic City,12.843878,77.678037,2026-01-12,06:59:26,High,Under Investigation,50,Male
FIR00800,Murder,Rajajinagar,12.987972,77.55108,2025-04-14,14:20:31,High,Under Investigation,57,Male
FIR00801,Domestic Violence,Hebbal,13.033546,77.595638,2026-04-10,15:01:23,Medium,Under Investigation,70,Female
FIR00802,Domestic Violence,Bellandur,12.926471,77.680505,2025-06-30,02:38:06,Medium,Closed,21,Other
FIR00803,Fraud,Malleshwaram,12.998959,77.572822,2025-11-07,19:17:57,Medium,Open,39,Male
FIR00804,Drug Offense,Indiranagar,12.975579,77.642634,2026-04-12,14:06:03,Medium,Open,54,Male
FIR00805,Robbery,Whitefield,12.973262,77.746736,2025-02-20,15:26:29,High,Closed,48,Other
FIR00806,Cyber Crime,BTM Layout,12.919963,77.610471,2025-05-19,21:07:16,Medium,Under Investigation,49,Other
FIR00807,Domestic Violence,Rajajinagar,12.98686,77.55138,2024-08-05,16:34:27,Medium,Under Investigation,27,Other
FIR00808,Theft,Banashankari,12.915903,77.57613,2025-08-29,23:27:41,Low,Open,26,Female
FIR00809,Robbery,Yelahanka,13.101981,77.597005,2024-10-13,10:46:10,High,Closed,27,Other
FIR00810,Murder,Bellandur,12.93282,77.674657,2025-09-19,05:46:29,High,Closed,39,Other
FIR00811,Robbery,Marathahalli,12.95557,77.700632,2025-05-12,21:49:38,High,Closed,33,Other
FIR00812,Drug Offense,Malleshwaram,13.002185,77.569244,2026-06-03,17:43:18,Medium,Open,61,Other
FIR00813,Vehicle Theft,Yelahanka,13.102084,77.597724,2025-08-20,01:20:52,Low,Closed,60,Other
FIR00814,Fraud,Banashankari,12.920307,77.571159,2024-08-11,10:55:46,Medium,Open,65,Female
FIR00815,Domestic Violence,Jayanagar,12.927627,77.59846,2024-08-29,16:05:04,Medium,Closed,24,Other
FIR00816,Domestic Violence,Hebbal,13.031129,77.595708,2026-01-19,14:27:10,Medium,Under Investigation,59,Female
FIR00817,Theft,MG Road,12.978908,77.603414,2025-06-07,06:58:18,Low,Under Investigation,29,Male
FIR00818,Robbery,Banashankari,12.922423,77.572516,2026-07-07,02:04:26,High,Closed,22,Female
FIR00819,Cyber Crime,Yelahanka,13.101301,77.598911,2025-05-26,20:57:02,Medium,Open,20,Other
FIR00820,Domestic Violence,Whitefield,12.973356,77.754895,2025-09-11,10:59:45,Medium,Closed,36,Female
FIR00821,Domestic Violence,Jayanagar,12.929825,77.594101,2026-07-21,02:33:01,Medium,Closed,22,Other
FIR00822,Robbery,Indiranagar,12.973552,77.640341,2025-01-09,01:22:59,High,Open,51,Male
FIR00823,Murder,Bellandur,12.92689,77.676487,2025-12-05,03:28:53,High,Closed,43,Male
FIR00824,Drug Offense,Indiranagar,12.975767,77.640907,2025-06-11,17:34:46,Medium,Under Investigation,51,Other
FIR00825,Theft,Electronic City,12.838232,77.677795,2025-01-08,01:51:32,Low,Open,29,Female
FIR00826,Vehicle Theft,HSR Layout,12.915393,77.642818,2026-01-28,03:16:17,Low,Closed,22,Male
FIR00827,Domestic Violence,Indiranagar,12.973991,77.640489,2026-06-22,09:15:21,Medium,Under Investigation,63,Male
FIR00828,Fraud,Banashankari,12.913939,77.569142,2024-11-12,17:18:41,Medium,Under Investigation,58,Other
FIR00829,Theft,Bellandur,12.928282,77.678784,2025-11-22,23:18:16,Low,Closed,53,Other
FIR00830,Domestic Violence,HSR Layout,12.913229,77.645359,2025-05-12,01:34:28,Medium,Open,30,Other
FIR00831,Vehicle Theft,Jayanagar,12.92213,77.588888,2025-07-08,15:27:33,Low,Closed,69,Other
FIR00832,Fraud,Jayanagar,12.928586,77.59763,2024-08-12,19:41:48,Medium,Closed,30,Male
FIR00833,Assault,Jayanagar,12.927403,77.592377,2025-12-17,19:40:29,Medium,Under Investigation,34,Other
FIR00834,Domestic Violence,Koramangala,12.934845,77.619946,2026-07-14,04:38:27,Medium,Closed,33,Other
FIR00835,Cyber Crime,Rajajinagar,12.995243,77.553196,2026-03-25,00:38:17,Medium,Under Investigation,22,Male
FIR00836,Robbery,Indiranagar,12.975147,77.643658,2025-12-21,23:10:42,High,Open,47,Male
FIR00837,Theft,Indiranagar,12.975315,77.638293,2026-04-10,06:31:17,Low,Closed,56,Female
FIR00838,Theft,Whitefield,12.965634,77.750898,2024-09-13,23:39:12,Low,Closed,56,Male
FIR00839,Murder,Marathahalli,12.961778,77.699777,2024-12-28,09:59:21,High,Open,42,Other
FIR00840,Assault,Banashankari,12.916704,77.5784,2025-03-20,03:20:59,Medium,Open,47,Male
FIR00841,Murder,Whitefield,12.971393,77.752667,2025-10-20,10:15:15,High,Open,44,Other
FIR00842,Theft,Yelahanka,13.100707,77.596274,2024-11-22,10:16:45,Low,Closed,66,Other
FIR00843,Robbery,Banashankari,12.91618,77.577087,2025-09-09,22:59:12,High,Open,60,Male
FIR00844,Drug Offense,Rajajinagar,12.990899,77.557643,2026-02-22,14:59:53,Medium,Open,66,Other
FIR00845,Vehicle Theft,Bellandur,12.926464,77.676525,2025-12-05,23:38:49,Low,Open,32,Male
FIR00846,Robbery,Malleshwaram,13.004435,77.56897,2024-10-25,08:02:14,High,Closed,50,Male
FIR00847,Cyber Crime,Jayanagar,12.926483,77.59314,2025-03-02,17:33:18,Medium,Closed,61,Male
FIR00848,Murder,Whitefield,12.970796,77.750244,2024-10-07,01:02:50,High,Open,61,Female
FIR00849,Cyber Crime,HSR Layout,12.914103,77.64301,2025-03-22,06:05:33,Medium,Open,20,Other
FIR00850,Assault,Malleshwaram,13.002304,77.57096,2025-06-13,23:52:27,Medium,Closed,24,Female
FIR00851,Murder,Rajajinagar,12.994359,77.559389,2024-12-07,20:11:30,High,Open,53,Other
FIR00852,Cyber Crime,Koramangala,12.930452,77.623235,2025-06-23,15:54:56,Medium,Under Investigation,20,Other
FIR00853,Drug Offense,Yelahanka,13.095728,77.595374,2026-07-09,01:29:49,Medium,Open,48,Male
FIR00854,Drug Offense,Electronic City,12.836616,77.67347,2025-12-18,11:47:49,Medium,Closed,36,Male
FIR00855,Fraud,Bellandur,12.925735,77.674239,2025-08-06,04:18:51,Medium,Closed,49,Female
FIR00856,Vehicle Theft,Hebbal,13.03496,77.600455,2025-09-11,15:15:30,Low,Open,19,Other
FIR00857,Cyber Crime,Marathahalli,12.954116,77.702251,2026-06-07,21:49:52,Medium,Closed,50,Male
FIR00858,Drug Offense,Yelahanka,13.100099,77.600944,2024-11-10,09:58:30,Medium,Closed,49,Male
FIR00859,Robbery,Electronic City,12.83759,77.674064,2024-08-16,14:44:32,High,Under Investigation,25,Male
FIR00860,Drug Offense,Jayanagar,12.921552,77.593706,2025-02-05,17:05:26,Medium,Closed,45,Other
FIR00861,Domestic Violence,Indiranagar,12.97358,77.643052,2025-06-10,23:54:21,Medium,Closed,46,Other
FIR00862,Drug Offense,Indiranagar,12.976175,77.643204,2025-05-30,05:34:31,Medium,Open,19,Male
FIR00863,Kidnapping,Marathahalli,12.954426,77.699221,2025-04-16,14:04:02,High,Closed,29,Male
FIR00864,Kidnapping,Electronic City,12.844493,77.680472,2025-05-12,20:05:21,High,Under Investigation,47,Female
FIR00865,Drug Offense,Malleshwaram,12.999508,77.569814,2026-02-26,14:21:56,Medium,Closed,31,Female
FIR00866,Murder,Malleshwaram,13.006944,77.571834,2025-09-13,21:29:45,High,Closed,54,Female
FIR00867,Cyber Crime,BTM Layout,12.919983,77.61043,2025-03-03,16:42:39,Medium,Open,48,Other
FIR00868,Murder,Marathahalli,12.956796,77.701258,2025-07-03,07:54:30,High,Open,55,Male
FIR00869,Domestic Violence,Banashankari,12.919571,77.574716,2026-05-21,22:13:20,Medium,Open,60,Female
FIR00870,Cyber Crime,Malleshwaram,12.998623,77.572209,2025-04-11,01:03:42,Medium,Under Investigation,27,Female
FIR00871,Robbery,Jayanagar,12.92819,77.595854,2026-07-14,22:15:26,High,Under Investigation,60,Other
FIR00872,Cyber Crime,Yelahanka,13.103271,77.593518,2026-04-24,18:22:08,Medium,Open,55,Other
FIR00873,Domestic Violence,Jayanagar,12.927015,77.595542,2024-08-23,11:40:38,Medium,Open,49,Male
FIR00874,Fraud,Bellandur,12.928744,77.679733,2025-09-27,03:43:22,Medium,Open,21,Male
FIR00875,Kidnapping,Jayanagar,12.926718,77.597663,2025-10-06,21:13:56,High,Open,31,Male
FIR00876,Fraud,Rajajinagar,12.988947,77.555315,2026-06-27,17:13:44,Medium,Closed,51,Other
FIR00877,Kidnapping,MG Road,12.973016,77.608854,2025-10-09,12:05:36,High,Open,47,Female
FIR00878,Theft,Indiranagar,12.97825,77.637557,2026-05-09,22:28:44,Low,Open,53,Male
FIR00879,Cyber Crime,Bellandur,12.930812,77.672207,2026-01-15,22:28:43,Medium,Under Investigation,60,Male
FIR00880,Domestic Violence,Marathahalli,12.961054,77.700695,2025-08-28,14:54:06,Medium,Open,56,Other
FIR00881,Murder,Rajajinagar,12.99028,77.555766,2026-06-23,06:23:36,High,Under Investigation,45,Female
FIR00882,Vehicle Theft,Koramangala,12.935744,77.622082,2026-05-14,17:27:31,Low,Under Investigation,37,Female
FIR00883,Vehicle Theft,Marathahalli,12.956877,77.694073,2024-07-25,19:52:10,Low,Open,19,Male
FIR00884,Assault,Indiranagar,12.983078,77.640962,2025-03-21,01:13:13,Medium,Under Investigation,40,Male
FIR00885,Drug Offense,HSR Layout,12.916474,77.645736,2024-11-09,17:16:26,Medium,Open,49,Other
FIR00886,Theft,Malleshwaram,13.005558,77.571855,2024-09-20,04:45:00,Low,Closed,61,Other
FIR00887,Theft,Malleshwaram,13.00824,77.574052,2026-05-09,22:55:47,Low,Under Investigation,69,Male
FIR00888,Drug Offense,Rajajinagar,12.991926,77.553894,2025-09-02,14:49:00,Medium,Open,35,Other
FIR00889,Kidnapping,Marathahalli,12.961267,77.69894,2026-04-19,21:15:07,High,Under Investigation,34,Other
FIR00890,Assault,Jayanagar,12.923002,77.589751,2026-02-26,05:17:02,Medium,Under Investigation,35,Female
FIR00891,Robbery,Koramangala,12.932403,77.623783,2026-06-01,12:25:43,High,Open,70,Male
FIR00892,Vehicle Theft,BTM Layout,12.914586,77.614065,2025-12-09,03:16:23,Low,Closed,22,Female
FIR00893,Kidnapping,Indiranagar,12.975358,77.641811,2025-08-06,04:07:55,High,Under Investigation,20,Other
FIR00894,Assault,Koramangala,12.930536,77.626827,2024-12-06,00:48:15,Medium,Under Investigation,42,Male
FIR00895,Theft,Indiranagar,12.978389,77.637354,2025-10-10,01:23:23,Low,Open,47,Female
FIR00896,Murder,Jayanagar,12.926926,77.595416,2026-06-15,18:22:03,High,Open,65,Male
FIR00897,Fraud,Marathahalli,12.955623,77.69492,2025-05-25,17:19:14,Medium,Under Investigation,54,Other
FIR00898,Drug Offense,Banashankari,12.916085,77.569744,2026-01-19,12:23:48,Medium,Under Investigation,69,Male
FIR00899,Vehicle Theft,Bellandur,12.926539,77.678236,2026-06-20,21:28:10,Low,Closed,66,Male
FIR00900,Kidnapping,Rajajinagar,12.99401,77.557097,2026-04-30,01:58:07,High,Closed,55,Other
FIR00901,Theft,Bellandur,12.92304,77.672052,2025-10-05,03:09:49,Low,Under Investigation,66,Male
FIR00902,Fraud,Marathahalli,12.955289,77.701378,2025-08-03,05:56:21,Medium,Under Investigation,59,Male
FIR00903,Assault,HSR Layout,12.912306,77.651979,2025-11-25,23:04:01,Medium,Under Investigation,53,Female
FIR00904,Assault,Malleshwaram,13.005004,77.568936,2026-04-17,12:12:56,Medium,Closed,26,Other
FIR00905,Domestic Violence,Indiranagar,12.983346,77.638915,2025-07-31,22:36:48,Medium,Closed,45,Male
FIR00906,Assault,Jayanagar,12.927826,77.594128,2026-02-18,23:07:15,Medium,Open,20,Female
FIR00907,Drug Offense,Marathahalli,12.959038,77.702132,2024-07-27,11:45:24,Medium,Closed,43,Male
FIR00908,Fraud,Marathahalli,12.956059,77.700331,2026-03-02,04:58:42,Medium,Closed,37,Female
FIR00909,Vehicle Theft,Marathahalli,12.962341,77.697334,2026-02-11,01:10:41,Low,Under Investigation,37,Female
FIR00910,Drug Offense,Koramangala,12.936181,77.620173,2026-01-24,10:44:50,Medium,Under Investigation,36,Male
FIR00911,Murder,Bellandur,12.932442,77.677888,2026-01-19,09:54:09,High,Open,44,Female
FIR00912,Murder,Banashankari,12.914331,77.578223,2026-06-23,17:57:53,High,Open,50,Other
FIR00913,Assault,Bellandur,12.924105,77.676091,2025-06-02,19:47:25,Medium,Under Investigation,40,Other
FIR00914,Fraud,Hebbal,13.03161,77.592755,2025-07-14,14:20:00,Medium,Under Investigation,65,Female
FIR00915,Vehicle Theft,Hebbal,13.0401,77.595901,2025-12-28,17:57:38,Low,Open,61,Female
FIR00916,Kidnapping,Malleshwaram,13.003699,77.565667,2025-03-02,21:43:59,High,Open,57,Other
FIR00917,Vehicle Theft,Whitefield,12.972037,77.749275,2026-02-12,19:06:05,Low,Open,26,Male
FIR00918,Murder,MG Road,12.978856,77.602687,2025-03-12,01:22:18,High,Under Investigation,66,Female
FIR00919,Drug Offense,Banashankari,12.915791,77.57413,2024-10-02,09:51:01,Medium,Open,66,Female
FIR00920,Robbery,Hebbal,13.038024,77.599432,2026-04-15,01:49:57,High,Open,68,Male
FIR00921,Fraud,Indiranagar,12.980172,77.640997,2026-01-31,09:58:24,Medium,Open,64,Other
FIR00922,Robbery,BTM Layout,12.917774,77.609368,2024-11-15,16:16:02,High,Open,60,Other
FIR00923,Assault,Banashankari,12.917576,77.577504,2026-05-04,13:45:45,Medium,Open,60,Other
FIR00924,Fraud,Marathahalli,12.958617,77.697679,2026-07-15,18:46:27,Medium,Open,43,Male
FIR00925,Domestic Violence,Indiranagar,12.982028,77.645424,2026-03-21,00:11:05,Medium,Under Investigation,25,Male
FIR00926,Robbery,HSR Layout,12.909186,77.642745,2026-01-13,17:17:04,High,Closed,55,Other
FIR00927,Robbery,Koramangala,12.938123,77.623248,2025-12-17,19:13:57,High,Closed,28,Male
FIR00928,Murder,Malleshwaram,13.005147,77.572715,2025-05-16,06:36:48,High,Under Investigation,19,Other
FIR00929,Domestic Violence,Electronic City,12.844796,77.672173,2025-12-03,09:14:41,Medium,Closed,62,Female
FIR00930,Robbery,Electronic City,12.839103,77.680617,2025-12-08,08:52:40,High,Under Investigation,25,Male
FIR00931,Murder,Electronic City,12.835862,77.674989,2026-07-08,11:48:19,High,Under Investigation,49,Other
FIR00932,Murder,Rajajinagar,12.990118,77.550788,2025-04-02,09:19:39,High,Open,50,Female
FIR00933,Fraud,Indiranagar,12.98088,77.643257,2024-08-18,20:25:34,Medium,Closed,26,Other
FIR00934,Murder,Rajajinagar,12.988578,77.550535,2025-04-12,21:29:01,High,Open,47,Other
FIR00935,Murder,Hebbal,13.037439,77.592281,2026-06-15,13:20:28,High,Open,48,Male
FIR00936,Vehicle Theft,Electronic City,12.842536,77.676646,2026-07-14,16:58:34,Low,Under Investigation,49,Other
FIR00937,Fraud,Yelahanka,13.096775,77.594929,2025-08-01,06:13:45,Medium,Under Investigation,53,Other
FIR00938,Domestic Violence,MG Road,12.972207,77.602557,2024-07-25,22:26:45,Medium,Open,58,Female
FIR00939,Drug Offense,Hebbal,13.037696,77.593339,2026-03-25,18:49:30,Medium,Closed,50,Other
FIR00940,Kidnapping,Yelahanka,13.100888,77.595413,2026-06-30,17:45:36,High,Under Investigation,56,Female
FIR00941,Domestic Violence,BTM Layout,12.91546,77.607835,2026-02-08,06:47:59,Medium,Open,18,Male
FIR00942,Assault,Koramangala,12.935702,77.623562,2025-05-07,01:07:18,Medium,Under Investigation,52,Other
FIR00943,Assault,Hebbal,13.034608,77.59553,2025-07-16,06:46:07,Medium,Under Investigation,69,Male
FIR00944,Cyber Crime,BTM Layout,12.914639,77.613542,2026-05-14,13:41:05,Medium,Open,63,Female
FIR00945,Kidnapping,Indiranagar,12.980015,77.641446,2026-01-13,02:06:45,High,Closed,62,Other
FIR00946,Robbery,Hebbal,13.036742,77.593775,2025-02-19,17:08:25,High,Under Investigation,70,Other
FIR00947,Vehicle Theft,HSR Layout,12.912525,77.646903,2025-06-13,23:23:51,Low,Closed,56,Male
FIR00948,Drug Offense,Hebbal,13.031472,77.595754,2025-07-11,09:52:10,Medium,Open,35,Other
FIR00949,Theft,Whitefield,12.974276,77.75174,2026-07-22,08:13:43,Low,Under Investigation,30,Other
FIR00950,Domestic Violence,Marathahalli,12.962768,77.695446,2026-07-09,13:53:01,Medium,Under Investigation,40,Other
FIR00951,Kidnapping,Yelahanka,13.095828,77.59738,2025-11-21,02:37:44,High,Open,51,Male
FIR00952,Cyber Crime,BTM Layout,12.919779,77.6145,2025-02-12,13:06:00,Medium,Closed,48,Other
FIR00953,Cyber Crime,Koramangala,12.931229,77.620563,2025-10-19,13:51:19,Medium,Closed,25,Other
FIR00954,Robbery,Electronic City,12.836957,77.674185,2024-12-14,14:23:46,High,Under Investigation,29,Female
FIR00955,Theft,Malleshwaram,13.004774,77.568281,2025-09-14,14:22:55,Low,Closed,53,Male
FIR00956,Kidnapping,Banashankari,12.919139,77.571906,2024-12-21,13:43:19,High,Open,32,Male
FIR00957,Cyber Crime,BTM Layout,12.91467,77.609444,2025-08-20,20:48:21,Medium,Under Investigation,42,Female
FIR00958,Kidnapping,BTM Layout,12.920776,77.608603,2025-06-25,19:03:48,High,Under Investigation,49,Female
FIR00959,Drug Offense,Electronic City,12.844895,77.67589,2024-11-08,21:56:06,Medium,Under Investigation,58,Male
FIR00960,Kidnapping,Rajajinagar,12.992304,77.554317,2025-04-02,12:04:25,High,Closed,29,Female
FIR00961,Murder,Indiranagar,12.97364,77.645011,2025-05-01,03:16:59,High,Under Investigation,39,Male
FIR00962,Vehicle Theft,BTM Layout,12.918261,77.607869,2025-11-16,06:09:40,Low,Open,37,Male
FIR00963,Fraud,MG Road,12.97101,77.602434,2026-01-05,16:59:35,Medium,Open,31,Other
FIR00964,Drug Offense,MG Road,12.972834,77.605546,2024-09-10,23:14:14,Medium,Closed,66,Female
FIR00965,Domestic Violence,MG Road,12.975147,77.602668,2025-05-15,00:41:14,Medium,Open,24,Other
FIR00966,Drug Offense,Jayanagar,12.922312,77.598719,2026-06-19,23:37:13,Medium,Open,34,Male
FIR00967,Fraud,BTM Layout,12.91805,77.606711,2025-12-27,00:25:37,Medium,Open,22,Female
FIR00968,Domestic Violence,Bellandur,12.928418,77.677861,2025-05-09,18:26:49,Medium,Closed,69,Other
FIR00969,Drug Offense,Jayanagar,12.925253,77.597473,2025-11-28,23:53:38,Medium,Closed,32,Other
FIR00970,Assault,MG Road,12.97391,77.600861,2025-02-26,02:03:20,Medium,Closed,43,Female
FIR00971,Robbery,Electronic City,12.840809,77.679765,2026-01-06,17:30:13,High,Under Investigation,20,Male
FIR00972,Cyber Crime,Banashankari,12.921325,77.576314,2024-08-20,16:18:03,Medium,Under Investigation,46,Female
FIR00973,Domestic Violence,Rajajinagar,12.989878,77.559039,2026-03-31,11:37:23,Medium,Under Investigation,29,Female
FIR00974,Robbery,Electronic City,12.844056,77.675643,2025-04-15,04:15:31,High,Under Investigation,45,Male
FIR00975,Fraud,Hebbal,13.031773,77.598262,2025-01-23,10:40:53,Medium,Open,52,Other
FIR00976,Kidnapping,Hebbal,13.032841,77.59699,2024-08-25,00:09:46,High,Closed,63,Female
FIR00977,Domestic Violence,Indiranagar,12.97967,77.636307,2026-03-20,05:32:55,Medium,Open,56,Male
FIR00978,Murder,Whitefield,12.969896,77.753805,2025-05-17,13:44:53,High,Closed,25,Female
FIR00979,Fraud,Marathahalli,12.959514,77.69502,2025-04-20,07:24:54,Medium,Open,51,Female
FIR00980,Domestic Violence,Malleshwaram,13.003361,77.573282,2026-06-11,04:29:38,Medium,Closed,67,Other
FIR00981,Murder,Rajajinagar,12.993699,77.550196,2026-02-14,16:09:56,High,Closed,45,Male
FIR00982,Kidnapping,HSR Layout,12.909941,77.650527,2025-12-11,19:06:56,High,Closed,61,Other
FIR00983,Murder,Jayanagar,12.92411,77.596483,2026-07-06,01:30:47,High,Open,70,Male
FIR00984,Vehicle Theft,Hebbal,13.034807,77.594032,2026-03-11,19:39:58,Low,Open,48,Other
FIR00985,Fraud,Whitefield,12.966378,77.754195,2025-12-01,00:59:49,Medium,Open,30,Male
FIR00986,Fraud,Hebbal,13.033352,77.600654,2025-08-27,11:15:11,Medium,Closed,62,Male
FIR00987,Assault,Koramangala,12.93388,77.619799,2024-09-12,14:41:38,Medium,Closed,49,Female
FIR00988,Murder,Yelahanka,13.097969,77.598134,2024-10-02,21:16:05,High,Under Investigation,24,Female
FIR00989,Vehicle Theft,Malleshwaram,13.000445,77.570511,2026-05-08,17:45:57,Low,Under Investigation,60,Female
FIR00990,Fraud,Marathahalli,12.959182,77.695191,2025-10-08,16:33:50,Medium,Under Investigation,41,Female
FIR00991,Fraud,Bellandur,12.924705,77.676923,2026-05-19,20:56:31,Medium,Under Investigation,24,Female
FIR00992,Theft,Indiranagar,12.98291,77.644234,2024-11-23,23:25:07,Low,Under Investigation,38,Female
FIR00993,Cyber Crime,Indiranagar,12.974919,77.636771,2026-03-15,18:18:36,Medium,Closed,38,Male
FIR00994,Domestic Violence,BTM Layout,12.915873,77.606919,2026-06-09,14:09:32,Medium,Under Investigation,67,Female
FIR00995,Robbery,Banashankari,12.919562,77.572371,2025-10-24,04:22:25,High,Under Investigation,47,Other
FIR00996,Fraud,Jayanagar,12.922313,77.594627,2025-02-08,15:49:00,Medium,Under Investigation,67,Other
FIR00997,Theft,Bellandur,12.931292,77.673197,2026-04-16,03:49:41,Low,Closed,46,Male
FIR00998,Theft,HSR Layout,12.908601,77.649873,2024-07-26,14:30:07,Low,Closed,21,Other
FIR00999,Murder,Banashankari,12.917818,77.569017,2025-02-01,21:54:35,High,Open,55,Female
FIR01000,Theft,Bellandur,12.924685,77.678527,2026-01-11,03:05:23,Low,Closed,62,Male
FIR01001,Assault,MG Road,12.980378,77.605349,2025-06-23,07:52:58,Medium,Open,41,Female
FIR01002,Fraud,Rajajinagar,12.987111,77.559321,2025-11-27,09:48:49,Medium,Closed,28,Female
FIR01003,Assault,Hebbal,13.033255,77.600235,2025-06-13,23:28:58,Medium,Closed,32,Male
FIR01004,Robbery,Koramangala,12.932759,77.622235,2025-10-21,02:51:13,High,Closed,34,Male
FIR01005,Domestic Violence,Hebbal,13.035146,77.595007,2024-08-15,11:21:56,Medium,Under Investigation,49,Female
FIR01006,Murder,Malleshwaram,13.001543,77.573783,2026-02-16,08:37:21,High,Under Investigation,47,Male
FIR01007,Fraud,Yelahanka,13.100371,77.593834,2026-04-07,14:44:30,Medium,Closed,29,Female
FIR01008,Vehicle Theft,Indiranagar,12.976149,77.636606,2026-05-05,17:38:27,Low,Under Investigation,24,Female
FIR01009,Fraud,Indiranagar,12.97592,77.643764,2024-08-25,21:38:35,Medium,Closed,57,Male
FIR01010,Assault,Jayanagar,12.920368,77.595788,2025-02-21,02:37:45,Medium,Open,52,Female
FIR01011,Fraud,Whitefield,12.965825,77.747433,2026-04-03,12:08:45,Medium,Open,63,Other
FIR01012,Kidnapping,Koramangala,12.933061,77.619524,2026-04-24,20:57:54,High,Open,67,Other
FIR01013,Fraud,Electronic City,12.84315,77.677933,2026-04-13,10:40:49,Medium,Closed,23,Female
FIR01014,Cyber Crime,BTM Layout,12.918681,77.611206,2026-03-24,03:19:23,Medium,Under Investigation,35,Male
FIR01015,Kidnapping,Jayanagar,12.926594,77.59725,2025-01-03,22:58:27,High,Under Investigation,36,Female
FIR01016,Assault,Marathahalli,12.9621,77.701599,2025-06-04,07:03:22,Medium,Open,55,Other
FIR01017,Assault,BTM Layout,12.912049,77.614795,2026-07-18,21:40:28,Medium,Under Investigation,37,Other
FIR01018,Theft,Koramangala,12.93348,77.628341,2025-06-24,04:53:38,Low,Closed,61,Female
FIR01019,Fraud,HSR Layout,12.907469,77.648219,2025-05-01,12:42:18,Medium,Open,53,Female
FIR01020,Murder,Rajajinagar,12.986609,77.555001,2024-09-15,21:22:23,High,Closed,68,Other
FIR01021,Cyber Crime,Banashankari,12.918466,77.568778,2025-05-22,10:21:00,Medium,Closed,24,Female
FIR01022,Assault,BTM Layout,12.916352,77.61362,2024-12-25,19:47:36,Medium,Under Investigation,50,Female
FIR01023,Fraud,Bellandur,12.929627,77.671503,2025-12-02,03:50:07,Medium,Under Investigation,49,Other
FIR01024,Robbery,Whitefield,12.971738,77.746538,2025-02-27,12:19:19,High,Under Investigation,48,Other
FIR01025,Murder,Koramangala,12.930247,77.622312,2026-01-05,09:06:37,High,Under Investigation,69,Other
FIR01026,Robbery,Hebbal,13.031035,77.595952,2025-04-27,09:12:54,High,Closed,68,Male
FIR01027,Kidnapping,Indiranagar,12.978969,77.636893,2024-09-12,22:47:33,High,Under Investigation,47,Male
FIR01028,Robbery,Indiranagar,12.979181,77.639599,2026-01-09,17:01:50,High,Open,46,Other
FIR01029,Cyber Crime,Koramangala,12.934636,77.619834,2025-12-20,23:53:41,Medium,Under Investigation,37,Female
FIR01030,Theft,Banashankari,12.921909,77.577522,2025-01-06,05:28:36,Low,Closed,65,Other
FIR01031,Assault,Banashankari,12.915948,77.570073,2025-02-18,07:47:16,Medium,Under Investigation,29,Other
FIR01032,Drug Offense,Electronic City,12.840918,77.674759,2026-07-18,02:54:47,Medium,Closed,59,Male
FIR01033,Kidnapping,Indiranagar,12.974001,77.645747,2024-10-03,06:37:19,High,Open,51,Other
FIR01034,Murder,Electronic City,12.83946,77.673764,2025-02-05,16:08:49,High,Under Investigation,23,Male
FIR01035,Theft,MG Road,12.975905,77.604875,2025-08-04,11:43:55,Low,Open,20,Female
FIR01036,Murder,MG Road,12.977374,77.609242,2026-01-07,16:29:12,High,Under Investigation,30,Male
FIR01037,Murder,Hebbal,13.036973,77.599285,2025-12-03,13:32:32,High,Closed,58,Other
FIR01038,Theft,Electronic City,12.839979,77.677353,2025-12-25,00:33:58,Low,Closed,29,Male
FIR01039,Cyber Crime,Bellandur,12.925243,77.673847,2025-01-24,04:14:22,Medium,Closed,30,Female
FIR01040,Domestic Violence,HSR Layout,12.913682,77.649575,2025-07-14,11:34:28,Medium,Under Investigation,30,Male
FIR01041,Drug Offense,Hebbal,13.030802,77.592781,2025-07-07,23:34:46,Medium,Closed,34,Male
FIR01042,Drug Offense,Electronic City,12.835533,77.673676,2026-07-12,09:33:24,Medium,Open,21,Female
FIR01043,Vehicle Theft,Yelahanka,13.097901,77.59565,2025-05-23,12:45:26,Low,Closed,34,Other
FIR01044,Domestic Violence,Electronic City,12.838931,77.673647,2026-04-01,14:11:01,Medium,Under Investigation,40,Other
FIR01045,Drug Offense,Electronic City,12.838376,77.673497,2024-12-15,19:48:21,Medium,Under Investigation,65,Female
FIR01046,Murder,Yelahanka,13.102497,77.599572,2026-06-05,17:09:09,High,Open,36,Female
FIR01047,Murder,MG Road,12.979796,77.601517,2026-01-05,04:57:27,High,Under Investigation,69,Female
FIR01048,Assault,Electronic City,12.844452,77.677716,2025-08-28,11:27:05,Medium,Closed,23,Male
FIR01049,Drug Offense,Hebbal,13.038611,77.59374,2025-12-09,19:40:48,Medium,Open,29,Other
FIR01050,Domestic Violence,Yelahanka,13.105614,77.59896,2026-01-18,19:18:29,Medium,Closed,41,Other
FIR01051,Drug Offense,Banashankari,12.92175,77.575412,2025-02-16,11:32:34,Medium,Under Investigation,42,Female
FIR01052,Theft,Malleshwaram,13.001902,77.56948,2024-11-28,17:04:41,Low,Under Investigation,55,Other
FIR01053,Kidnapping,Bellandur,12.928347,77.676724,2025-01-11,18:27:46,High,Closed,41,Other
FIR01054,Drug Offense,Koramangala,12.933948,77.621835,2026-03-07,20:24:27,Medium,Closed,45,Female
FIR01055,Fraud,Yelahanka,13.103414,77.597488,2024-09-16,02:21:02,Medium,Closed,40,Male
FIR01056,Theft,Electronic City,12.838676,77.676512,2026-02-24,02:11:53,Low,Closed,60,Female
FIR01057,Theft,Electronic City,12.842557,77.672597,2025-07-26,04:59:43,Low,Under Investigation,23,Male
FIR01058,Drug Offense,HSR Layout,12.915795,77.647571,2024-11-30,02:37:56,Medium,Under Investigation,59,Female
FIR01059,Robbery,Banashankari,12.921106,77.577456,2025-05-03,20:48:06,High,Under Investigation,57,Female
FIR01060,Cyber Crime,Marathahalli,12.960324,77.697901,2026-03-05,05:29:03,Medium,Under Investigation,67,Other
FIR01061,Cyber Crime,BTM Layout,12.917869,77.608576,2025-12-12,00:35:04,Medium,Under Investigation,62,Female
FIR01062,Domestic Violence,Jayanagar,12.923003,77.595973,2024-08-12,14:11:37,Medium,Open,66,Female
FIR01063,Murder,Marathahalli,12.959139,77.693281,2025-11-10,12:38:23,High,Under Investigation,66,Male
FIR01064,Fraud,Marathahalli,12.962444,77.69869,2025-06-08,09:04:02,Medium,Under Investigation,31,Other
FIR01065,Kidnapping,Whitefield,12.968725,77.750894,2025-10-07,03:58:58,High,Under Investigation,29,Male
FIR01066,Drug Offense,Bellandur,12.932561,77.675286,2024-11-22,13:50:51,Medium,Closed,66,Male
FIR01067,Cyber Crime,Banashankari,12.914909,77.573808,2025-08-16,21:15:01,Medium,Under Investigation,28,Other
FIR01068,Assault,Hebbal,13.036027,77.592009,2025-12-30,10:12:00,Medium,Under Investigation,70,Male
FIR01069,Robbery,BTM Layout,12.919832,77.610501,2025-04-26,08:51:25,High,Under Investigation,30,Male
FIR01070,Murder,Indiranagar,12.977373,77.638859,2026-05-15,00:08:22,High,Open,26,Other
FIR01071,Vehicle Theft,Marathahalli,12.961898,77.700459,2025-11-30,09:14:24,Low,Under Investigation,47,Female
FIR01072,Theft,HSR Layout,12.915686,77.643832,2025-07-25,03:36:09,Low,Under Investigation,41,Other
FIR01073,Cyber Crime,Indiranagar,12.981801,77.644647,2025-05-31,02:36:15,Medium,Under Investigation,37,Other
FIR01074,Robbery,MG Road,12.976478,77.600377,2025-09-21,18:43:30,High,Under Investigation,41,Male
FIR01075,Kidnapping,Koramangala,12.932389,77.627137,2026-01-16,07:03:57,High,Open,56,Female
FIR01076,Robbery,Rajajinagar,12.995935,77.551032,2024-08-23,10:36:19,High,Closed,26,Male
FIR01077,Drug Offense,Hebbal,13.039497,77.60036,2024-08-08,08:52:43,Medium,Open,19,Other
FIR01078,Fraud,Rajajinagar,12.99536,77.555899,2025-04-22,02:02:14,Medium,Open,30,Female
FIR01079,Assault,Malleshwaram,13.004647,77.568373,2025-10-25,10:06:01,Medium,Closed,32,Male
FIR01080,Vehicle Theft,Yelahanka,13.098661,77.596768,2025-06-05,13:19:44,Low,Under Investigation,57,Male
FIR01081,Kidnapping,Whitefield,12.970487,77.746681,2025-01-04,11:02:35,High,Closed,55,Male
FIR01082,Drug Offense,Whitefield,12.969388,77.748264,2026-02-28,19:10:14,Medium,Closed,65,Other
FIR01083,Cyber Crime,Hebbal,13.032243,77.600288,2026-07-04,06:21:49,Medium,Closed,42,Male
FIR01084,Fraud,HSR Layout,12.910546,77.647,2025-12-07,19:07:25,Medium,Closed,44,Female
FIR01085,Assault,Rajajinagar,12.988042,77.55603,2026-06-11,15:14:41,Medium,Under Investigation,68,Female
FIR01086,Theft,HSR Layout,12.909552,77.648656,2026-03-15,03:25:38,Low,Closed,70,Female
FIR01087,Domestic Violence,Yelahanka,13.095841,77.599862,2025-04-30,05:14:34,Medium,Under Investigation,53,Other
FIR01088,Fraud,Banashankari,12.915399,77.570897,2024-08-13,06:07:31,Medium,Closed,36,Other
FIR01089,Vehicle Theft,HSR Layout,12.911857,77.645143,2026-06-26,18:58:30,Low,Closed,41,Male
FIR01090,Theft,Whitefield,12.974473,77.7494,2024-11-17,15:16:52,Low,Under Investigation,37,Female
FIR01091,Drug Offense,Whitefield,12.965379,77.748457,2025-01-04,06:49:50,Medium,Closed,54,Female
FIR01092,Assault,Whitefield,12.97157,77.74712,2026-06-01,21:19:47,Medium,Closed,20,Female
FIR01093,Fraud,Rajajinagar,12.988049,77.550634,2026-06-18,20:58:10,Medium,Closed,40,Female
FIR01094,Domestic Violence,Indiranagar,12.976004,77.643027,2025-01-27,11:10:13,Medium,Open,29,Other
FIR01095,Vehicle Theft,Indiranagar,12.979399,77.638956,2026-04-22,03:00:44,Low,Open,29,Other
FIR01096,Kidnapping,Malleshwaram,13.003015,77.571798,2024-11-26,22:58:10,High,Closed,43,Female
FIR01097,Theft,Jayanagar,12.929287,77.596218,2026-05-04,13:48:49,Low,Closed,65,Male
FIR01098,Cyber Crime,Indiranagar,12.983317,77.636854,2024-08-18,10:54:33,Medium,Under Investigation,36,Male
FIR01099,Murder,Jayanagar,12.92762,77.590955,2025-03-01,17:38:37,High,Open,57,Female
FIR01100,Kidnapping,Banashankari,12.923298,77.569359,2026-01-30,09:42:44,High,Under Investigation,67,Other
FIR01101,Robbery,Malleshwaram,12.998849,77.572671,2024-12-24,06:56:55,High,Open,34,Female
FIR01102,Robbery,BTM Layout,12.919506,77.615058,2026-04-11,03:02:05,High,Under Investigation,22,Other
FIR01103,Kidnapping,Electronic City,12.837592,77.676799,2026-03-22,07:20:34,High,Under Investigation,34,Male
FIR01104,Drug Offense,Hebbal,13.032507,77.597626,2026-04-05,15:14:28,Medium,Under Investigation,54,Male
FIR01105,Fraud,Whitefield,12.966414,77.754363,2024-09-30,12:11:56,Medium,Open,35,Other
FIR01106,Vehicle Theft,Marathahalli,12.958607,77.696196,2025-10-12,10:55:14,Low,Open,20,Other
FIR01107,Vehicle Theft,Marathahalli,12.961227,77.693174,2024-10-11,03:58:36,Low,Open,42,Female
FIR01108,Domestic Violence,Malleshwaram,12.999565,77.565764,2025-11-26,19:45:31,Medium,Closed,41,Male
FIR01109,Murder,HSR Layout,12.91511,77.645109,2026-06-16,20:43:20,High,Under Investigation,62,Male
FIR01110,Vehicle Theft,Marathahalli,12.961432,77.694417,2025-03-16,16:15:10,Low,Open,61,Male
FIR01111,Fraud,Electronic City,12.836035,77.67529,2026-06-05,09:44:03,Medium,Open,37,Female
FIR01112,Cyber Crime,Hebbal,13.035821,77.594284,2024-08-24,12:54:42,Medium,Open,32,Female
FIR01113,Vehicle Theft,Marathahalli,12.963403,77.699236,2025-05-02,11:14:23,Low,Closed,60,Other
FIR01114,Murder,BTM Layout,12.917965,77.610083,2024-09-05,12:29:15,High,Under Investigation,34,Male
FIR01115,Kidnapping,Whitefield,12.970916,77.747427,2026-04-30,06:07:10,High,Closed,48,Other
FIR01116,Murder,HSR Layout,12.908661,77.6493,2026-07-16,17:06:13,High,Under Investigation,27,Other
FIR01117,Cyber Crime,Bellandur,12.930931,77.675333,2024-12-20,10:17:15,Medium,Under Investigation,20,Female
FIR01118,Kidnapping,Whitefield,12.973375,77.745449,2026-04-11,00:21:42,High,Open,53,Female
FIR01119,Drug Offense,Indiranagar,12.979846,77.643234,2025-03-01,05:02:59,Medium,Closed,65,Male
FIR01120,Kidnapping,Malleshwaram,13.003974,77.571585,2025-06-16,16:29:00,High,Closed,21,Female
FIR01121,Murder,Marathahalli,12.959321,77.695368,2025-03-04,23:50:05,High,Closed,41,Other
FIR01122,Kidnapping,Indiranagar,12.977514,77.640987,2025-01-02,02:15:25,High,Closed,57,Other
FIR01123,Vehicle Theft,Electronic City,12.838354,77.675519,2025-10-25,21:38:56,Low,Closed,42,Female
FIR01124,Theft,Jayanagar,12.923279,77.589178,2025-02-19,14:55:40,Low,Closed,34,Male
FIR01125,Domestic Violence,Banashankari,12.92219,77.572546,2026-02-21,00:41:57,Medium,Closed,70,Female
FIR01126,Murder,Indiranagar,12.973776,77.636569,2025-06-22,04:35:25,High,Closed,24,Female
FIR01127,Cyber Crime,Koramangala,12.933673,77.622431,2026-03-03,04:37:37,Medium,Under Investigation,49,Other
FIR01128,Domestic Violence,BTM Layout,12.914772,77.613653,2024-09-04,21:08:15,Medium,Under Investigation,26,Female
FIR01129,Vehicle Theft,Koramangala,12.938151,77.622756,2024-11-15,22:37:09,Low,Under Investigation,68,Male
FIR01130,Cyber Crime,Whitefield,12.974383,77.748479,2026-04-28,20:26:27,Medium,Under Investigation,45,Other
FIR01131,Fraud,HSR Layout,12.915541,77.648246,2025-01-30,04:35:32,Medium,Closed,53,Male
FIR01132,Vehicle Theft,Jayanagar,12.925233,77.589859,2026-07-15,10:48:20,Low,Under Investigation,65,Male
FIR01133,Drug Offense,Electronic City,12.841399,77.673416,2025-11-25,10:01:14,Medium,Open,18,Male
FIR01134,Drug Offense,Indiranagar,12.982404,77.640004,2026-02-26,18:48:16,Medium,Under Investigation,59,Male
FIR01135,Domestic Violence,HSR Layout,12.908583,77.646331,2026-06-10,02:28:02,Medium,Under Investigation,56,Female
FIR01136,Kidnapping,Whitefield,12.965597,77.745562,2025-08-25,13:52:16,High,Closed,19,Female
FIR01137,Cyber Crime,MG Road,12.97747,77.602257,2025-10-27,08:03:07,Medium,Under Investigation,23,Female
FIR01138,Murder,Banashankari,12.916842,77.578172,2026-01-23,03:46:48,High,Closed,69,Male
FIR01139,Drug Offense,Malleshwaram,13.006321,77.566186,2025-08-05,17:10:22,Medium,Open,29,Male
FIR01140,Robbery,Yelahanka,13.10108,77.599588,2025-10-08,20:20:08,High,Under Investigation,58,Female
FIR01141,Theft,Koramangala,12.930329,77.62133,2025-11-04,14:00:49,Low,Open,27,Female
FIR01142,Murder,HSR Layout,12.913173,77.645401,2026-07-22,22:06:35,High,Closed,67,Male
FIR01143,Domestic Violence,Jayanagar,12.929745,77.598486,2025-04-19,02:19:01,Medium,Under Investigation,47,Other
FIR01144,Cyber Crime,Marathahalli,12.958828,77.694174,2025-09-17,23:13:30,Medium,Closed,51,Female
FIR01145,Robbery,Rajajinagar,12.994757,77.554256,2026-07-08,11:18:29,High,Under Investigation,58,Male
FIR01146,Assault,Marathahalli,12.955441,77.701948,2024-10-08,05:52:55,Medium,Under Investigation,41,Other
FIR01147,Drug Offense,Bellandur,12.930321,77.672756,2025-03-15,15:51:21,Medium,Closed,68,Male
FIR01148,Vehicle Theft,Malleshwaram,13.008227,77.573631,2026-02-03,15:30:04,Low,Open,34,Other
FIR01149,Fraud,Marathahalli,12.959129,77.699067,2025-12-27,18:30:40,Medium,Under Investigation,55,Female
FIR01150,Murder,HSR Layout,12.908659,77.647073,2024-08-10,10:30:56,High,Open,42,Other
FIR01151,Domestic Violence,Hebbal,13.040066,77.595896,2026-03-11,19:12:06,Medium,Under Investigation,40,Other
FIR01152,Robbery,Rajajinagar,12.987745,77.552675,2026-03-26,04:48:43,High,Under Investigation,27,Female
FIR01153,Cyber Crime,MG Road,12.97358,77.601542,2025-11-18,00:10:47,Medium,Closed,52,Male
FIR01154,Drug Offense,Jayanagar,12.928957,77.597738,2024-08-31,01:19:15,Medium,Under Investigation,34,Male
FIR01155,Cyber Crime,Banashankari,12.914208,77.574519,2025-11-01,10:48:01,Medium,Closed,43,Male
FIR01156,Cyber Crime,Jayanagar,12.923187,77.592724,2024-11-16,14:18:12,Medium,Under Investigation,47,Other
FIR01157,Assault,Koramangala,12.937456,77.625584,2024-08-27,21:51:03,Medium,Open,40,Male
FIR01158,Fraud,Jayanagar,12.922564,77.593499,2026-03-05,22:31:50,Medium,Under Investigation,25,Male
FIR01159,Kidnapping,MG Road,12.980251,77.604857,2026-06-03,22:07:34,High,Under Investigation,18,Other
FIR01160,Drug Offense,Marathahalli,12.961387,77.701604,2024-12-11,17:38:00,Medium,Closed,38,Male
FIR01161,Assault,Whitefield,12.971373,77.753309,2026-07-03,07:04:45,Medium,Closed,60,Other
FIR01162,Cyber Crime,Whitefield,12.967063,77.749452,2025-10-11,04:50:02,Medium,Closed,56,Other
FIR01163,Kidnapping,Yelahanka,13.099663,77.600592,2025-05-02,08:05:25,High,Closed,28,Other
FIR01164,Assault,Hebbal,13.030873,77.597116,2025-07-06,15:32:48,Medium,Open,20,Other
FIR01165,Assault,Jayanagar,12.928673,77.598092,2025-09-14,17:55:59,Medium,Open,26,Male
FIR01166,Murder,Yelahanka,13.102274,77.598597,2025-05-13,16:10:24,High,Open,41,Male
FIR01167,Vehicle Theft,HSR Layout,12.90996,77.647844,2026-07-06,15:27:38,Low,Closed,43,Other
FIR01168,Vehicle Theft,Hebbal,13.036917,77.599724,2026-03-02,12:24:26,Low,Closed,55,Female
FIR01169,Robbery,Malleshwaram,13.007228,77.56689,2025-01-26,09:50:29,High,Open,37,Male
FIR01170,Assault,Rajajinagar,12.988595,77.549583,2025-07-05,15:17:12,Medium,Under Investigation,39,Female
FIR01171,Vehicle Theft,Yelahanka,13.097277,77.593523,2024-12-05,05:20:15,Low,Closed,20,Male
FIR01172,Fraud,Koramangala,12.932822,77.62144,2024-09-13,14:44:58,Medium,Closed,58,Male
FIR01173,Domestic Violence,HSR Layout,12.915216,77.643222,2024-08-03,06:33:04,Medium,Under Investigation,58,Other
FIR01174,Kidnapping,HSR Layout,12.915799,77.645668,2024-09-12,08:14:55,High,Under Investigation,59,Other
FIR01175,Drug Offense,Bellandur,12.929393,77.671799,2025-11-14,03:19:03,Medium,Closed,38,Other
FIR01176,Drug Offense,Malleshwaram,13.006085,77.568857,2025-04-12,06:19:54,Medium,Closed,29,Female
FIR01177,Vehicle Theft,Electronic City,12.841689,77.672046,2025-04-27,09:15:08,Low,Open,27,Female
FIR01178,Fraud,Jayanagar,12.925635,77.598123,2025-12-30,10:12:59,Medium,Open,19,Female
FIR01179,Cyber Crime,BTM Layout,12.921432,77.611531,2024-10-12,08:28:57,Medium,Under Investigation,62,Female
FIR01180,Cyber Crime,Banashankari,12.919649,77.576084,2024-09-22,02:05:14,Medium,Open,28,Other
FIR01181,Kidnapping,MG Road,12.971091,77.60756,2026-02-08,11:41:32,High,Closed,63,Other
FIR01182,Fraud,Whitefield,12.971463,77.747866,2025-10-18,12:53:18,Medium,Under Investigation,65,Other
FIR01183,Drug Offense,MG Road,12.971229,77.60163,2025-10-10,08:04:07,Medium,Open,59,Female
FIR01184,Robbery,Yelahanka,13.104156,77.594446,2025-01-19,08:39:32,High,Under Investigation,67,Other
FIR01185,Cyber Crime,Whitefield,12.971684,77.747188,2026-03-14,20:38:48,Medium,Open,30,Female
FIR01186,Drug Offense,Jayanagar,12.923164,77.595002,2026-06-02,02:01:30,Medium,Open,25,Male
FIR01187,Domestic Violence,Jayanagar,12.922349,77.594733,2026-04-23,16:48:58,Medium,Under Investigation,62,Female
FIR01188,Murder,Electronic City,12.83612,77.679434,2025-08-10,04:54:58,High,Under Investigation,25,Female
FIR01189,Cyber Crime,Jayanagar,12.923455,77.59441,2024-12-13,23:14:33,Medium,Open,33,Female
FIR01190,Assault,Koramangala,12.936968,77.626348,2024-07-31,07:34:47,Medium,Closed,39,Male
FIR01191,Domestic Violence,Bellandur,12.931609,77.673697,2025-12-25,08:53:21,Medium,Under Investigation,44,Female
FIR01192,Drug Offense,Malleshwaram,13.007746,77.569946,2025-11-24,13:47:26,Medium,Closed,69,Other
FIR01193,Theft,HSR Layout,12.907916,77.643162,2025-12-20,09:44:27,Low,Open,33,Male
FIR01194,Assault,HSR Layout,12.915057,77.64608,2025-09-24,09:06:56,Medium,Closed,65,Male
FIR01195,Domestic Violence,Electronic City,12.84485,77.680459,2026-03-29,12:04:29,Medium,Open,70,Male
FIR01196,Assault,Marathahalli,12.957197,77.7006,2025-07-07,23:02:26,Medium,Open,21,Female
FIR01197,Murder,Indiranagar,12.976783,77.640411,2026-04-28,22:49:18,High,Under Investigation,53,Female
FIR01198,Domestic Violence,BTM Layout,12.913834,77.614173,2026-06-11,05:52:12,Medium,Under Investigation,24,Other
FIR01199,Vehicle Theft,Rajajinagar,12.9866,77.55897,2025-12-17,12:23:47,Low,Under Investigation,61,Male
FIR01200,Vehicle Theft,Whitefield,12.973108,77.747294,2025-09-13,14:07:46,Low,Open,42,Male
FIR01201,Cyber Crime,Electronic City,12.841869,77.674995,2026-03-30,16:33:04,Medium,Under Investigation,22,Other
FIR01202,Assault,Banashankari,12.921576,77.578065,2025-05-18,14:21:20,Medium,Open,31,Female
FIR01203,Cyber Crime,Indiranagar,12.978695,77.640574,2025-10-08,20:16:00,Medium,Open,24,Other
FIR01204,Cyber Crime,Whitefield,12.966014,77.749351,2024-11-17,09:14:30,Medium,Closed,45,Female
FIR01205,Fraud,Malleshwaram,13.002622,77.568315,2025-03-27,23:23:16,Medium,Under Investigation,35,Male
FIR01206,Murder,Banashankari,12.9203,77.5745,2025-04-13,07:53:50,High,Closed,65,Female
FIR01207,Robbery,Whitefield,12.966355,77.752405,2025-04-06,17:53:38,High,Under Investigation,50,Female
FIR01208,Fraud,MG Road,12.975561,77.603289,2026-05-18,23:31:45,Medium,Closed,46,Other
FIR01209,Assault,Electronic City,12.840909,77.678401,2026-04-16,13:41:17,Medium,Open,62,Female
FIR01210,Domestic Violence,Banashankari,12.923372,77.572061,2024-09-19,14:02:10,Medium,Open,39,Female
FIR01211,Theft,Rajajinagar,12.98691,77.556201,2026-04-19,09:22:21,Low,Open,28,Other
FIR01212,Kidnapping,Rajajinagar,12.9883,77.555207,2024-10-06,12:31:00,High,Under Investigation,63,Male
FIR01213,Assault,Rajajinagar,12.991699,77.557218,2025-05-02,23:53:33,Medium,Closed,29,Male
FIR01214,Assault,Hebbal,13.037708,77.600348,2025-06-26,04:42:58,Medium,Closed,57,Female
FIR01215,Fraud,Hebbal,13.038809,77.601879,2024-10-19,08:20:16,Medium,Open,43,Male
FIR01216,Robbery,Indiranagar,12.975069,77.635932,2025-09-22,09:46:24,High,Open,25,Male
FIR01217,Assault,Whitefield,12.965331,77.746095,2025-01-24,08:27:03,Medium,Open,42,Other
FIR01218,Vehicle Theft,Indiranagar,12.979096,77.638156,2025-10-30,00:22:37,Low,Closed,35,Male
FIR01219,Theft,Yelahanka,13.10008,77.596857,2025-09-24,05:03:29,Low,Closed,44,Other
FIR01220,Kidnapping,HSR Layout,12.908874,77.650947,2024-09-15,01:37:23,High,Open,64,Other
FIR01221,Vehicle Theft,Banashankari,12.91362,77.573678,2025-03-06,04:35:15,Low,Under Investigation,20,Other
FIR01222,Fraud,Bellandur,12.925,77.679449,2025-08-28,03:02:07,Medium,Closed,50,Female
FIR01223,Fraud,Rajajinagar,12.988558,77.558232,2025-06-29,07:07:09,Medium,Under Investigation,68,Female
FIR01224,Theft,Electronic City,12.841519,77.678338,2024-10-16,05:31:19,Low,Closed,40,Other
FIR01225,Domestic Violence,Malleshwaram,13.002074,77.57387,2025-07-02,10:11:51,Medium,Closed,60,Female
FIR01226,Cyber Crime,BTM Layout,12.912766,77.613956,2026-07-05,18:20:24,Medium,Closed,56,Other
FIR01227,Kidnapping,Whitefield,12.968,77.752153,2026-04-11,03:39:20,High,Closed,23,Other
FIR01228,Domestic Violence,Yelahanka,13.097537,77.593801,2025-05-20,15:55:41,Medium,Closed,54,Other
FIR01229,Robbery,Marathahalli,12.961173,77.697075,2024-09-25,07:04:43,High,Under Investigation,52,Female
FIR01230,Theft,Malleshwaram,13.004128,77.571413,2025-04-30,14:27:27,Low,Under Investigation,32,Other
FIR01231,Vehicle Theft,MG Road,12.978068,77.608967,2026-01-11,01:40:14,Low,Open,56,Female
FIR01232,Murder,Hebbal,13.030934,77.597627,2025-07-11,22:18:32,High,Closed,63,Female
FIR01233,Domestic Violence,HSR Layout,12.9076,77.646907,2025-03-24,15:58:14,Medium,Closed,45,Other
FIR01234,Vehicle Theft,Koramangala,12.933614,77.620058,2025-06-26,03:04:07,Low,Closed,29,Female
FIR01235,Robbery,HSR Layout,12.912388,77.644243,2024-12-08,19:27:30,High,Open,22,Female
FIR01236,Kidnapping,MG Road,12.976633,77.603139,2026-04-13,04:32:41,High,Closed,70,Female
FIR01237,Theft,BTM Layout,12.911874,77.611059,2025-07-17,16:47:02,Low,Closed,45,Female
FIR01238,Robbery,Electronic City,12.840337,77.675853,2024-11-30,02:23:33,High,Open,33,Female
FIR01239,Robbery,HSR Layout,12.910386,77.651275,2024-11-19,00:00:02,High,Open,69,Other
FIR01240,Murder,Koramangala,12.934776,77.626974,2025-09-01,10:49:12,High,Closed,48,Other
FIR01241,Assault,BTM Layout,12.92011,77.607326,2024-09-06,02:07:03,Medium,Under Investigation,30,Female
FIR01242,Robbery,BTM Layout,12.920634,77.605186,2025-04-02,23:12:37,High,Closed,29,Female
FIR01243,Drug Offense,Marathahalli,12.956548,77.699528,2026-01-06,13:28:30,Medium,Under Investigation,67,Other
FIR01244,Drug Offense,Whitefield,12.968102,77.754004,2024-10-02,01:59:30,Medium,Under Investigation,70,Female
FIR01245,Cyber Crime,Koramangala,12.930631,77.626985,2025-06-15,03:26:41,Medium,Closed,19,Other
FIR01246,Robbery,Indiranagar,12.979675,77.645364,2025-02-09,21:12:41,High,Under Investigation,62,Female
FIR01247,Fraud,Hebbal,13.037921,77.597959,2026-07-21,04:55:44,Medium,Closed,49,Female
FIR01248,Robbery,Whitefield,12.971783,77.753785,2025-06-17,06:48:44,High,Closed,55,Male
FIR01249,Domestic Violence,Yelahanka,13.098171,77.599886,2025-05-07,02:15:44,Medium,Under Investigation,62,Other
FIR01250,Kidnapping,Rajajinagar,12.992327,77.552028,2024-10-02,06:52:03,High,Closed,26,Male
FIR01251,Fraud,HSR Layout,12.90822,77.651583,2024-09-04,04:01:39,Medium,Closed,53,Female
FIR01252,Cyber Crime,Marathahalli,12.958101,77.696808,2024-08-30,08:37:18,Medium,Open,39,Male
FIR01253,Kidnapping,MG Road,12.976138,77.602635,2025-08-25,11:52:23,High,Open,48,Male
FIR01254,Vehicle Theft,Rajajinagar,12.994051,77.556689,2025-11-21,12:46:16,Low,Closed,23,Other
FIR01255,Vehicle Theft,Jayanagar,12.925606,77.590946,2025-09-27,08:59:26,Low,Under Investigation,60,Female
FIR01256,Kidnapping,Whitefield,12.966316,77.750095,2026-04-12,22:10:51,High,Closed,41,Other
FIR01257,Cyber Crime,Whitefield,12.972955,77.747759,2026-07-13,16:05:52,Medium,Closed,34,Female
FIR01258,Murder,Electronic City,12.837111,77.681989,2026-07-18,17:47:42,High,Closed,51,Female
FIR01259,Drug Offense,Electronic City,12.844764,77.680804,2025-01-10,18:36:33,Medium,Under Investigation,48,Male
FIR01260,Cyber Crime,Hebbal,13.039859,77.594405,2025-03-01,13:56:19,Medium,Closed,44,Female
FIR01261,Theft,Koramangala,12.935854,77.622738,2025-11-21,03:38:59,Low,Under Investigation,24,Male
FIR01262,Robbery,Marathahalli,12.9587,77.69622,2025-03-21,23:39:01,High,Closed,20,Other
FIR01263,Domestic Violence,BTM Layout,12.915602,77.60725,2025-11-30,04:22:00,Medium,Under Investigation,58,Male
FIR01264,Murder,Marathahalli,12.96211,77.694041,2026-06-22,19:11:40,High,Under Investigation,21,Female
FIR01265,Vehicle Theft,Rajajinagar,12.991939,77.554177,2025-10-22,19:39:12,Low,Closed,69,Male
FIR01266,Theft,MG Road,12.977214,77.601362,2026-06-29,14:25:44,Low,Under Investigation,42,Other
FIR01267,Murder,Whitefield,12.969605,77.750515,2025-01-29,15:37:55,High,Closed,36,Female
FIR01268,Vehicle Theft,Rajajinagar,12.988025,77.553507,2024-09-02,08:26:22,Low,Closed,38,Other
FIR01269,Fraud,HSR Layout,12.915878,77.651706,2025-03-10,11:35:33,Medium,Under Investigation,42,Other
FIR01270,Fraud,Hebbal,13.035705,77.594347,2025-05-11,20:04:30,Medium,Open,25,Male
FIR01271,Robbery,Banashankari,12.914021,77.573414,2024-09-20,17:17:29,High,Under Investigation,50,Male
FIR01272,Assault,BTM Layout,12.917352,77.613886,2024-09-05,05:09:09,Medium,Under Investigation,25,Female
FIR01273,Domestic Violence,Jayanagar,12.928105,77.591155,2024-07-31,10:06:07,Medium,Under Investigation,43,Female
FIR01274,Murder,Indiranagar,12.975968,77.642943,2024-09-20,12:40:55,High,Under Investigation,63,Male
FIR01275,Robbery,Hebbal,13.035219,77.594797,2024-12-02,15:45:26,High,Under Investigation,32,Female
FIR01276,Drug Offense,BTM Layout,12.918042,77.609333,2026-01-04,00:01:37,Medium,Under Investigation,27,Other
FIR01277,Assault,Jayanagar,12.923093,77.596355,2026-06-17,03:10:01,Medium,Under Investigation,70,Female
FIR01278,Fraud,Malleshwaram,13.00433,77.568679,2025-08-07,17:50:19,Medium,Under Investigation,43,Female
FIR01279,Drug Offense,Whitefield,12.97193,77.749841,2026-07-18,08:52:45,Medium,Closed,66,Female
FIR01280,Drug Offense,Yelahanka,13.098635,77.599917,2026-06-16,07:36:01,Medium,Closed,27,Female
FIR01281,Fraud,Rajajinagar,12.991167,77.558953,2025-07-17,01:46:28,Medium,Open,35,Male
FIR01282,Drug Offense,Indiranagar,12.97833,77.643512,2024-11-23,20:42:06,Medium,Under Investigation,61,Male
FIR01283,Robbery,BTM Layout,12.919282,77.608798,2026-02-07,23:02:07,High,Under Investigation,28,Female
FIR01284,Robbery,HSR Layout,12.911088,77.647271,2025-05-25,18:14:00,High,Closed,28,Other
FIR01285,Domestic Violence,Banashankari,12.917406,77.570595,2025-07-13,11:18:02,Medium,Open,26,Male
FIR01286,Domestic Violence,Electronic City,12.840393,77.679516,2024-09-23,08:57:22,Medium,Under Investigation,21,Female
FIR01287,Theft,Jayanagar,12.926292,77.596289,2025-11-24,16:41:54,Low,Open,21,Other
FIR01288,Fraud,MG Road,12.980208,77.605605,2025-10-06,04:56:11,Medium,Closed,34,Male
FIR01289,Cyber Crime,Jayanagar,12.92472,77.597929,2025-03-23,19:08:39,Medium,Closed,28,Female
FIR01290,Assault,HSR Layout,12.908013,77.647701,2024-11-06,10:41:07,Medium,Under Investigation,27,Male
FIR01291,Murder,Electronic City,12.838302,77.672758,2025-06-20,16:19:14,High,Open,30,Male
FIR01292,Drug Offense,Malleshwaram,13.007607,77.571026,2025-03-21,14:02:41,Medium,Open,43,Male
FIR01293,Vehicle Theft,Malleshwaram,13.003793,77.571566,2025-12-09,00:53:14,Low,Under Investigation,43,Male
FIR01294,Drug Offense,Whitefield,12.969385,77.745801,2026-06-17,13:17:27,Medium,Closed,59,Male
FIR01295,Robbery,BTM Layout,12.913314,77.61279,2025-10-22,19:34:08,High,Under Investigation,49,Female
FIR01296,Kidnapping,Bellandur,12.931995,77.67314,2026-07-11,22:33:50,High,Under Investigation,66,Female
FIR01297,Drug Offense,Bellandur,12.927703,77.680766,2025-09-10,01:18:12,Medium,Under Investigation,70,Female
FIR01298,Fraud,BTM Layout,12.916246,77.611053,2025-10-18,16:28:16,Medium,Closed,47,Female
FIR01299,Fraud,Marathahalli,12.960973,77.694021,2024-11-27,02:46:36,Medium,Under Investigation,65,Other
FIR01300,Theft,Whitefield,12.969159,77.753654,2025-05-17,05:25:34,Low,Open,27,Female
FIR01301,Assault,Koramangala,12.932171,77.627571,2026-07-20,19:58:29,Medium,Open,67,Female
FIR01302,Assault,Whitefield,12.964858,77.752177,2025-09-01,00:02:32,Medium,Open,58,Female
FIR01303,Fraud,Koramangala,12.936248,77.620691,2025-08-26,18:09:39,Medium,Closed,25,Female
FIR01304,Cyber Crime,Whitefield,12.968754,77.747215,2025-09-11,01:01:49,Medium,Open,49,Female
FIR01305,Robbery,Malleshwaram,13.005758,77.570582,2026-01-30,12:06:39,High,Closed,42,Other
FIR01306,Vehicle Theft,Whitefield,12.970509,77.753231,2024-08-01,06:20:01,Low,Open,43,Male
FIR01307,Cyber Crime,Marathahalli,12.959678,77.694802,2025-04-08,05:27:17,Medium,Closed,33,Male
FIR01308,Domestic Violence,Yelahanka,13.103455,77.601191,2025-01-04,13:57:07,Medium,Open,41,Female
FIR01309,Assault,Bellandur,12.928923,77.677121,2026-07-14,02:12:30,Medium,Open,65,Female
FIR01310,Robbery,Koramangala,12.933382,77.626956,2025-11-08,08:30:49,High,Open,27,Other
FIR01311,Theft,BTM Layout,12.91805,77.607901,2025-06-06,00:17:56,Low,Under Investigation,27,Male
FIR01312,Assault,Banashankari,12.914345,77.578057,2025-01-23,09:10:21,Medium,Under Investigation,52,Male
FIR01313,Drug Offense,Koramangala,12.936957,77.624252,2025-09-29,21:14:44,Medium,Under Investigation,19,Male
FIR01314,Cyber Crime,MG Road,12.971188,77.608997,2026-05-20,01:20:41,Medium,Open,25,Male
FIR01315,Murder,HSR Layout,12.911729,77.647822,2026-04-02,03:31:26,High,Closed,66,Male
FIR01316,Kidnapping,Jayanagar,12.923011,77.590139,2024-11-13,03:46:42,High,Closed,52,Male
FIR01317,Assault,Whitefield,12.967725,77.753279,2025-10-22,14:51:55,Medium,Under Investigation,69,Other
FIR01318,Robbery,Yelahanka,13.101879,77.59582,2024-10-02,14:41:13,High,Open,53,Other
FIR01319,Assault,Rajajinagar,12.987602,77.554159,2025-03-16,15:38:16,Medium,Open,23,Other
FIR01320,Drug Offense,BTM Layout,12.917528,77.612772,2025-04-06,05:42:54,Medium,Open,22,Other
FIR01321,Kidnapping,Bellandur,12.926173,77.677426,2025-04-22,02:44:32,High,Under Investigation,66,Female
FIR01322,Theft,Marathahalli,12.954388,77.70136,2025-11-08,16:33:41,Low,Open,19,Other
FIR01323,Vehicle Theft,Whitefield,12.966193,77.754543,2024-10-27,01:56:29,Low,Closed,22,Other
FIR01324,Robbery,Marathahalli,12.955503,77.697496,2025-10-28,07:00:11,High,Under Investigation,55,Male
FIR01325,Domestic Violence,MG Road,12.975894,77.60812,2024-08-30,23:47:29,Medium,Open,26,Male
FIR01326,Drug Offense,HSR Layout,12.911132,77.649918,2026-05-10,10:46:35,Medium,Closed,36,Female
FIR01327,Fraud,Hebbal,13.03748,77.593205,2025-02-22,09:14:09,Medium,Open,38,Male
FIR01328,Domestic Violence,Indiranagar,12.976416,77.645167,2025-12-20,02:50:21,Medium,Closed,27,Female
FIR01329,Cyber Crime,Bellandur,12.924505,77.671927,2024-10-23,07:17:44,Medium,Under Investigation,47,Other
FIR01330,Murder,Electronic City,12.839261,77.678383,2025-04-15,05:39:27,High,Open,30,Male
FIR01331,Cyber Crime,Bellandur,12.92671,77.675406,2026-04-02,06:33:21,Medium,Under Investigation,25,Male
FIR01332,Vehicle Theft,Rajajinagar,12.99035,77.557172,2025-11-30,01:24:03,Low,Under Investigation,26,Male
FIR01333,Cyber Crime,Jayanagar,12.922676,77.589513,2025-08-13,10:44:15,Medium,Open,46,Other
FIR01334,Cyber Crime,Malleshwaram,13.001695,77.568161,2026-01-16,22:52:21,Medium,Closed,51,Other
FIR01335,Domestic Violence,Koramangala,12.93945,77.620318,2024-09-07,05:07:04,Medium,Closed,28,Male
FIR01336,Murder,Koramangala,12.932808,77.627145,2026-05-24,19:16:39,High,Under Investigation,24,Female
FIR01337,Fraud,Indiranagar,12.977465,77.641207,2025-02-23,12:14:55,Medium,Closed,40,Female
FIR01338,Fraud,Yelahanka,13.104442,77.600942,2024-10-05,07:29:34,Medium,Under Investigation,57,Female
FIR01339,Robbery,Whitefield,12.966829,77.751712,2026-04-01,21:26:07,High,Closed,35,Female
FIR01340,Murder,BTM Layout,12.911655,77.609538,2025-10-02,19:18:24,High,Under Investigation,57,Other
FIR01341,Vehicle Theft,Bellandur,12.923681,77.678011,2024-10-01,11:49:45,Low,Closed,39,Other
FIR01342,Assault,HSR Layout,12.91422,77.644059,2026-06-01,15:59:18,Medium,Open,35,Female
FIR01343,Kidnapping,Marathahalli,12.961014,77.694029,2025-06-13,18:46:29,High,Open,53,Male
FIR01344,Assault,Indiranagar,12.973513,77.636282,2024-08-20,18:00:10,Medium,Under Investigation,55,Male
FIR01345,Assault,Whitefield,12.966807,77.751191,2026-02-23,17:13:54,Medium,Under Investigation,23,Other
FIR01346,Kidnapping,Malleshwaram,13.006099,77.567691,2026-01-13,07:47:47,High,Under Investigation,46,Other
FIR01347,Fraud,Jayanagar,12.925083,77.59358,2025-04-10,06:46:48,Medium,Open,36,Male
FIR01348,Fraud,Koramangala,12.934339,77.62594,2025-03-14,13:40:34,Medium,Under Investigation,55,Female
FIR01349,Theft,Marathahalli,12.962476,77.701295,2026-04-18,12:14:20,Low,Open,31,Female
FIR01350,Theft,Yelahanka,13.098725,77.592496,2026-07-22,18:47:11,Low,Closed,21,Female
FIR01351,Murder,MG Road,12.976757,77.606204,2024-09-10,15:19:59,High,Under Investigation,19,Male
FIR01352,Assault,HSR Layout,12.907296,77.645207,2025-12-24,04:21:18,Medium,Under Investigation,36,Female
FIR01353,Robbery,Banashankari,12.921512,77.573511,2025-04-12,11:10:24,High,Under Investigation,57,Female
FIR01354,Murder,Whitefield,12.967541,77.74588,2026-06-30,20:04:41,High,Under Investigation,27,Other
FIR01355,Murder,Marathahalli,12.964074,77.697093,2026-02-04,13:29:19,High,Closed,29,Female
FIR01356,Assault,HSR Layout,12.9149,77.651115,2025-03-23,19:21:32,Medium,Open,20,Male
FIR01357,Kidnapping,HSR Layout,12.909956,77.652124,2025-12-03,19:31:09,High,Open,54,Female
FIR01358,Cyber Crime,Banashankari,12.91735,77.571499,2025-04-08,07:21:02,Medium,Closed,54,Other
FIR01359,Fraud,Electronic City,12.838695,77.677865,2026-05-10,19:00:30,Medium,Closed,30,Male
FIR01360,Theft,Bellandur,12.930725,77.680251,2026-03-21,19:04:12,Low,Under Investigation,47,Other
FIR01361,Drug Offense,Koramangala,12.931186,77.628122,2026-03-23,20:20:27,Medium,Under Investigation,25,Female
FIR01362,Domestic Violence,Electronic City,12.838629,77.680871,2026-07-14,04:14:20,Medium,Under Investigation,63,Male
FIR01363,Vehicle Theft,Yelahanka,13.100521,77.59338,2024-11-19,13:58:50,Low,Closed,64,Male
FIR01364,Murder,Banashankari,12.91806,77.575346,2025-08-11,10:20:41,High,Under Investigation,49,Other
FIR01365,Robbery,Malleshwaram,12.998617,77.574595,2025-07-27,02:20:11,High,Open,52,Other
FIR01366,Assault,Marathahalli,12.959637,77.700583,2025-03-10,22:23:44,Medium,Open,26,Male
FIR01367,Cyber Crime,Rajajinagar,12.993632,77.553452,2024-07-30,11:02:55,Medium,Open,56,Other
FIR01368,Domestic Violence,Jayanagar,12.922801,77.598108,2024-11-23,07:18:33,Medium,Closed,47,Female
FIR01369,Robbery,Whitefield,12.968748,77.753644,2025-08-04,23:02:58,High,Closed,30,Female
FIR01370,Robbery,Whitefield,12.972713,77.754668,2024-09-25,12:30:04,High,Open,48,Male
FIR01371,Kidnapping,MG Road,12.979642,77.608791,2025-08-11,09:47:20,High,Closed,49,Other
FIR01372,Domestic Violence,Malleshwaram,13.00833,77.567464,2024-09-26,13:34:59,Medium,Closed,42,Other
FIR01373,Cyber Crime,Whitefield,12.972937,77.746753,2026-05-22,21:19:58,Medium,Under Investigation,64,Female
FIR01374,Domestic Violence,MG Road,12.979707,77.604965,2025-01-21,09:32:56,Medium,Closed,43,Female
FIR01375,Cyber Crime,Indiranagar,12.977798,77.642584,2026-05-02,07:48:05,Medium,Closed,58,Other
FIR01376,Robbery,Koramangala,12.933946,77.620016,2025-01-03,18:07:35,High,Closed,36,Female
FIR01377,Cyber Crime,MG Road,12.979225,77.609932,2025-12-21,22:05:28,Medium,Open,26,Female
FIR01378,Assault,Yelahanka,13.097964,77.597405,2026-01-17,23:33:31,Medium,Closed,34,Other
FIR01379,Cyber Crime,Koramangala,12.931381,77.625459,2026-02-15,10:13:00,Medium,Open,23,Male
FIR01380,Drug Offense,Banashankari,12.915142,77.576087,2026-07-23,05:04:09,Medium,Closed,53,Other
FIR01381,Kidnapping,Bellandur,12.924398,77.67996,2024-09-10,00:39:45,High,Closed,54,Male
FIR01382,Robbery,Electronic City,12.83572,77.681821,2024-08-18,11:01:49,High,Closed,37,Female
FIR01383,Drug Offense,Koramangala,12.939547,77.625249,2024-08-27,11:29:16,Medium,Closed,45,Male
FIR01384,Domestic Violence,Electronic City,12.837955,77.67892,2026-05-27,19:37:41,Medium,Open,62,Female
FIR01385,Theft,Rajajinagar,12.994617,77.550261,2026-02-21,03:38:13,Low,Under Investigation,40,Female
FIR01386,Assault,Jayanagar,12.920418,77.597382,2025-11-02,06:09:32,Medium,Open,20,Female
FIR01387,Robbery,Marathahalli,12.963072,77.701137,2026-04-04,14:47:33,High,Under Investigation,67,Other
FIR01388,Fraud,Hebbal,13.035663,77.592668,2025-12-28,11:37:19,Medium,Under Investigation,36,Other
FIR01389,Drug Offense,MG Road,12.974432,77.607881,2025-08-20,12:22:01,Medium,Open,50,Male
FIR01390,Robbery,Rajajinagar,12.989223,77.553327,2025-11-29,15:22:05,High,Under Investigation,59,Female
FIR01391,Robbery,Rajajinagar,12.993474,77.551188,2026-05-26,22:36:14,High,Closed,57,Male
FIR01392,Fraud,HSR Layout,12.911172,77.642409,2026-03-19,01:03:08,Medium,Closed,46,Other
FIR01393,Cyber Crime,BTM Layout,12.912942,77.610067,2025-11-25,13:23:21,Medium,Closed,57,Male
FIR01394,Robbery,Electronic City,12.84437,77.674156,2026-05-13,21:06:43,High,Closed,46,Other
FIR01395,Vehicle Theft,Indiranagar,12.982046,77.642222,2024-07-23,09:14:33,Low,Closed,50,Other
FIR01396,Robbery,Jayanagar,12.92189,77.589067,2025-05-23,04:57:59,High,Closed,56,Female
FIR01397,Vehicle Theft,Jayanagar,12.929325,77.591042,2024-11-10,17:50:01,Low,Closed,45,Other
FIR01398,Theft,Banashankari,12.916327,77.571226,2025-06-02,19:53:58,Low,Open,33,Other
FIR01399,Assault,HSR Layout,12.908891,77.648273,2024-12-30,16:47:56,Medium,Closed,50,Male
FIR01400,Robbery,HSR Layout,12.914962,77.650772,2024-11-18,11:10:33,High,Open,26,Other
FIR01401,Vehicle Theft,Electronic City,12.83718,77.675483,2024-11-22,21:05:28,Low,Under Investigation,58,Female
FIR01402,Vehicle Theft,Whitefield,12.969176,77.744913,2025-03-29,15:33:22,Low,Under Investigation,65,Female
FIR01403,Domestic Violence,Koramangala,12.93677,77.62213,2025-12-29,14:01:28,Medium,Closed,32,Other
FIR01404,Robbery,Electronic City,12.8413,77.67702,2025-10-03,04:35:13,High,Open,38,Female
FIR01405,Drug Offense,Whitefield,12.969764,77.75427,2026-01-28,06:45:59,Medium,Open,24,Female
FIR01406,Domestic Violence,Marathahalli,12.962902,77.692641,2024-11-06,06:51:48,Medium,Open,37,Male
FIR01407,Theft,HSR Layout,12.916229,77.652272,2025-08-13,10:31:18,Low,Under Investigation,29,Male
FIR01408,Fraud,Indiranagar,12.981082,77.64371,2025-02-09,01:34:07,Medium,Closed,21,Male
FIR01409,Robbery,Rajajinagar,12.995475,77.55578,2026-02-08,04:57:03,High,Under Investigation,46,Other
FIR01410,Cyber Crime,HSR Layout,12.912349,77.643006,2026-02-16,15:48:47,Medium,Closed,36,Male
FIR01411,Assault,Bellandur,12.929607,77.675587,2026-05-08,17:58:42,Medium,Closed,41,Female
FIR01412,Drug Offense,Marathahalli,12.960032,77.698727,2024-10-17,13:55:25,Medium,Closed,20,Female
FIR01413,Vehicle Theft,HSR Layout,12.909353,77.642435,2025-02-22,09:52:47,Low,Closed,44,Female
FIR01414,Domestic Violence,MG Road,12.972729,77.602347,2025-08-07,06:07:57,Medium,Open,31,Female
FIR01415,Assault,Banashankari,12.91505,77.570765,2025-09-30,09:14:17,Medium,Closed,35,Male
FIR01416,Murder,Malleshwaram,13.004368,77.56761,2025-03-17,16:53:45,High,Closed,32,Female
FIR01417,Robbery,Banashankari,12.919992,77.577058,2025-05-26,15:46:37,High,Open,41,Other
FIR01418,Kidnapping,Koramangala,12.93426,77.619513,2025-09-16,21:26:56,High,Under Investigation,24,Male
FIR01419,Drug Offense,Hebbal,13.031844,77.59976,2026-06-13,16:13:07,Medium,Under Investigation,48,Male
FIR01420,Kidnapping,Electronic City,12.842545,77.679992,2024-08-10,10:41:50,High,Under Investigation,55,Female
FIR01421,Fraud,Whitefield,12.966312,77.749856,2025-05-08,10:53:07,Medium,Under Investigation,64,Other
FIR01422,Cyber Crime,Rajajinagar,12.993413,77.552789,2026-01-27,07:47:37,Medium,Closed,43,Female
FIR01423,Murder,Electronic City,12.836345,77.673722,2024-08-22,03:21:15,High,Under Investigation,64,Male
FIR01424,Kidnapping,HSR Layout,12.909176,77.643261,2025-01-11,21:54:02,High,Closed,53,Female
FIR01425,Domestic Violence,BTM Layout,12.921086,77.614711,2025-04-29,22:59:22,Medium,Under Investigation,57,Other
FIR01426,Theft,Jayanagar,12.926387,77.593063,2025-02-25,11:04:03,Low,Closed,27,Female
FIR01427,Vehicle Theft,Bellandur,12.927701,77.680571,2025-02-25,03:13:27,Low,Closed,42,Female
FIR01428,Fraud,Indiranagar,12.979342,77.639404,2024-12-27,14:38:03,Medium,Open,49,Male
FIR01429,Vehicle Theft,Bellandur,12.924423,77.674505,2024-08-18,06:24:22,Low,Closed,51,Male
FIR01430,Fraud,HSR Layout,12.908861,77.647686,2026-04-27,08:35:24,Medium,Closed,60,Other
FIR01431,Assault,MG Road,12.973319,77.604714,2025-12-08,01:01:12,Medium,Open,49,Other
FIR01432,Vehicle Theft,BTM Layout,12.915045,77.608885,2025-12-18,03:00:15,Low,Closed,21,Other
FIR01433,Murder,Marathahalli,12.955812,77.696578,2024-10-22,11:56:55,High,Open,36,Male
FIR01434,Cyber Crime,Bellandur,12.925386,77.674989,2025-01-04,17:38:48,Medium,Under Investigation,46,Female
FIR01435,Theft,Bellandur,12.932883,77.681198,2026-05-13,17:03:48,Low,Closed,31,Male
FIR01436,Murder,Hebbal,13.036983,77.600459,2024-09-15,12:03:47,High,Under Investigation,41,Female
FIR01437,Assault,Electronic City,12.842437,77.672356,2025-03-04,00:02:55,Medium,Closed,31,Other
FIR01438,Domestic Violence,Banashankari,12.918203,77.574496,2025-04-22,14:06:34,Medium,Closed,31,Female
FIR01439,Cyber Crime,Bellandur,12.924069,77.675255,2024-10-29,22:06:47,Medium,Open,29,Male
FIR01440,Vehicle Theft,Malleshwaram,13.006318,77.565709,2025-06-29,18:10:28,Low,Closed,23,Other
FIR01441,Cyber Crime,Koramangala,12.935013,77.624954,2025-06-22,10:19:35,Medium,Open,70,Male
FIR01442,Cyber Crime,Banashankari,12.920984,77.572922,2026-04-26,12:48:34,Medium,Closed,55,Male
FIR01443,Murder,Rajajinagar,12.995042,77.559267,2026-03-13,11:36:29,High,Under Investigation,55,Other
FIR01444,Cyber Crime,Koramangala,12.93328,77.622673,2026-02-14,08:32:25,Medium,Under Investigation,65,Male
FIR01445,Drug Offense,Whitefield,12.968991,77.746381,2025-08-11,15:10:41,Medium,Closed,44,Other
FIR01446,Domestic Violence,Koramangala,12.93958,77.626508,2025-05-18,00:22:58,Medium,Under Investigation,58,Male
FIR01447,Fraud,Jayanagar,12.927007,77.593575,2025-10-05,21:30:02,Medium,Closed,19,Female
FIR01448,Drug Offense,BTM Layout,12.917513,77.613289,2026-07-06,12:04:15,Medium,Open,44,Other
FIR01449,Robbery,BTM Layout,12.913886,77.606085,2024-12-17,10:48:01,High,Under Investigation,34,Male
FIR01450,Vehicle Theft,Rajajinagar,12.99234,77.556475,2026-04-04,12:28:37,Low,Closed,41,Other
FIR01451,Robbery,MG Road,12.979347,77.601037,2026-05-13,01:00:26,High,Open,29,Other
FIR01452,Drug Offense,Whitefield,12.974499,77.749604,2024-11-27,21:29:02,Medium,Under Investigation,68,Female
FIR01453,Fraud,Rajajinagar,12.989835,77.552158,2025-03-04,06:39:43,Medium,Open,68,Female
FIR01454,Fraud,Rajajinagar,12.992136,77.556797,2025-08-09,09:31:43,Medium,Under Investigation,68,Other
FIR01455,Cyber Crime,Whitefield,12.972426,77.754634,2024-08-19,11:10:06,Medium,Open,59,Other
FIR01456,Murder,Marathahalli,12.959811,77.701058,2024-12-15,05:43:26,High,Under Investigation,64,Other
FIR01457,Kidnapping,Malleshwaram,13.002606,77.573079,2026-07-07,00:05:43,High,Open,66,Other
FIR01458,Fraud,Koramangala,12.931329,77.619644,2025-10-25,12:25:30,Medium,Under Investigation,23,Female
FIR01459,Vehicle Theft,Whitefield,12.965399,77.751508,2026-01-22,00:29:22,Low,Under Investigation,67,Male
FIR01460,Robbery,Hebbal,13.034862,77.594331,2025-12-04,08:59:14,High,Closed,35,Male
FIR01461,Drug Offense,Jayanagar,12.926495,77.597762,2024-12-02,23:37:23,Medium,Under Investigation,66,Other
FIR01462,Fraud,BTM Layout,12.918763,77.607125,2025-01-21,12:27:56,Medium,Closed,53,Male
FIR01463,Domestic Violence,BTM Layout,12.914029,77.614838,2025-08-17,12:58:16,Medium,Under Investigation,58,Male
FIR01464,Cyber Crime,Whitefield,12.972731,77.753384,2025-09-08,05:14:20,Medium,Closed,28,Other
FIR01465,Vehicle Theft,MG Road,12.972889,77.605885,2025-10-21,15:59:08,Low,Closed,26,Female
FIR01466,Fraud,Marathahalli,12.959818,77.699028,2025-09-07,03:49:59,Medium,Under Investigation,39,Other
FIR01467,Drug Offense,Electronic City,12.835636,77.679231,2026-06-29,07:12:38,Medium,Closed,58,Other
FIR01468,Assault,Indiranagar,12.974246,77.637028,2024-09-08,11:23:30,Medium,Open,55,Other
FIR01469,Vehicle Theft,Indiranagar,12.976388,77.644493,2026-06-13,05:02:35,Low,Open,33,Other
FIR01470,Assault,Electronic City,12.835008,77.675278,2024-09-08,00:14:19,Medium,Open,52,Female
FIR01471,Drug Offense,MG Road,12.976265,77.605473,2026-02-17,07:10:47,Medium,Closed,31,Female
FIR01472,Assault,Electronic City,12.842669,77.676689,2025-12-14,11:57:25,Medium,Under Investigation,23,Other
FIR01473,Assault,Yelahanka,13.100241,77.596865,2024-11-01,10:57:22,Medium,Closed,66,Other
FIR01474,Vehicle Theft,Electronic City,12.844718,77.681503,2025-04-02,21:00:06,Low,Open,50,Other
FIR01475,Theft,Bellandur,12.930751,77.673268,2026-05-31,14:12:47,Low,Open,58,Male
FIR01476,Assault,Hebbal,13.03145,77.597058,2026-03-01,23:44:13,Medium,Closed,28,Male
FIR01477,Theft,Malleshwaram,13.003736,77.574798,2025-01-29,18:54:21,Low,Open,21,Female
FIR01478,Vehicle Theft,Whitefield,12.966315,77.746816,2026-06-13,16:45:36,Low,Closed,38,Male
FIR01479,Murder,Hebbal,13.034455,77.59331,2024-11-09,11:30:06,High,Open,28,Other
FIR01480,Vehicle Theft,Malleshwaram,13.006518,77.574206,2025-10-26,18:52:34,Low,Under Investigation,34,Male
FIR01481,Vehicle Theft,Banashankari,12.91994,77.570506,2025-08-14,07:56:47,Low,Open,25,Male
FIR01482,Cyber Crime,Indiranagar,12.974012,77.64194,2026-02-21,07:48:09,Medium,Under Investigation,47,Other
FIR01483,Vehicle Theft,Malleshwaram,13.000834,77.571797,2026-06-28,17:21:47,Low,Open,49,Female
FIR01484,Theft,Bellandur,12.928401,77.679754,2026-02-03,14:52:40,Low,Closed,44,Other
FIR01485,Vehicle Theft,Banashankari,12.917601,77.569061,2025-06-27,09:59:30,Low,Open,34,Female
FIR01486,Kidnapping,Bellandur,12.931903,77.677164,2024-09-24,02:45:51,High,Closed,57,Female
FIR01487,Cyber Crime,Yelahanka,13.096526,77.596253,2025-10-18,07:39:54,Medium,Open,22,Female
FIR01488,Cyber Crime,BTM Layout,12.918633,77.605766,2024-09-03,09:18:48,Medium,Closed,47,Other
FIR01489,Vehicle Theft,Malleshwaram,13.003178,77.574122,2026-01-20,16:03:59,Low,Under Investigation,47,Male
FIR01490,Vehicle Theft,Hebbal,13.034375,77.592502,2026-07-12,06:00:28,Low,Under Investigation,52,Other
FIR01491,Domestic Violence,Koramangala,12.931806,77.62071,2026-03-01,23:12:37,Medium,Closed,67,Male
FIR01492,Domestic Violence,MG Road,12.974451,77.603254,2024-09-26,17:21:27,Medium,Under Investigation,39,Other
FIR01493,Theft,BTM Layout,12.916177,77.613411,2025-09-25,04:06:05,Low,Under Investigation,35,Male
FIR01494,Theft,Banashankari,12.915677,77.574379,2024-09-24,11:20:20,Low,Closed,67,Male
FIR01495,Fraud,Yelahanka,13.105149,77.598705,2024-12-22,10:48:28,Medium,Closed,70,Female
FIR01496,Kidnapping,BTM Layout,12.916755,77.605397,2025-04-03,05:14:56,High,Open,36,Other
FIR01497,Domestic Violence,Hebbal,13.039091,77.594936,2025-02-03,14:01:39,Medium,Closed,63,Other
FIR01498,Cyber Crime,Electronic City,12.842545,77.674573,2026-02-26,09:53:41,Medium,Under Investigation,59,Male
FIR01499,Vehicle Theft,MG Road,12.974538,77.605678,2026-03-11,00:50:51,Low,Closed,57,Male
FIR01500,Assault,BTM Layout,12.916109,77.608435,2025-08-05,17:18:26,Medium,Closed,68,Male
FIR01501,Vehicle Theft,HSR Layout,12.908359,77.643728,2025-05-07,04:42:55,Low,Closed,43,Other
FIR01502,Fraud,Koramangala,12.931199,77.626115,2025-11-08,15:58:24,Medium,Closed,20,Male
FIR01503,Murder,Rajajinagar,12.987278,77.551496,2025-01-29,02:39:02,High,Under Investigation,45,Male
FIR01504,Kidnapping,Indiranagar,12.974674,77.643403,2025-10-06,07:37:50,High,Under Investigation,35,Female
FIR01505,Cyber Crime,Whitefield,12.971106,77.7525,2025-06-05,17:25:50,Medium,Under Investigation,66,Other
FIR01506,Domestic Violence,Malleshwaram,13.005871,77.572256,2024-08-01,19:35:25,Medium,Open,64,Other
FIR01507,Kidnapping,Koramangala,12.934058,77.622542,2025-05-04,00:49:24,High,Open,21,Female
FIR01508,Assault,Bellandur,12.925637,77.671466,2025-12-21,04:16:04,Medium,Under Investigation,34,Male
FIR01509,Cyber Crime,Yelahanka,13.097236,77.591808,2025-11-02,06:26:39,Medium,Under Investigation,27,Male
FIR01510,Domestic Violence,Koramangala,12.936925,77.62677,2026-04-23,08:09:22,Medium,Closed,63,Male
FIR01511,Vehicle Theft,BTM Layout,12.916857,77.611745,2026-05-11,21:58:03,Low,Open,49,Female
FIR01512,Domestic Violence,Electronic City,12.83791,77.675368,2025-12-16,02:52:28,Medium,Under Investigation,31,Male
FIR01513,Drug Offense,BTM Layout,12.913112,77.607427,2025-10-16,02:06:44,Medium,Open,52,Male
FIR01514,Theft,Electronic City,12.836638,77.680679,2026-07-17,06:22:35,Low,Open,52,Male
FIR01515,Assault,MG Road,12.974055,77.607089,2026-07-22,21:02:14,Medium,Closed,42,Male
FIR01516,Assault,Malleshwaram,13.001154,77.568642,2025-01-23,06:48:21,Medium,Open,56,Female
FIR01517,Fraud,Malleshwaram,13.001124,77.565984,2026-02-02,10:58:49,Medium,Under Investigation,51,Female
FIR01518,Assault,Electronic City,12.838577,77.678315,2025-02-16,21:52:48,Medium,Closed,30,Male
FIR01519,Cyber Crime,Hebbal,13.0319,77.598107,2025-10-01,01:59:57,Medium,Closed,46,Other
FIR01520,Murder,Banashankari,12.915267,77.570499,2025-06-25,05:06:46,High,Under Investigation,51,Female
FIR01521,Robbery,Electronic City,12.84253,77.67542,2025-05-02,00:11:48,High,Under Investigation,21,Female
FIR01522,Domestic Violence,Malleshwaram,13.008358,77.575035,2025-03-20,15:03:18,Medium,Closed,25,Female
FIR01523,Robbery,Malleshwaram,13.006661,77.571465,2026-01-29,10:29:04,High,Open,48,Other
FIR01524,Drug Offense,Malleshwaram,13.006705,77.572626,2025-03-16,20:27:19,Medium,Open,66,Male
FIR01525,Kidnapping,Marathahalli,12.955646,77.694524,2025-04-07,19:17:29,High,Under Investigation,34,Other
FIR01526,Murder,Electronic City,12.843798,77.673163,2026-04-17,05:53:21,High,Closed,38,Female
FIR01527,Assault,BTM Layout,12.911871,77.611787,2025-08-29,18:20:41,Medium,Under Investigation,45,Other
FIR01528,Murder,Whitefield,12.967618,77.751814,2026-05-02,02:31:03,High,Under Investigation,56,Female
FIR01529,Drug Offense,Rajajinagar,12.989186,77.551874,2025-04-30,19:17:03,Medium,Open,38,Other
FIR01530,Robbery,Malleshwaram,13.007273,77.567138,2025-01-08,20:26:27,High,Under Investigation,28,Female
FIR01531,Robbery,Banashankari,12.920011,77.568818,2026-06-04,19:36:08,High,Under Investigation,29,Other
FIR01532,Kidnapping,Indiranagar,12.974881,77.645449,2026-04-10,03:56:52,High,Open,52,Other
FIR01533,Assault,HSR Layout,12.912202,77.64446,2025-09-22,13:55:22,Medium,Open,65,Male
FIR01534,Drug Offense,BTM Layout,12.914505,77.607417,2026-01-22,20:15:48,Medium,Open,48,Female
FIR01535,Drug Offense,Banashankari,12.921188,77.569292,2025-12-08,01:19:23,Medium,Closed,42,Other
FIR01536,Murder,HSR Layout,12.912752,77.645691,2025-12-22,15:00:38,High,Under Investigation,66,Female
FIR01537,Drug Offense,Banashankari,12.914687,77.575028,2026-05-26,12:58:23,Medium,Closed,36,Female
FIR01538,Murder,Hebbal,13.033697,77.601792,2025-07-25,18:03:32,High,Closed,30,Male
FIR01539,Vehicle Theft,Koramangala,12.937935,77.627834,2024-12-10,02:06:54,Low,Closed,58,Other
FIR01540,Assault,Malleshwaram,13.000928,77.573234,2025-04-13,06:21:45,Medium,Open,22,Female
FIR01541,Drug Offense,Indiranagar,12.983113,77.641704,2024-10-30,19:55:54,Medium,Under Investigation,36,Male
FIR01542,Domestic Violence,Yelahanka,13.105098,77.598116,2024-11-30,15:46:38,Medium,Under Investigation,51,Female
FIR01543,Cyber Crime,Yelahanka,13.097002,77.596753,2026-06-22,16:17:04,Medium,Closed,18,Other
FIR01544,Vehicle Theft,Hebbal,13.036742,77.599308,2025-03-23,13:14:24,Low,Closed,37,Male
FIR01545,Assault,Malleshwaram,13.003472,77.569959,2025-03-14,11:55:48,Medium,Closed,48,Female
FIR01546,Assault,Koramangala,12.933789,77.623703,2025-04-28,12:45:46,Medium,Closed,56,Male
FIR01547,Fraud,Malleshwaram,13.003961,77.567415,2026-05-07,11:24:09,Medium,Under Investigation,58,Male
FIR01548,Theft,Hebbal,13.032849,77.598462,2026-05-29,01:58:07,Low,Open,51,Male
FIR01549,Kidnapping,Indiranagar,12.980269,77.643706,2024-11-18,22:09:31,High,Closed,68,Male
FIR01550,Robbery,Koramangala,12.936093,77.624676,2024-08-14,11:37:30,High,Open,53,Male
FIR01551,Murder,Jayanagar,12.926837,77.593848,2024-10-06,12:50:42,High,Under Investigation,54,Male
FIR01552,Fraud,Electronic City,12.841255,77.679883,2024-11-07,21:39:21,Medium,Open,52,Female
FIR01553,Assault,Electronic City,12.839045,77.676362,2026-04-08,21:19:57,Medium,Under Investigation,28,Other
FIR01554,Murder,Electronic City,12.837755,77.678704,2025-02-14,00:25:54,High,Under Investigation,48,Female
FIR01555,Murder,Electronic City,12.837693,77.676734,2025-01-22,10:05:27,High,Under Investigation,58,Male
FIR01556,Kidnapping,Marathahalli,12.961633,77.695337,2026-04-20,10:39:45,High,Open,59,Male
FIR01557,Robbery,BTM Layout,12.92124,77.608338,2025-12-07,11:45:08,High,Closed,66,Female
FIR01558,Domestic Violence,MG Road,12.973312,77.600926,2026-04-28,02:13:58,Medium,Under Investigation,63,Female
FIR01559,Murder,Indiranagar,12.981769,77.640115,2025-11-07,08:16:28,High,Closed,69,Male
FIR01560,Domestic Violence,Whitefield,12.970961,77.749465,2025-05-26,17:56:38,Medium,Open,66,Male
FIR01561,Murder,Marathahalli,12.962303,77.69662,2024-10-26,21:16:37,High,Open,42,Other
FIR01562,Assault,MG Road,12.97139,77.605023,2024-12-23,14:43:26,Medium,Closed,25,Female
FIR01563,Murder,Bellandur,12.925543,77.679326,2025-10-18,12:41:39,High,Closed,48,Other
FIR01564,Cyber Crime,Banashankari,12.915061,77.570315,2025-05-05,17:21:05,Medium,Open,31,Female
FIR01565,Vehicle Theft,HSR Layout,12.915914,77.651247,2024-12-10,14:32:14,Low,Open,18,Female
FIR01566,Robbery,Marathahalli,12.95413,77.694728,2025-04-25,10:09:52,High,Under Investigation,67,Female
FIR01567,Cyber Crime,MG Road,12.971156,77.606958,2025-11-06,02:41:22,Medium,Open,47,Male
FIR01568,Robbery,Whitefield,12.96725,77.754203,2026-01-22,00:36:33,High,Open,24,Other
FIR01569,Domestic Violence,Hebbal,13.033862,77.59379,2025-08-13,14:11:33,Medium,Open,42,Other
FIR01570,Cyber Crime,Malleshwaram,13.006744,77.574077,2025-06-01,19:03:25,Medium,Closed,59,Female
FIR01571,Vehicle Theft,Whitefield,12.973801,77.752585,2024-08-02,05:10:54,Low,Closed,22,Other
FIR01572,Fraud,Banashankari,12.923026,77.578134,2026-05-11,22:38:41,Medium,Closed,61,Other
FIR01573,Drug Offense,Rajajinagar,12.993385,77.551129,2024-10-06,00:14:36,Medium,Open,48,Other
FIR01574,Kidnapping,Electronic City,12.840266,77.674135,2025-05-01,19:59:21,High,Open,19,Other
FIR01575,Assault,MG Road,12.979543,77.608135,2024-12-19,20:07:12,Medium,Closed,28,Other
FIR01576,Murder,Whitefield,12.971871,77.751163,2024-10-16,02:34:04,High,Open,34,Male
FIR01577,Robbery,Bellandur,12.92816,77.675246,2025-02-22,09:54:42,High,Closed,32,Female
FIR01578,Vehicle Theft,Hebbal,13.032598,77.594491,2024-07-30,18:32:48,Low,Open,64,Female
FIR01579,Assault,Banashankari,12.921342,77.575621,2026-04-12,21:10:36,Medium,Under Investigation,32,Male
FIR01580,Domestic Violence,MG Road,12.974571,77.604943,2025-11-25,01:36:42,Medium,Open,22,Female
FIR01581,Domestic Violence,Indiranagar,12.976781,77.644445,2025-10-17,01:19:42,Medium,Under Investigation,20,Other
FIR01582,Domestic Violence,Whitefield,12.971053,77.74811,2025-04-29,19:48:28,Medium,Open,25,Other
FIR01583,Assault,MG Road,12.977237,77.600533,2025-11-12,01:51:24,Medium,Closed,70,Male
FIR01584,Assault,BTM Layout,12.918287,77.613949,2024-09-13,09:19:22,Medium,Closed,55,Female
FIR01585,Domestic Violence,Rajajinagar,12.989143,77.556134,2026-03-14,06:08:38,Medium,Under Investigation,69,Male
FIR01586,Theft,Jayanagar,12.922137,77.589089,2024-09-28,18:03:40,Low,Under Investigation,46,Male
FIR01587,Robbery,Electronic City,12.840955,77.680526,2026-03-24,12:56:45,High,Closed,60,Other
FIR01588,Robbery,Malleshwaram,13.001829,77.573204,2025-08-27,00:23:21,High,Open,33,Other
FIR01589,Murder,Koramangala,12.931219,77.621513,2025-09-18,01:48:14,High,Open,24,Female
FIR01590,Murder,Hebbal,13.033069,77.601771,2025-04-10,15:14:43,High,Closed,69,Other
FIR01591,Kidnapping,Indiranagar,12.975683,77.642489,2026-05-11,21:38:40,High,Under Investigation,35,Male
FIR01592,Murder,Koramangala,12.935419,77.622965,2024-12-13,16:57:22,High,Under Investigation,64,Male
FIR01593,Murder,Electronic City,12.840685,77.676655,2025-12-27,03:24:06,High,Closed,21,Female
FIR01594,Assault,Bellandur,12.931696,77.674144,2025-10-10,23:23:59,Medium,Closed,57,Other
FIR01595,Kidnapping,BTM Layout,12.914181,77.60768,2025-12-15,15:40:45,High,Closed,52,Male
FIR01596,Theft,Bellandur,12.924085,77.675776,2024-11-16,11:59:16,Low,Closed,65,Other
FIR01597,Drug Offense,Koramangala,12.931123,77.628552,2024-07-31,17:48:46,Medium,Under Investigation,66,Other
FIR01598,Domestic Violence,Rajajinagar,12.995662,77.552351,2026-03-30,16:15:56,Medium,Under Investigation,34,Other
FIR01599,Cyber Crime,HSR Layout,12.907401,77.650489,2025-09-27,20:04:37,Medium,Under Investigation,47,Male
FIR01600,Domestic Violence,Jayanagar,12.926481,77.596141,2025-09-07,23:37:23,Medium,Under Investigation,68,Female
FIR01601,Murder,Indiranagar,12.977775,77.639324,2024-12-30,16:35:37,High,Under Investigation,65,Other
FIR01602,Domestic Violence,Yelahanka,13.096528,77.594382,2024-10-27,05:13:47,Medium,Under Investigation,60,Other
FIR01603,Kidnapping,Hebbal,13.033216,77.593917,2025-08-11,10:28:26,High,Under Investigation,56,Male
FIR01604,Domestic Violence,Hebbal,13.039384,77.594621,2025-04-15,11:58:58,Medium,Open,55,Other
FIR01605,Murder,Indiranagar,12.979946,77.637115,2025-05-04,13:23:12,High,Open,28,Female
FIR01606,Cyber Crime,Banashankari,12.918119,77.574431,2025-09-30,10:24:00,Medium,Under Investigation,51,Other
FIR01607,Murder,Marathahalli,12.955137,77.692956,2025-03-11,14:33:19,High,Under Investigation,22,Other
FIR01608,Vehicle Theft,MG Road,12.971953,77.601871,2025-02-24,19:44:53,Low,Under Investigation,19,Male
FIR01609,Cyber Crime,Jayanagar,12.929662,77.591584,2024-12-24,19:31:14,Medium,Under Investigation,40,Male
FIR01610,Domestic Violence,Rajajinagar,12.995763,77.558677,2026-05-04,15:10:05,Medium,Under Investigation,27,Other
FIR01611,Assault,Marathahalli,12.955353,77.695784,2026-05-05,00:15:14,Medium,Under Investigation,63,Female
FIR01612,Kidnapping,Whitefield,12.970289,77.751211,2025-11-29,19:37:27,High,Open,67,Male
FIR01613,Cyber Crime,Yelahanka,13.098909,77.596293,2024-12-20,02:51:35,Medium,Under Investigation,25,Male
FIR01614,Murder,Electronic City,12.840754,77.676494,2024-08-09,02:47:25,High,Under Investigation,40,Other
FIR01615,Robbery,Marathahalli,12.956956,77.699847,2025-11-29,19:35:25,High,Open,51,Male
FIR01616,Cyber Crime,Koramangala,12.935013,77.622218,2026-05-12,03:57:01,Medium,Closed,43,Other
FIR01617,Cyber Crime,HSR Layout,12.909851,77.648055,2025-01-19,04:49:33,Medium,Under Investigation,35,Other
FIR01618,Theft,BTM Layout,12.920336,77.611096,2026-05-20,22:55:06,Low,Closed,29,Other
FIR01619,Domestic Violence,Malleshwaram,13.006292,77.570843,2026-04-11,06:27:44,Medium,Under Investigation,65,Male
FIR01620,Vehicle Theft,HSR Layout,12.916153,77.645379,2024-12-15,21:08:21,Low,Under Investigation,22,Male
FIR01621,Fraud,Electronic City,12.83758,77.6742,2026-07-04,03:49:15,Medium,Closed,42,Female
FIR01622,Domestic Violence,Rajajinagar,12.990646,77.555113,2025-10-25,02:13:47,Medium,Closed,67,Male
FIR01623,Drug Offense,Bellandur,12.931627,77.677739,2026-01-21,16:58:00,Medium,Under Investigation,63,Other
FIR01624,Kidnapping,Jayanagar,12.927141,77.594332,2025-12-24,23:18:39,High,Open,29,Female
FIR01625,Cyber Crime,Banashankari,12.916041,77.57496,2026-03-04,09:42:54,Medium,Under Investigation,33,Female
FIR01626,Assault,Hebbal,13.039379,77.596293,2026-04-25,05:54:55,Medium,Under Investigation,43,Other
FIR01627,Robbery,Bellandur,12.927679,77.674447,2025-12-19,17:51:00,High,Open,40,Male
FIR01628,Fraud,Jayanagar,12.922418,77.594331,2026-02-15,04:00:23,Medium,Open,41,Female
FIR01629,Domestic Violence,Jayanagar,12.922693,77.5904,2026-05-24,15:46:44,Medium,Closed,24,Female
FIR01630,Domestic Violence,Hebbal,13.031061,77.598452,2025-07-13,22:10:55,Medium,Closed,68,Other
FIR01631,Assault,Hebbal,13.033492,77.597767,2024-12-10,23:25:48,Medium,Closed,28,Other
FIR01632,Cyber Crime,Indiranagar,12.976335,77.644564,2025-12-15,12:06:02,Medium,Under Investigation,64,Other
FIR01633,Robbery,MG Road,12.978455,77.602756,2025-08-22,03:22:56,High,Under Investigation,68,Female
FIR01634,Drug Offense,Bellandur,12.923515,77.680758,2025-07-11,18:36:00,Medium,Closed,63,Male
FIR01635,Kidnapping,MG Road,12.971618,77.600075,2024-09-16,12:33:27,High,Under Investigation,37,Male
FIR01636,Cyber Crime,Malleshwaram,13.008265,77.570412,2025-10-31,19:39:34,Medium,Open,40,Other
FIR01637,Kidnapping,Banashankari,12.9171,77.577982,2025-09-27,18:33:08,High,Under Investigation,34,Male
FIR01638,Domestic Violence,Rajajinagar,12.993473,77.551007,2024-10-02,12:34:57,Medium,Closed,64,Male
FIR01639,Assault,BTM Layout,12.920427,77.610506,2026-06-15,08:55:49,Medium,Under Investigation,22,Male
FIR01640,Theft,Electronic City,12.840032,77.676299,2025-12-21,19:46:02,Low,Open,46,Other
FIR01641,Assault,Rajajinagar,12.991399,77.551777,2024-12-19,13:34:18,Medium,Open,49,Male
FIR01642,Drug Offense,BTM Layout,12.912771,77.606901,2025-10-12,17:43:38,Medium,Under Investigation,36,Female
FIR01643,Drug Offense,Jayanagar,12.927627,77.59644,2025-07-13,19:58:54,Medium,Under Investigation,58,Other
FIR01644,Cyber Crime,Hebbal,13.03622,77.594004,2025-11-04,04:28:52,Medium,Under Investigation,40,Female
FIR01645,Vehicle Theft,Hebbal,13.031375,77.598993,2024-09-04,20:19:59,Low,Closed,36,Female
FIR01646,Murder,Electronic City,12.841622,77.676832,2024-11-19,19:08:27,High,Closed,35,Other
FIR01647,Vehicle Theft,Malleshwaram,13.002052,77.56875,2025-06-26,07:07:56,Low,Closed,26,Female
FIR01648,Theft,Banashankari,12.917645,77.568945,2024-12-23,21:27:14,Low,Closed,24,Male
FIR01649,Murder,Koramangala,12.93379,77.624248,2025-03-16,01:59:46,High,Under Investigation,66,Male
FIR01650,Vehicle Theft,Yelahanka,13.096543,77.596921,2025-05-18,15:15:39,Low,Closed,47,Female
FIR01651,Theft,Electronic City,12.838643,77.675538,2024-08-29,17:38:39,Low,Under Investigation,55,Female
FIR01652,Fraud,Koramangala,12.938629,77.62083,2024-07-29,16:34:28,Medium,Closed,23,Male
FIR01653,Vehicle Theft,Malleshwaram,13.001599,77.566036,2025-08-12,04:30:57,Low,Under Investigation,42,Other
FIR01654,Assault,Whitefield,12.970692,77.751955,2026-07-06,10:01:22,Medium,Open,32,Other
FIR01655,Cyber Crime,HSR Layout,12.915015,77.645964,2024-12-07,23:53:57,Medium,Under Investigation,40,Other
FIR01656,Cyber Crime,Hebbal,13.040294,77.601809,2025-09-22,22:45:34,Medium,Open,65,Other
FIR01657,Vehicle Theft,Indiranagar,12.976193,77.641254,2024-10-15,00:11:31,Low,Open,38,Female
FIR01658,Vehicle Theft,Bellandur,12.927994,77.67876,2025-12-02,04:14:53,Low,Under Investigation,19,Other
FIR01659,Murder,Indiranagar,12.981349,77.637835,2024-10-13,08:38:23,High,Closed,36,Female
FIR01660,Theft,MG Road,12.978031,77.602868,2025-09-27,19:13:45,Low,Open,64,Female
FIR01661,Fraud,Indiranagar,12.983114,77.641304,2024-12-10,15:33:43,Medium,Open,46,Female
FIR01662,Theft,Bellandur,12.926759,77.678702,2025-02-06,17:28:26,Low,Under Investigation,34,Other
FIR01663,Theft,Rajajinagar,12.99524,77.55735,2025-11-15,12:06:49,Low,Under Investigation,56,Other
FIR01664,Domestic Violence,Electronic City,12.844506,77.676778,2025-04-05,22:33:36,Medium,Closed,20,Female
FIR01665,Robbery,Rajajinagar,12.987027,77.557786,2025-05-09,11:54:47,High,Open,27,Female
FIR01666,Drug Offense,Hebbal,13.033973,77.595298,2025-12-27,19:58:54,Medium,Closed,66,Female
FIR01667,Assault,Rajajinagar,12.994708,77.55916,2026-06-20,09:39:49,Medium,Open,46,Female
FIR01668,Kidnapping,Rajajinagar,12.996241,77.554219,2025-09-09,13:38:47,High,Under Investigation,38,Male
FIR01669,Kidnapping,MG Road,12.976331,77.605015,2025-05-07,21:24:52,High,Under Investigation,53,Female
FIR01670,Robbery,Banashankari,12.914363,77.572492,2026-05-05,03:45:19,High,Under Investigation,56,Male
FIR01671,Murder,Koramangala,12.939208,77.622833,2025-12-28,06:41:27,High,Open,52,Other
FIR01672,Theft,Yelahanka,13.098299,77.60088,2025-07-14,17:13:02,Low,Under Investigation,27,Other
FIR01673,Assault,Koramangala,12.934522,77.621823,2024-10-14,13:10:23,Medium,Open,54,Female
FIR01674,Vehicle Theft,MG Road,12.972248,77.603246,2024-09-08,09:15:13,Low,Under Investigation,45,Other
FIR01675,Robbery,Bellandur,12.927378,77.671224,2025-10-22,02:40:36,High,Closed,58,Male
FIR01676,Murder,Bellandur,12.923033,77.679341,2025-11-02,18:56:36,High,Under Investigation,41,Female
FIR01677,Theft,Yelahanka,13.102466,77.593298,2026-07-20,10:31:40,Low,Closed,28,Other
FIR01678,Robbery,Bellandur,12.926092,77.675085,2026-01-23,03:28:40,High,Under Investigation,32,Male
FIR01679,Domestic Violence,Indiranagar,12.978739,77.639586,2025-07-15,10:01:45,Medium,Closed,70,Male
FIR01680,Domestic Violence,Whitefield,12.972044,77.75257,2025-01-30,22:03:21,Medium,Under Investigation,49,Male
FIR01681,Robbery,Jayanagar,12.924341,77.593195,2024-10-31,02:14:57,High,Open,29,Male
FIR01682,Domestic Violence,Malleshwaram,13.001834,77.567504,2025-02-21,01:05:41,Medium,Open,55,Female
FIR01683,Domestic Violence,Malleshwaram,12.999762,77.570856,2026-06-25,08:16:38,Medium,Closed,42,Female
FIR01684,Assault,Whitefield,12.969415,77.752473,2024-10-22,16:00:33,Medium,Closed,32,Other
FIR01685,Theft,Electronic City,12.835176,77.672106,2026-04-23,22:06:26,Low,Closed,19,Male
FIR01686,Fraud,Rajajinagar,12.990503,77.559274,2026-04-13,02:18:30,Medium,Closed,31,Male
FIR01687,Domestic Violence,HSR Layout,12.912626,77.643573,2025-10-23,05:26:27,Medium,Open,44,Female
FIR01688,Fraud,Bellandur,12.929459,77.674627,2026-05-27,22:30:36,Medium,Closed,66,Female
FIR01689,Kidnapping,Whitefield,12.965328,77.747946,2025-03-14,23:06:58,High,Under Investigation,63,Male
FIR01690,Fraud,Hebbal,13.036559,77.596555,2025-11-24,20:48:26,Medium,Open,36,Male
FIR01691,Vehicle Theft,HSR Layout,12.907334,77.642621,2025-06-22,01:28:26,Low,Closed,37,Female
FIR01692,Drug Offense,Malleshwaram,13.00161,77.571995,2024-08-25,04:19:19,Medium,Open,54,Other
FIR01693,Cyber Crime,HSR Layout,12.911536,77.645832,2025-08-18,10:21:17,Medium,Closed,70,Female
FIR01694,Assault,Electronic City,12.840318,77.675936,2024-10-12,01:36:30,Medium,Open,46,Other
FIR01695,Domestic Violence,Electronic City,12.841134,77.677497,2024-12-09,01:06:45,Medium,Closed,30,Female
FIR01696,Murder,Electronic City,12.838527,77.67707,2025-12-19,02:05:55,High,Closed,67,Male
FIR01697,Drug Offense,Yelahanka,13.098075,77.598519,2025-10-23,22:35:08,Medium,Closed,39,Other
FIR01698,Drug Offense,Hebbal,13.037626,77.599365,2025-05-21,03:48:52,Medium,Closed,62,Male
FIR01699,Kidnapping,Whitefield,12.966016,77.751446,2025-11-05,10:48:13,High,Under Investigation,31,Male
FIR01700,Murder,Whitefield,12.972493,77.749964,2026-07-09,19:41:51,High,Closed,44,Female
FIR01701,Fraud,Yelahanka,13.09873,77.600529,2025-11-30,07:16:22,Medium,Open,28,Other
FIR01702,Theft,Yelahanka,13.097171,77.600459,2024-12-19,06:13:05,Low,Under Investigation,54,Other
FIR01703,Domestic Violence,Yelahanka,13.102052,77.594831,2025-08-11,05:57:19,Medium,Closed,18,Female
FIR01704,Theft,Jayanagar,12.924358,77.594756,2026-02-06,10:12:46,Low,Open,32,Male
FIR01705,Drug Offense,Yelahanka,13.100548,77.600308,2024-09-17,09:20:48,Medium,Under Investigation,43,Other
FIR01706,Robbery,Indiranagar,12.974069,77.6363,2025-07-21,15:11:20,High,Closed,65,Male
FIR01707,Robbery,HSR Layout,12.909311,77.651768,2025-07-15,17:32:52,High,Closed,18,Female
FIR01708,Fraud,Electronic City,12.835128,77.679436,2025-08-06,19:36:35,Medium,Under Investigation,38,Female
FIR01709,Assault,Whitefield,12.97137,77.747613,2024-12-21,16:49:32,Medium,Closed,47,Male
FIR01710,Cyber Crime,Yelahanka,13.103512,77.599589,2025-03-17,09:19:29,Medium,Under Investigation,70,Male
FIR01711,Drug Offense,HSR Layout,12.907239,77.647806,2025-07-28,04:29:03,Medium,Closed,67,Other
FIR01712,Theft,HSR Layout,12.913815,77.647679,2024-09-13,13:59:54,Low,Under Investigation,26,Other
FIR01713,Drug Offense,Electronic City,12.835289,77.679441,2024-11-08,11:49:19,Medium,Open,62,Female
FIR01714,Theft,Hebbal,13.030966,77.601205,2026-05-21,06:12:21,Low,Open,48,Other
FIR01715,Theft,HSR Layout,12.914824,77.642733,2026-06-23,01:22:56,Low,Open,46,Male
FIR01716,Domestic Violence,Koramangala,12.934837,77.622501,2025-12-24,21:26:16,Medium,Open,42,Female
FIR01717,Theft,Banashankari,12.922002,77.574371,2024-11-01,19:57:46,Low,Open,40,Other
FIR01718,Assault,MG Road,12.97688,77.600493,2026-02-12,18:15:19,Medium,Open,32,Other
FIR01719,Robbery,Whitefield,12.967796,77.753363,2025-12-04,03:01:26,High,Open,68,Female
FIR01720,Fraud,Koramangala,12.934179,77.628499,2025-12-15,18:31:41,Medium,Under Investigation,36,Male
FIR01721,Assault,Electronic City,12.841188,77.673685,2025-12-24,07:21:02,Medium,Under Investigation,40,Female
FIR01722,Drug Offense,Koramangala,12.931487,77.62591,2025-11-28,03:24:43,Medium,Under Investigation,44,Female
FIR01723,Murder,Whitefield,12.970393,77.750612,2026-02-13,11:39:00,High,Under Investigation,36,Other
FIR01724,Vehicle Theft,BTM Layout,12.919318,77.608562,2025-05-27,10:28:06,Low,Open,58,Other
FIR01725,Cyber Crime,Electronic City,12.842724,77.680489,2025-02-18,13:51:55,Medium,Closed,54,Other
FIR01726,Domestic Violence,BTM Layout,12.921142,77.610831,2024-10-14,19:34:05,Medium,Open,40,Other
FIR01727,Drug Offense,Banashankari,12.92197,77.573211,2025-12-11,03:04:20,Medium,Closed,35,Other
FIR01728,Murder,Rajajinagar,12.992527,77.55483,2026-06-14,14:07:45,High,Closed,20,Other
FIR01729,Murder,Malleshwaram,12.999359,77.574818,2025-11-03,11:33:22,High,Open,44,Female
FIR01730,Assault,MG Road,12.975395,77.605736,2024-08-26,09:57:25,Medium,Under Investigation,49,Female
FIR01731,Kidnapping,Yelahanka,13.101638,77.596859,2026-06-24,13:40:06,High,Closed,31,Male
FIR01732,Robbery,Bellandur,12.929835,77.673542,2025-12-27,21:34:18,High,Open,65,Male
FIR01733,Assault,Banashankari,12.91938,77.570714,2024-10-26,05:47:56,Medium,Under Investigation,59,Female
FIR01734,Domestic Violence,Banashankari,12.915544,77.577959,2026-01-21,23:18:00,Medium,Under Investigation,47,Male
FIR01735,Fraud,Hebbal,13.031816,77.592406,2026-07-09,18:21:16,Medium,Open,22,Female
FIR01736,Drug Offense,Jayanagar,12.929228,77.591001,2025-05-30,11:25:37,Medium,Closed,56,Female
FIR01737,Drug Offense,Jayanagar,12.92537,77.596978,2025-01-01,04:46:36,Medium,Open,46,Other
FIR01738,Murder,Whitefield,12.968364,77.75337,2025-03-24,20:14:39,High,Open,69,Other
FIR01739,Theft,Whitefield,12.968693,77.745747,2025-12-30,06:45:50,Low,Under Investigation,25,Female
FIR01740,Murder,Indiranagar,12.974955,77.638755,2025-06-17,01:32:22,High,Open,30,Other
FIR01741,Vehicle Theft,Malleshwaram,13.004973,77.574719,2024-12-14,07:24:56,Low,Open,63,Female
FIR01742,Vehicle Theft,Hebbal,13.032855,77.596406,2025-05-22,06:24:17,Low,Under Investigation,21,Other
FIR01743,Cyber Crime,Rajajinagar,12.994568,77.559389,2025-05-24,13:24:13,Medium,Closed,38,Female
FIR01744,Fraud,Malleshwaram,13.005472,77.572957,2026-06-26,20:36:40,Medium,Under Investigation,24,Female
FIR01745,Fraud,Koramangala,12.935976,77.621053,2024-08-07,16:16:53,Medium,Under Investigation,37,Female
FIR01746,Theft,Indiranagar,12.981506,77.64386,2026-01-19,19:15:38,Low,Under Investigation,23,Female
FIR01747,Drug Offense,Indiranagar,12.982814,77.64399,2024-12-20,20:00:09,Medium,Under Investigation,46,Male
FIR01748,Drug Offense,Rajajinagar,12.991939,77.551418,2026-05-31,14:17:14,Medium,Closed,44,Female
FIR01749,Murder,BTM Layout,12.917666,77.613551,2026-06-28,01:38:17,High,Open,34,Female
FIR01750,Murder,MG Road,12.97484,77.608648,2026-06-08,12:09:05,High,Open,31,Female
FIR01751,Robbery,Malleshwaram,13.002952,77.57162,2026-02-26,14:47:23,High,Under Investigation,46,Other
FIR01752,Robbery,Malleshwaram,13.002611,77.571776,2024-12-13,00:26:53,High,Under Investigation,33,Other
FIR01753,Kidnapping,Marathahalli,12.961286,77.69847,2025-12-01,19:28:11,High,Closed,40,Male
FIR01754,Kidnapping,Rajajinagar,12.991635,77.558593,2025-04-27,22:29:28,High,Under Investigation,51,Male
FIR01755,Vehicle Theft,Bellandur,12.923703,77.678291,2025-12-31,15:36:47,Low,Closed,63,Other
FIR01756,Murder,BTM Layout,12.921064,77.605919,2024-08-09,23:14:20,High,Open,58,Other
FIR01757,Assault,MG Road,12.974313,77.607796,2025-05-29,04:34:13,Medium,Under Investigation,27,Female
FIR01758,Drug Offense,Rajajinagar,12.992736,77.554664,2024-12-16,22:42:03,Medium,Under Investigation,22,Other
FIR01759,Robbery,Marathahalli,12.956619,77.693262,2025-10-28,16:34:33,High,Open,69,Male
FIR01760,Robbery,HSR Layout,12.914762,77.648334,2025-12-16,04:47:52,High,Under Investigation,31,Other
FIR01761,Vehicle Theft,MG Road,12.979758,77.602678,2026-05-08,17:25:09,Low,Open,68,Other
FIR01762,Kidnapping,Indiranagar,12.97651,77.642043,2024-09-03,20:58:31,High,Open,54,Female
FIR01763,Kidnapping,Electronic City,12.844762,77.672781,2025-01-02,17:14:43,High,Open,31,Female
FIR01764,Cyber Crime,Rajajinagar,12.994111,77.554042,2026-06-25,06:11:22,Medium,Under Investigation,21,Other
FIR01765,Domestic Violence,Bellandur,12.931035,77.679698,2025-03-29,08:42:22,Medium,Open,28,Other
FIR01766,Robbery,Bellandur,12.929149,77.677495,2026-01-05,11:21:35,High,Open,40,Other
FIR01767,Assault,Electronic City,12.837135,77.680603,2026-06-02,06:56:39,Medium,Under Investigation,54,Other
FIR01768,Domestic Violence,Rajajinagar,12.986773,77.552177,2024-11-22,04:17:16,Medium,Under Investigation,21,Other
FIR01769,Drug Offense,Hebbal,13.037868,77.598257,2025-08-13,14:29:56,Medium,Closed,58,Female
FIR01770,Vehicle Theft,HSR Layout,12.91443,77.642649,2026-06-02,22:54:34,Low,Under Investigation,47,Male
FIR01771,Assault,Bellandur,12.923977,77.677517,2025-12-25,04:27:03,Medium,Under Investigation,41,Male
FIR01772,Fraud,Malleshwaram,13.007227,77.56711,2026-05-20,05:49:20,Medium,Under Investigation,23,Male
FIR01773,Assault,Indiranagar,12.978309,77.637777,2026-05-26,05:08:48,Medium,Under Investigation,24,Other
FIR01774,Theft,Banashankari,12.918143,77.57507,2025-11-23,16:33:12,Low,Under Investigation,36,Female
FIR01775,Vehicle Theft,Hebbal,13.038055,77.60018,2025-11-22,06:10:41,Low,Under Investigation,52,Male
FIR01776,Kidnapping,MG Road,12.975755,77.605812,2024-11-14,10:12:38,High,Under Investigation,59,Male
FIR01777,Murder,Rajajinagar,12.98986,77.555763,2024-10-24,09:12:22,High,Under Investigation,26,Female
FIR01778,Assault,Indiranagar,12.978407,77.636095,2025-02-13,04:04:57,Medium,Closed,50,Other
FIR01779,Vehicle Theft,Bellandur,12.92611,77.67772,2025-10-16,23:09:45,Low,Open,37,Male
FIR01780,Assault,Bellandur,12.925206,77.676867,2025-09-28,23:51:42,Medium,Under Investigation,53,Other
FIR01781,Robbery,Jayanagar,12.924789,77.595953,2025-02-12,14:01:58,High,Closed,35,Male
FIR01782,Kidnapping,Bellandur,12.932057,77.676253,2026-06-03,16:38:34,High,Closed,22,Female
FIR01783,Cyber Crime,Jayanagar,12.926885,77.597897,2025-01-30,18:27:26,Medium,Closed,31,Other
FIR01784,Kidnapping,Indiranagar,12.975548,77.643683,2024-11-17,16:10:13,High,Open,32,Female
FIR01785,Domestic Violence,Koramangala,12.934156,77.627126,2025-10-16,05:58:42,Medium,Under Investigation,48,Male
FIR01786,Robbery,Indiranagar,12.979636,77.642418,2025-01-20,00:49:03,High,Open,37,Other
FIR01787,Vehicle Theft,Electronic City,12.837453,77.675103,2026-06-03,00:23:20,Low,Under Investigation,45,Other
FIR01788,Theft,Yelahanka,13.099589,77.594605,2025-07-25,02:45:14,Low,Under Investigation,49,Other
FIR01789,Murder,HSR Layout,12.913521,77.650861,2026-02-12,00:58:43,High,Closed,27,Female
FIR01790,Drug Offense,Yelahanka,13.097132,77.596121,2024-07-26,19:13:46,Medium,Open,26,Female
FIR01791,Murder,HSR Layout,12.910709,77.642724,2026-01-15,04:52:31,High,Under Investigation,47,Other
FIR01792,Assault,Hebbal,13.039607,77.59667,2026-06-16,10:25:51,Medium,Open,18,Female
FIR01793,Assault,Whitefield,12.97064,77.752414,2025-08-16,19:41:55,Medium,Open,45,Female
FIR01794,Assault,Whitefield,12.971154,77.747549,2026-07-03,00:00:16,Medium,Under Investigation,19,Male
FIR01795,Kidnapping,Indiranagar,12.981405,77.641095,2025-06-08,04:27:17,High,Closed,18,Male
FIR01796,Robbery,Bellandur,12.930196,77.680581,2025-11-08,14:44:37,High,Open,33,Female
FIR01797,Murder,Marathahalli,12.956459,77.700848,2026-01-15,02:27:30,High,Open,44,Male
FIR01798,Kidnapping,Rajajinagar,12.99057,77.557907,2025-01-25,11:32:30,High,Open,29,Other
FIR01799,Domestic Violence,BTM Layout,12.913403,77.612104,2025-09-21,22:55:03,Medium,Open,67,Male
FIR01800,Vehicle Theft,BTM Layout,12.913927,77.61004,2025-07-28,12:16:40,Low,Under Investigation,33,Other
FIR01801,Kidnapping,HSR Layout,12.912798,77.651106,2025-02-05,22:03:31,High,Open,32,Other
FIR01802,Domestic Violence,Electronic City,12.840412,77.680127,2024-10-15,10:03:32,Medium,Under Investigation,42,Other
FIR01803,Vehicle Theft,Indiranagar,12.980013,77.63857,2025-02-07,13:06:20,Low,Open,35,Male
FIR01804,Robbery,Indiranagar,12.975823,77.643602,2025-11-19,22:16:10,High,Under Investigation,60,Male
FIR01805,Vehicle Theft,Whitefield,12.966231,77.747935,2024-08-26,06:17:40,Low,Under Investigation,50,Female
FIR01806,Cyber Crime,Whitefield,12.972259,77.749507,2025-10-27,19:09:06,Medium,Open,63,Other
FIR01807,Vehicle Theft,Koramangala,12.932958,77.623177,2024-11-12,04:40:33,Low,Open,24,Other
FIR01808,Domestic Violence,Koramangala,12.93179,77.624641,2024-08-04,16:00:40,Medium,Closed,58,Other
FIR01809,Kidnapping,Whitefield,12.966498,77.747931,2025-05-26,12:32:05,High,Open,60,Female
FIR01810,Fraud,Jayanagar,12.929658,77.593776,2024-07-26,14:03:27,Medium,Open,68,Other
FIR01811,Theft,Indiranagar,12.974795,77.636168,2026-01-06,13:58:48,Low,Under Investigation,31,Male
FIR01812,Assault,MG Road,12.974519,77.602978,2025-12-07,14:59:29,Medium,Closed,38,Female
FIR01813,Cyber Crime,Rajajinagar,12.991917,77.54985,2026-04-19,07:32:37,Medium,Closed,30,Other
FIR01814,Domestic Violence,Marathahalli,12.95882,77.701617,2025-03-27,08:20:47,Medium,Closed,56,Male
FIR01815,Fraud,Indiranagar,12.977256,77.64343,2025-01-26,07:58:30,Medium,Under Investigation,23,Male
FIR01816,Vehicle Theft,Malleshwaram,13.002432,77.572564,2025-06-15,07:19:11,Low,Open,32,Female
FIR01817,Vehicle Theft,Koramangala,12.933552,77.62914,2025-09-11,23:00:23,Low,Closed,25,Other
FIR01818,Robbery,Malleshwaram,13.001685,77.568432,2024-12-29,11:42:50,High,Open,69,Male
FIR01819,Domestic Violence,Yelahanka,13.10017,77.599748,2025-12-13,09:15:53,Medium,Under Investigation,49,Male
FIR01820,Vehicle Theft,Electronic City,12.840016,77.672466,2025-08-22,12:31:50,Low,Under Investigation,40,Female
FIR01821,Vehicle Theft,Jayanagar,12.9261,77.593981,2026-01-12,19:27:05,Low,Open,19,Female
FIR01822,Domestic Violence,BTM Layout,12.91492,77.61216,2025-05-17,18:38:35,Medium,Open,24,Other
FIR01823,Murder,Malleshwaram,13.005731,77.570396,2024-12-26,16:13:33,High,Under Investigation,34,Male
FIR01824,Assault,Indiranagar,12.976206,77.637049,2025-07-21,21:18:50,Medium,Open,48,Female
FIR01825,Domestic Violence,Jayanagar,12.92786,77.59595,2025-11-17,10:32:56,Medium,Open,55,Male
FIR01826,Drug Offense,Electronic City,12.836176,77.675112,2026-01-24,17:00:45,Medium,Closed,24,Male
FIR01827,Vehicle Theft,Marathahalli,12.95867,77.693644,2024-12-06,17:09:27,Low,Open,41,Male
FIR01828,Assault,MG Road,12.972407,77.60502,2026-07-18,21:34:08,Medium,Closed,56,Female
FIR01829,Fraud,Rajajinagar,12.991516,77.554115,2026-04-25,01:28:15,Medium,Open,50,Male
FIR01830,Murder,Electronic City,12.839142,77.678874,2025-01-23,08:26:41,High,Open,19,Male
FIR01831,Domestic Violence,Jayanagar,12.929537,77.592137,2025-11-05,18:37:42,Medium,Open,35,Female
FIR01832,Robbery,HSR Layout,12.914006,77.651101,2026-04-23,15:13:27,High,Open,44,Male
FIR01833,Murder,Hebbal,13.036634,77.601042,2025-04-15,20:14:17,High,Under Investigation,64,Female
FIR01834,Assault,Electronic City,12.835317,77.67286,2025-05-15,01:18:29,Medium,Closed,34,Male
FIR01835,Drug Offense,Banashankari,12.916465,77.57772,2024-08-17,21:25:41,Medium,Under Investigation,70,Female
FIR01836,Drug Offense,BTM Layout,12.917818,77.612829,2025-08-25,16:23:05,Medium,Under Investigation,47,Other
FIR01837,Assault,Yelahanka,13.097333,77.599508,2025-05-29,14:16:59,Medium,Open,26,Male
FIR01838,Robbery,BTM Layout,12.917341,77.612307,2026-03-03,22:43:36,High,Open,56,Female
FIR01839,Robbery,Hebbal,13.033583,77.593389,2026-06-22,09:45:23,High,Under Investigation,18,Other
FIR01840,Assault,Jayanagar,12.925085,77.589331,2025-05-20,14:49:22,Medium,Closed,33,Female
FIR01841,Drug Offense,Jayanagar,12.92313,77.593363,2024-12-25,13:50:05,Medium,Under Investigation,39,Female
FIR01842,Robbery,BTM Layout,12.921235,77.610311,2025-10-12,20:29:16,High,Open,58,Female
FIR01843,Cyber Crime,Whitefield,12.969086,77.753971,2026-06-05,01:28:10,Medium,Under Investigation,38,Male
FIR01844,Domestic Violence,Indiranagar,12.974071,77.637519,2026-04-16,02:11:02,Medium,Closed,23,Female
FIR01845,Theft,Koramangala,12.934739,77.62372,2026-05-19,16:38:51,Low,Open,32,Female
FIR01846,Domestic Violence,HSR Layout,12.913711,77.650122,2025-07-12,23:55:35,Medium,Under Investigation,59,Female
FIR01847,Murder,Jayanagar,12.929117,77.598106,2026-02-08,01:42:07,High,Under Investigation,23,Male
FIR01848,Theft,Marathahalli,12.958696,77.698249,2025-07-04,03:30:18,Low,Open,32,Male
FIR01849,Kidnapping,Koramangala,12.939738,77.621367,2025-06-07,08:36:31,High,Open,26,Other
FIR01850,Fraud,Marathahalli,12.957418,77.701359,2026-06-21,06:21:49,Medium,Closed,33,Other
FIR01851,Fraud,Rajajinagar,12.988989,77.555142,2025-05-17,09:31:02,Medium,Under Investigation,67,Other
FIR01852,Drug Offense,Yelahanka,13.0958,77.592777,2025-09-09,13:17:01,Medium,Open,33,Other
FIR01853,Fraud,Yelahanka,13.104936,77.601098,2025-01-05,12:32:45,Medium,Open,46,Female
FIR01854,Fraud,Marathahalli,12.963656,77.701062,2026-02-05,04:38:11,Medium,Closed,46,Female
FIR01855,Theft,Yelahanka,13.105384,77.595633,2025-05-20,21:05:05,Low,Under Investigation,59,Female
FIR01856,Theft,Electronic City,12.842167,77.674537,2026-05-16,05:06:54,Low,Open,70,Other
FIR01857,Robbery,Rajajinagar,12.987638,77.550805,2025-12-03,10:59:27,High,Under Investigation,68,Other
FIR01858,Murder,Electronic City,12.835573,77.674149,2024-08-12,07:31:36,High,Open,30,Female
FIR01859,Drug Offense,Yelahanka,13.102513,77.592922,2025-08-06,14:28:56,Medium,Open,66,Female
FIR01860,Murder,Marathahalli,12.954276,77.698579,2026-06-05,08:08:08,High,Open,18,Other
FIR01861,Murder,Indiranagar,12.980146,77.63994,2025-04-13,04:21:31,High,Open,52,Male
FIR01862,Fraud,Marathahalli,12.95546,77.69664,2026-02-06,22:59:21,Medium,Open,21,Other
FIR01863,Kidnapping,Jayanagar,12.920806,77.595517,2025-05-10,15:45:57,High,Closed,27,Male
FIR01864,Vehicle Theft,Bellandur,12.927197,77.674788,2024-09-08,08:41:00,Low,Open,64,Female
FIR01865,Murder,Jayanagar,12.922858,77.590899,2024-10-06,04:57:49,High,Under Investigation,39,Male
FIR01866,Murder,Hebbal,13.040542,77.597404,2025-05-31,19:54:05,High,Closed,63,Female
FIR01867,Robbery,Rajajinagar,12.987551,77.55314,2024-11-26,14:21:29,High,Closed,28,Other
FIR01868,Drug Offense,BTM Layout,12.91851,77.611757,2026-02-16,04:23:18,Medium,Under Investigation,66,Other
FIR01869,Murder,Marathahalli,12.954748,77.698439,2026-01-06,11:37:41,High,Under Investigation,69,Female
FIR01870,Cyber Crime,Banashankari,12.922947,77.5716,2025-10-10,07:32:08,Medium,Open,47,Other
FIR01871,Domestic Violence,Jayanagar,12.922915,77.594875,2025-06-07,09:10:36,Medium,Closed,66,Female
FIR01872,Cyber Crime,Koramangala,12.933484,77.620339,2024-09-21,10:48:00,Medium,Closed,39,Male
FIR01873,Fraud,MG Road,12.974926,77.608086,2024-11-06,04:26:43,Medium,Under Investigation,47,Other
FIR01874,Domestic Violence,Marathahalli,12.96086,77.698127,2024-08-28,07:07:55,Medium,Open,56,Male
FIR01875,Domestic Violence,HSR Layout,12.906768,77.644181,2025-04-02,23:56:49,Medium,Open,46,Other
FIR01876,Theft,Malleshwaram,13.005641,77.566585,2025-08-11,13:28:09,Low,Closed,70,Female
FIR01877,Cyber Crime,Electronic City,12.841607,77.6774,2025-09-30,21:43:34,Medium,Open,41,Other
FIR01878,Robbery,Bellandur,12.931784,77.672471,2025-05-30,01:36:03,High,Under Investigation,47,Male
FIR01879,Assault,Hebbal,13.034996,77.593156,2024-08-20,17:30:36,Medium,Under Investigation,30,Male
FIR01880,Murder,Hebbal,13.030914,77.601815,2025-12-28,16:45:41,High,Closed,23,Other
FIR01881,Murder,Yelahanka,13.100338,77.59906,2025-12-26,05:09:43,High,Closed,31,Female
FIR01882,Domestic Violence,HSR Layout,12.915092,77.649747,2026-07-18,12:28:27,Medium,Under Investigation,53,Female
FIR01883,Robbery,Banashankari,12.919998,77.572857,2026-04-21,08:26:06,High,Under Investigation,62,Other
FIR01884,Robbery,Rajajinagar,12.99181,77.55038,2026-01-18,15:57:59,High,Open,62,Other
FIR01885,Drug Offense,Yelahanka,13.105494,77.598503,2024-11-30,03:37:03,Medium,Open,61,Female
FIR01886,Vehicle Theft,Banashankari,12.915901,77.571008,2026-03-05,21:45:57,Low,Under Investigation,63,Male
FIR01887,Kidnapping,MG Road,12.975906,77.605191,2026-03-09,11:50:55,High,Open,56,Male
FIR01888,Robbery,BTM Layout,12.916463,77.607559,2026-07-11,13:05:19,High,Under Investigation,45,Female
FIR01889,Vehicle Theft,Yelahanka,13.10298,77.59653,2025-05-27,14:40:34,Low,Open,49,Male
FIR01890,Robbery,Whitefield,12.973312,77.74817,2024-08-30,08:03:51,High,Open,57,Male
FIR01891,Kidnapping,Koramangala,12.938573,77.619568,2024-08-21,00:39:44,High,Under Investigation,54,Other
FIR01892,Murder,Indiranagar,12.980077,77.644663,2025-11-16,23:15:10,High,Open,50,Other
FIR01893,Cyber Crime,Malleshwaram,13.002345,77.568044,2025-12-09,19:01:06,Medium,Open,51,Other
FIR01894,Vehicle Theft,Whitefield,12.96554,77.75367,2024-09-28,22:13:39,Low,Under Investigation,65,Female
FIR01895,Theft,Hebbal,13.034148,77.600169,2026-07-04,17:03:30,Low,Under Investigation,48,Other
FIR01896,Fraud,MG Road,12.971536,77.604289,2026-03-04,14:02:01,Medium,Under Investigation,42,Female
FIR01897,Domestic Violence,HSR Layout,12.913435,77.645859,2024-07-27,22:52:36,Medium,Open,44,Other
FIR01898,Robbery,Jayanagar,12.924164,77.593443,2025-10-20,13:56:56,High,Closed,66,Male
FIR01899,Fraud,Yelahanka,13.101163,77.597859,2026-01-22,22:19:35,Medium,Under Investigation,22,Other
FIR01900,Robbery,Koramangala,12.930534,77.62288,2026-07-13,06:00:45,High,Under Investigation,37,Female
FIR01901,Assault,Electronic City,12.84295,77.678091,2025-04-05,08:52:35,Medium,Under Investigation,46,Female
FIR01902,Robbery,MG Road,12.976295,77.603492,2025-04-08,13:05:46,High,Closed,34,Male
FIR01903,Cyber Crime,Koramangala,12.933786,77.629301,2026-06-20,13:16:54,Medium,Open,48,Male
FIR01904,Theft,Jayanagar,12.923241,77.590072,2025-08-29,20:12:36,Low,Open,21,Other
FIR01905,Kidnapping,Marathahalli,12.959035,77.702263,2025-01-02,07:57:02,High,Closed,35,Other
FIR01906,Domestic Violence,Yelahanka,13.100001,77.593204,2025-01-24,13:35:16,Medium,Under Investigation,67,Male
FIR01907,Assault,MG Road,12.980413,77.609854,2026-05-21,00:56:59,Medium,Closed,45,Female
FIR01908,Assault,HSR Layout,12.910262,77.643124,2025-07-26,22:50:21,Medium,Under Investigation,37,Female
FIR01909,Vehicle Theft,Hebbal,13.034392,77.593059,2026-04-07,03:43:16,Low,Closed,34,Male
FIR01910,Murder,Koramangala,12.934807,77.627774,2026-02-23,00:08:46,High,Closed,50,Male
FIR01911,Murder,Malleshwaram,13.00355,77.573175,2024-08-24,14:00:56,High,Under Investigation,46,Other
FIR01912,Robbery,Whitefield,12.970918,77.753217,2025-11-26,07:20:44,High,Open,48,Other
FIR01913,Cyber Crime,Whitefield,12.965,77.753843,2025-06-23,15:08:27,Medium,Under Investigation,50,Female
FIR01914,Assault,Malleshwaram,13.004056,77.569962,2024-12-22,11:49:55,Medium,Open,64,Male
FIR01915,Murder,Electronic City,12.836647,77.678718,2026-07-07,20:38:24,High,Open,47,Male
FIR01916,Robbery,BTM Layout,12.917082,77.611341,2026-07-22,19:59:21,High,Under Investigation,58,Female
FIR01917,Theft,Rajajinagar,12.992613,77.557513,2026-04-08,06:55:17,Low,Closed,58,Other
FIR01918,Fraud,Banashankari,12.914013,77.57346,2026-03-22,07:16:26,Medium,Closed,44,Other
FIR01919,Vehicle Theft,Electronic City,12.836815,77.673462,2026-06-17,10:29:00,Low,Closed,43,Male
FIR01920,Theft,BTM Layout,12.913301,77.605523,2025-05-14,17:17:23,Low,Under Investigation,18,Male
FIR01921,Theft,Banashankari,12.918543,77.569217,2025-10-15,17:26:44,Low,Under Investigation,68,Male
FIR01922,Murder,Koramangala,12.93123,77.625813,2026-05-24,04:36:12,High,Open,34,Female
FIR01923,Theft,Rajajinagar,12.996055,77.556791,2025-08-15,12:30:46,Low,Under Investigation,32,Female
FIR01924,Murder,Banashankari,12.921203,77.576437,2025-02-07,10:14:44,High,Closed,28,Male
FIR01925,Kidnapping,Koramangala,12.9368,77.628693,2024-08-14,11:39:47,High,Closed,44,Other
FIR01926,Fraud,Malleshwaram,12.999257,77.573771,2025-12-09,16:18:33,Medium,Closed,22,Female
FIR01927,Kidnapping,HSR Layout,12.908848,77.646585,2024-09-02,15:38:16,High,Open,30,Other
FIR01928,Cyber Crime,HSR Layout,12.9118,77.644559,2025-04-16,05:58:36,Medium,Under Investigation,45,Other
FIR01929,Murder,Hebbal,13.037921,77.592261,2026-06-16,12:18:44,High,Open,33,Other
FIR01930,Vehicle Theft,Indiranagar,12.976347,77.642185,2025-03-19,21:27:28,Low,Under Investigation,67,Female
FIR01931,Drug Offense,Bellandur,12.930722,77.673304,2025-11-11,17:16:48,Medium,Open,70,Male
FIR01932,Cyber Crime,BTM Layout,12.921247,77.605707,2025-05-11,03:17:57,Medium,Open,23,Male
FIR01933,Murder,Hebbal,13.039446,77.593086,2024-10-18,09:31:38,High,Under Investigation,53,Female
FIR01934,Domestic Violence,HSR Layout,12.91291,77.648974,2024-12-29,13:39:40,Medium,Open,55,Male
FIR01935,Drug Offense,HSR Layout,12.908866,77.643522,2025-04-09,07:30:04,Medium,Under Investigation,68,Female
FIR01936,Fraud,Hebbal,13.039396,77.598636,2024-10-12,14:28:53,Medium,Open,70,Male
FIR01937,Vehicle Theft,Electronic City,12.843155,77.678132,2025-05-25,21:31:03,Low,Closed,24,Female
FIR01938,Drug Offense,BTM Layout,12.912148,77.610963,2025-06-14,09:59:32,Medium,Under Investigation,41,Male
FIR01939,Robbery,Marathahalli,12.956484,77.70003,2026-02-04,21:21:37,High,Open,33,Other
FIR01940,Domestic Violence,MG Road,12.977685,77.608905,2025-04-23,11:47:17,Medium,Closed,47,Female
FIR01941,Vehicle Theft,Hebbal,13.036256,77.597946,2024-09-13,01:52:54,Low,Under Investigation,58,Male
FIR01942,Theft,Electronic City,12.836976,77.676947,2025-07-26,19:26:07,Low,Open,65,Male
FIR01943,Drug Offense,Yelahanka,13.103569,77.591846,2026-07-18,15:22:55,Medium,Under Investigation,48,Other
FIR01944,Theft,Marathahalli,12.958679,77.701564,2026-05-20,06:47:19,Low,Under Investigation,65,Other
FIR01945,Drug Offense,Jayanagar,12.924042,77.595594,2026-01-22,09:03:26,Medium,Closed,68,Female
FIR01946,Assault,Electronic City,12.842632,77.674674,2024-10-12,17:28:23,Medium,Open,20,Female
FIR01947,Assault,Marathahalli,12.961693,77.699354,2026-07-15,09:19:40,Medium,Under Investigation,66,Male
FIR01948,Murder,Malleshwaram,13.002766,77.565757,2025-05-28,00:52:15,High,Open,48,Female
FIR01949,Fraud,Indiranagar,12.976841,77.639491,2024-09-23,20:11:43,Medium,Under Investigation,29,Other
FIR01950,Drug Offense,Marathahalli,12.956093,77.692988,2026-01-12,23:31:05,Medium,Closed,48,Other
FIR01951,Murder,Bellandur,12.929186,77.674249,2025-06-10,23:28:53,High,Under Investigation,38,Female
FIR01952,Vehicle Theft,Hebbal,13.031792,77.594734,2025-10-23,00:15:07,Low,Closed,59,Male
FIR01953,Domestic Violence,Rajajinagar,12.988221,77.555243,2025-05-22,03:18:00,Medium,Under Investigation,52,Other
FIR01954,Murder,Koramangala,12.937591,77.626736,2024-11-14,19:44:52,High,Under Investigation,20,Female
FIR01955,Fraud,MG Road,12.978915,77.608259,2024-11-06,15:04:51,Medium,Closed,48,Male
FIR01956,Theft,Electronic City,12.837643,77.676162,2026-03-10,18:16:54,Low,Under Investigation,36,Other
FIR01957,Assault,Marathahalli,12.957345,77.698764,2026-04-18,18:15:40,Medium,Closed,58,Other
FIR01958,Fraud,Koramangala,12.934054,77.621824,2025-12-23,08:53:44,Medium,Closed,34,Other
FIR01959,Vehicle Theft,Koramangala,12.937087,77.627503,2026-02-02,13:54:33,Low,Closed,30,Female
FIR01960,Domestic Violence,Hebbal,13.037558,77.592014,2025-08-24,10:31:59,Medium,Open,26,Female
FIR01961,Theft,HSR Layout,12.915724,77.648339,2025-06-04,00:44:44,Low,Closed,24,Male
FIR01962,Cyber Crime,Banashankari,12.915467,77.57047,2026-02-20,04:15:58,Medium,Closed,43,Other
FIR01963,Cyber Crime,Malleshwaram,13.007548,77.57515,2024-08-29,05:31:25,Medium,Under Investigation,35,Male
FIR01964,Kidnapping,Yelahanka,13.100038,77.595441,2025-03-14,15:10:34,High,Open,64,Female
FIR01965,Domestic Violence,Bellandur,12.927204,77.677224,2025-12-23,03:20:11,Medium,Open,30,Male
FIR01966,Cyber Crime,Hebbal,13.03878,77.593904,2025-07-11,18:17:50,Medium,Under Investigation,27,Other
FIR01967,Fraud,BTM Layout,12.91677,77.609168,2025-07-29,16:09:45,Medium,Closed,33,Other
FIR01968,Drug Offense,Marathahalli,12.960766,77.695305,2025-02-11,13:54:53,Medium,Closed,51,Male
FIR01969,Vehicle Theft,Koramangala,12.936349,77.622346,2024-10-02,10:09:45,Low,Open,41,Other
FIR01970,Kidnapping,Banashankari,12.918371,77.576732,2026-01-29,01:13:50,High,Open,49,Other
FIR01971,Vehicle Theft,HSR Layout,12.913485,77.644047,2026-04-21,23:01:49,Low,Under Investigation,29,Male
FIR01972,Domestic Violence,Koramangala,12.939329,77.621285,2026-04-25,08:28:46,Medium,Open,25,Male
FIR01973,Vehicle Theft,Yelahanka,13.09952,77.597227,2026-01-18,11:07:12,Low,Open,66,Male
FIR01974,Theft,Hebbal,13.035878,77.599652,2025-07-23,23:31:51,Low,Closed,65,Male
FIR01975,Murder,Rajajinagar,12.987831,77.552182,2025-02-08,20:20:42,High,Open,19,Male
FIR01976,Fraud,Electronic City,12.835091,77.680347,2025-05-30,12:34:12,Medium,Under Investigation,48,Other
FIR01977,Murder,Malleshwaram,13.006402,77.565897,2026-01-17,05:29:34,High,Under Investigation,26,Other
FIR01978,Fraud,Whitefield,12.967814,77.747181,2026-04-03,03:24:34,Medium,Closed,69,Female
FIR01979,Vehicle Theft,Marathahalli,12.960678,77.697975,2026-01-06,00:33:18,Low,Under Investigation,29,Other
FIR01980,Domestic Violence,Whitefield,12.971811,77.751677,2025-06-18,21:07:06,Medium,Closed,55,Other
FIR01981,Kidnapping,Bellandur,12.930714,77.676279,2025-04-24,13:44:53,High,Closed,51,Other
FIR01982,Robbery,Malleshwaram,13.000848,77.574153,2026-07-04,07:25:46,High,Open,63,Other
FIR01983,Assault,Yelahanka,13.105456,77.597711,2025-06-09,10:12:15,Medium,Under Investigation,69,Other
FIR01984,Fraud,BTM Layout,12.920026,77.611454,2025-11-27,02:10:50,Medium,Under Investigation,43,Female
FIR01985,Assault,Yelahanka,13.100074,77.599512,2026-01-02,07:15:32,Medium,Closed,58,Other
FIR01986,Theft,Jayanagar,12.928944,77.593904,2025-12-25,19:49:57,Low,Under Investigation,65,Female
FIR01987,Drug Offense,Jayanagar,12.920594,77.596926,2026-06-10,00:39:30,Medium,Under Investigation,31,Other
FIR01988,Fraud,Marathahalli,12.963555,77.699078,2025-10-27,16:41:10,Medium,Under Investigation,33,Female
FIR01989,Theft,BTM Layout,12.914456,77.614967,2025-01-01,03:11:50,Low,Under Investigation,54,Male
FIR01990,Fraud,Indiranagar,12.98211,77.640487,2025-01-10,15:06:37,Medium,Closed,24,Other
FIR01991,Robbery,BTM Layout,12.921471,77.611561,2025-08-15,22:15:21,High,Open,54,Other
FIR01992,Robbery,Electronic City,12.843084,77.673749,2025-11-01,05:37:56,High,Closed,34,Male
FIR01993,Drug Offense,MG Road,12.980346,77.603042,2025-06-09,14:36:18,Medium,Closed,54,Other
FIR01994,Theft,MG Road,12.976674,77.606878,2025-05-25,17:02:11,Low,Open,26,Other
FIR01995,Kidnapping,Indiranagar,12.973941,77.636282,2025-05-18,17:59:32,High,Closed,32,Female
FIR01996,Kidnapping,HSR Layout,12.910462,77.647014,2025-05-12,13:53:47,High,Closed,19,Other
FIR01997,Domestic Violence,Hebbal,13.033207,77.598955,2025-05-16,00:04:15,Medium,Closed,27,Other
FIR01998,Drug Offense,HSR Layout,12.909326,77.651354,2024-12-12,17:25:38,Medium,Closed,28,Other
FIR01999,Vehicle Theft,Bellandur,12.928229,77.671554,2025-09-19,17:08:06,Low,Open,35,Male
FIR02000,Domestic Violence,Indiranagar,12.975572,77.644546,2026-06-15,20:57:23,Medium,Open,62,Female
FIR02001,Domestic Violence,BTM Layout,12.914658,77.610782,2026-04-29,06:59:52,Medium,Open,34,Male
FIR02002,Fraud,Banashankari,12.919413,77.57786,2025-12-21,14:06:35,Medium,Open,40,Male
FIR02003,Domestic Violence,Jayanagar,12.926675,77.594028,2025-08-11,01:34:54,Medium,Closed,28,Female
FIR02004,Kidnapping,Indiranagar,12.976878,77.636908,2024-08-08,21:26:02,High,Closed,40,Male
FIR02005,Cyber Crime,Jayanagar,12.923531,77.593599,2025-02-18,00:33:08,Medium,Under Investigation,53,Other
FIR02006,Vehicle Theft,Banashankari,12.919636,77.575145,2026-01-16,04:46:22,Low,Closed,38,Other
FIR02007,Vehicle Theft,Marathahalli,12.963355,77.696861,2025-03-20,23:06:09,Low,Open,63,Female
FIR02008,Cyber Crime,HSR Layout,12.907713,77.6445,2024-09-21,03:48:00,Medium,Closed,63,Male
FIR02009,Kidnapping,Yelahanka,13.097164,77.59891,2025-05-04,07:57:55,High,Closed,35,Male
FIR02010,Cyber Crime,Jayanagar,12.929341,77.593409,2026-06-19,03:30:56,Medium,Under Investigation,24,Male
FIR02011,Assault,Marathahalli,12.9602,77.697706,2026-06-28,16:08:35,Medium,Closed,46,Female
FIR02012,Assault,Banashankari,12.914649,77.569408,2025-12-23,07:19:34,Medium,Under Investigation,62,Female
FIR02013,Theft,Whitefield,12.969445,77.751158,2025-09-27,19:45:08,Low,Open,59,Male
FIR02014,Murder,HSR Layout,12.909502,77.651459,2026-02-24,09:59:36,High,Open,32,Other
FIR02015,Murder,Malleshwaram,13.001051,77.568248,2026-03-04,16:13:04,High,Under Investigation,29,Female
FIR02016,Vehicle Theft,Whitefield,12.972643,77.750956,2026-01-19,09:17:34,Low,Closed,31,Male
FIR02017,Drug Offense,Koramangala,12.934212,77.621097,2024-10-11,16:04:10,Medium,Open,27,Female
FIR02018,Cyber Crime,MG Road,12.971715,77.603699,2026-05-16,16:16:36,Medium,Closed,70,Other
FIR02019,Domestic Violence,Banashankari,12.917015,77.571138,2026-04-15,19:21:34,Medium,Closed,48,Other
FIR02020,Vehicle Theft,Indiranagar,12.980955,77.641298,2025-03-30,09:48:51,Low,Open,67,Female
FIR02021,Drug Offense,Whitefield,12.971481,77.74593,2026-01-24,09:39:48,Medium,Closed,30,Male
FIR02022,Vehicle Theft,Yelahanka,13.098253,77.591599,2026-06-03,03:06:00,Low,Under Investigation,68,Female
FIR02023,Theft,Banashankari,12.92289,77.577664,2025-09-03,12:39:50,Low,Closed,46,Other
FIR02024,Murder,Banashankari,12.914058,77.575501,2025-07-25,05:36:32,High,Under Investigation,57,Other
FIR02025,Assault,Marathahalli,12.96216,77.692832,2026-07-16,11:13:22,Medium,Under Investigation,46,Other
FIR02026,Domestic Violence,Banashankari,12.917231,77.573297,2024-08-05,00:51:02,Medium,Open,36,Other
FIR02027,Theft,Jayanagar,12.924927,77.592138,2026-01-04,03:25:45,Low,Closed,24,Male
FIR02028,Cyber Crime,HSR Layout,12.908755,77.65225,2025-11-19,21:53:42,Medium,Under Investigation,37,Other
FIR02029,Fraud,Yelahanka,13.097584,77.597528,2026-06-10,11:45:09,Medium,Closed,31,Male
FIR02030,Robbery,Indiranagar,12.981595,77.642937,2025-08-17,23:33:37,High,Under Investigation,40,Other
FIR02031,Robbery,Koramangala,12.934258,77.622879,2025-10-21,16:12:28,High,Under Investigation,68,Male
FIR02032,Robbery,Electronic City,12.840191,77.680822,2024-11-17,22:01:44,High,Closed,69,Female
FIR02033,Robbery,Jayanagar,12.925429,77.597271,2026-04-08,10:05:11,High,Under Investigation,33,Male
FIR02034,Drug Offense,Koramangala,12.932491,77.628456,2024-12-13,23:22:28,Medium,Open,19,Female
FIR02035,Assault,Indiranagar,12.977884,77.643366,2025-09-02,15:47:49,Medium,Open,58,Male
FIR02036,Drug Offense,Yelahanka,13.104668,77.598726,2025-02-21,19:12:15,Medium,Under Investigation,52,Male
FIR02037,Kidnapping,Banashankari,12.913578,77.570708,2025-10-10,04:17:32,High,Closed,40,Male
FIR02038,Theft,Yelahanka,13.09763,77.593439,2025-06-05,15:06:27,Low,Open,49,Other
FIR02039,Domestic Violence,Electronic City,12.842358,77.672152,2025-01-07,16:06:30,Medium,Open,69,Female
FIR02040,Assault,Indiranagar,12.982634,77.645425,2025-06-27,13:27:18,Medium,Under Investigation,69,Other
FIR02041,Drug Offense,Indiranagar,12.980818,77.637541,2024-07-25,05:40:33,Medium,Under Investigation,18,Female
FIR02042,Kidnapping,HSR Layout,12.911962,77.645715,2024-09-30,22:11:48,High,Under Investigation,19,Male
FIR02043,Domestic Violence,MG Road,12.978352,77.604196,2025-09-12,00:02:43,Medium,Open,41,Other
FIR02044,Vehicle Theft,Malleshwaram,12.998906,77.57009,2024-08-03,21:18:13,Low,Under Investigation,24,Other
FIR02045,Assault,Whitefield,12.973518,77.750698,2025-01-18,13:08:07,Medium,Open,41,Female
FIR02046,Vehicle Theft,Hebbal,13.040511,77.598111,2026-05-02,16:00:58,Low,Open,40,Other
FIR02047,Fraud,Hebbal,13.037286,77.59362,2026-07-22,13:11:42,Medium,Under Investigation,52,Other
FIR02048,Domestic Violence,Rajajinagar,12.99208,77.555183,2026-07-06,09:05:34,Medium,Under Investigation,53,Male
FIR02049,Theft,Rajajinagar,12.986583,77.556216,2026-07-11,12:14:10,Low,Under Investigation,37,Other
FIR02050,Fraud,Rajajinagar,12.994227,77.553328,2026-06-10,15:51:02,Medium,Closed,28,Other
FIR02051,Cyber Crime,Marathahalli,12.954744,77.693015,2026-05-02,03:01:19,Medium,Open,47,Other
FIR02052,Robbery,Marathahalli,12.963056,77.70191,2026-03-17,13:11:28,High,Open,27,Other
FIR02053,Murder,Jayanagar,12.927265,77.590382,2025-04-04,02:23:08,High,Open,24,Male
FIR02054,Drug Offense,Koramangala,12.938889,77.623901,2025-01-05,00:12:47,Medium,Closed,19,Male
FIR02055,Domestic Violence,Indiranagar,12.975506,77.63899,2025-03-25,04:57:15,Medium,Open,32,Other
FIR02056,Drug Offense,Banashankari,12.9221,77.575551,2026-07-15,06:36:03,Medium,Under Investigation,22,Male
FIR02057,Domestic Violence,Marathahalli,12.956365,77.701496,2025-10-14,11:35:55,Medium,Closed,25,Male
FIR02058,Assault,Whitefield,12.971422,77.752246,2024-08-03,20:00:13,Medium,Open,46,Female
FIR02059,Drug Offense,Koramangala,12.931571,77.626984,2026-05-03,14:43:04,Medium,Closed,27,Other
FIR02060,Assault,Malleshwaram,13.001152,77.57334,2025-09-16,23:56:37,Medium,Closed,59,Male
FIR02061,Vehicle Theft,Hebbal,13.03988,77.594582,2026-04-01,16:32:08,Low,Open,25,Female
FIR02062,Murder,Electronic City,12.844629,77.679956,2025-12-22,17:51:47,High,Under Investigation,52,Other
FIR02063,Drug Offense,Koramangala,12.938721,77.626542,2025-06-21,07:02:41,Medium,Closed,63,Male
FIR02064,Kidnapping,Koramangala,12.935681,77.62938,2024-12-06,00:30:27,High,Open,39,Other
FIR02065,Vehicle Theft,BTM Layout,12.921236,77.605698,2024-11-23,12:13:02,Low,Closed,51,Male
FIR02066,Vehicle Theft,Whitefield,12.965026,77.74817,2026-04-24,07:23:08,Low,Closed,62,Other
FIR02067,Kidnapping,Hebbal,13.039159,77.596458,2025-03-25,09:23:02,High,Under Investigation,52,Other
FIR02068,Murder,Electronic City,12.840712,77.681742,2025-06-22,17:17:06,High,Open,23,Female
FIR02069,Vehicle Theft,Hebbal,13.033549,77.59585,2024-12-04,12:20:28,Low,Open,19,Female
FIR02070,Domestic Violence,BTM Layout,12.914853,77.614362,2026-03-23,11:42:02,Medium,Closed,29,Other
FIR02071,Assault,Banashankari,12.914663,77.575631,2024-10-20,14:30:10,Medium,Open,50,Female
FIR02072,Vehicle Theft,Marathahalli,12.958641,77.693372,2025-10-01,05:21:51,Low,Under Investigation,61,Other
FIR02073,Vehicle Theft,Bellandur,12.930098,77.677546,2026-03-12,16:54:41,Low,Under Investigation,24,Male
FIR02074,Domestic Violence,Whitefield,12.969829,77.75056,2026-03-21,11:12:06,Medium,Open,57,Male
FIR02075,Cyber Crime,Marathahalli,12.959834,77.700676,2025-01-01,17:40:47,Medium,Closed,59,Male
FIR02076,Domestic Violence,Whitefield,12.965778,77.746034,2026-07-06,01:17:49,Medium,Under Investigation,66,Male
FIR02077,Murder,Koramangala,12.939493,77.620152,2026-04-19,22:32:46,High,Under Investigation,62,Female
FIR02078,Domestic Violence,BTM Layout,12.915276,77.610941,2025-12-19,23:00:20,Medium,Under Investigation,33,Other
FIR02079,Fraud,Electronic City,12.835606,77.674359,2025-09-06,02:20:35,Medium,Under Investigation,32,Male
FIR02080,Assault,Hebbal,13.035703,77.600072,2026-04-12,13:46:47,Medium,Under Investigation,41,Female
FIR02081,Kidnapping,Yelahanka,13.099219,77.597623,2026-04-07,11:18:32,High,Closed,43,Other
FIR02082,Domestic Violence,HSR Layout,12.913301,77.651799,2026-03-09,13:15:56,Medium,Closed,62,Female
FIR02083,Vehicle Theft,Marathahalli,12.95977,77.699674,2025-12-14,02:41:37,Low,Open,35,Male
FIR02084,Theft,Rajajinagar,12.994324,77.556191,2026-04-16,08:27:39,Low,Open,32,Other
FIR02085,Robbery,Hebbal,13.033268,77.596752,2026-02-04,20:31:17,High,Under Investigation,62,Other
FIR02086,Cyber Crime,Bellandur,12.926271,77.677064,2025-02-19,08:21:20,Medium,Open,34,Other
FIR02087,Drug Offense,Indiranagar,12.97597,77.637231,2025-01-29,00:07:13,Medium,Closed,34,Other
FIR02088,Theft,Malleshwaram,13.00205,77.574791,2025-11-27,01:45:38,Low,Under Investigation,25,Male
FIR02089,Cyber Crime,Malleshwaram,13.006281,77.567506,2024-08-22,18:07:04,Medium,Under Investigation,40,Female
FIR02090,Murder,Malleshwaram,12.999796,77.571549,2025-05-10,01:40:23,High,Open,20,Other
FIR02091,Drug Offense,Whitefield,12.972796,77.747133,2025-09-01,16:22:46,Medium,Open,60,Other
FIR02092,Domestic Violence,Bellandur,12.924542,77.673304,2025-05-30,09:10:31,Medium,Under Investigation,57,Other
FIR02093,Assault,Indiranagar,12.974616,77.64228,2025-03-28,09:29:54,Medium,Closed,24,Male
FIR02094,Domestic Violence,Banashankari,12.9155,77.577068,2024-11-02,16:54:53,Medium,Open,62,Male
FIR02095,Murder,Malleshwaram,13.007719,77.568351,2025-05-04,21:45:26,High,Closed,45,Female
FIR02096,Kidnapping,Electronic City,12.83797,77.677277,2024-09-30,21:47:50,High,Open,18,Female
FIR02097,Theft,Whitefield,12.965022,77.754826,2024-10-01,23:17:05,Low,Under Investigation,65,Female
FIR02098,Theft,Yelahanka,13.100502,77.597091,2026-03-01,04:22:14,Low,Closed,60,Male
FIR02099,Theft,Bellandur,12.927067,77.672632,2025-02-18,07:15:52,Low,Under Investigation,29,Female
FIR02100,Domestic Violence,Whitefield,12.965802,77.7467,2026-03-14,01:39:32,Medium,Closed,59,Other
FIR02101,Domestic Violence,Bellandur,12.923631,77.678069,2025-05-04,09:44:57,Medium,Open,22,Other
FIR02102,Murder,Whitefield,12.966762,77.747697,2025-01-02,15:32:24,High,Closed,36,Male
FIR02103,Drug Offense,HSR Layout,12.914695,77.651629,2026-02-18,00:10:45,Medium,Under Investigation,30,Other
FIR02104,Kidnapping,MG Road,12.980579,77.605093,2024-09-03,04:32:58,High,Closed,62,Female
FIR02105,Assault,Rajajinagar,12.98683,77.557678,2024-10-13,03:47:35,Medium,Closed,57,Male
FIR02106,Murder,Bellandur,12.927928,77.674564,2025-09-03,12:13:28,High,Under Investigation,40,Male
FIR02107,Kidnapping,HSR Layout,12.908808,77.646784,2025-07-19,13:42:01,High,Under Investigation,32,Female
FIR02108,Vehicle Theft,Whitefield,12.966693,77.7518,2026-01-07,16:31:08,Low,Under Investigation,46,Other
FIR02109,Robbery,Koramangala,12.934978,77.624421,2025-10-06,18:33:30,High,Closed,36,Other
FIR02110,Murder,Banashankari,12.923301,77.571146,2025-05-03,09:41:33,High,Under Investigation,54,Other
FIR02111,Drug Offense,Indiranagar,12.974822,77.641902,2024-07-30,05:20:10,Medium,Open,31,Other
FIR02112,Theft,Banashankari,12.922019,77.577286,2024-08-16,12:33:07,Low,Under Investigation,23,Female
FIR02113,Fraud,Marathahalli,12.959563,77.700588,2026-02-10,09:25:16,Medium,Under Investigation,32,Other
FIR02114,Kidnapping,Malleshwaram,13.005582,77.567501,2024-08-04,20:12:18,High,Open,20,Other
FIR02115,Murder,BTM Layout,12.916596,77.608419,2025-06-07,19:40:53,High,Under Investigation,60,Other
FIR02116,Murder,Bellandur,12.930331,77.678443,2026-02-04,03:52:07,High,Closed,19,Male
FIR02117,Robbery,Banashankari,12.916075,77.573395,2026-03-20,17:38:57,High,Closed,62,Female
FIR02118,Assault,Rajajinagar,12.991038,77.558538,2025-11-10,12:54:43,Medium,Open,40,Female
FIR02119,Theft,BTM Layout,12.919518,77.607371,2025-09-12,08:02:02,Low,Open,39,Other
FIR02120,Cyber Crime,Electronic City,12.837026,77.672426,2026-03-05,21:50:35,Medium,Closed,41,Other
FIR02121,Cyber Crime,Electronic City,12.839626,77.672476,2026-03-29,18:43:54,Medium,Closed,28,Other
FIR02122,Robbery,Hebbal,13.035591,77.601132,2025-07-26,03:20:30,High,Closed,67,Other
FIR02123,Murder,Hebbal,13.032755,77.598968,2026-03-06,02:09:39,High,Closed,30,Female
FIR02124,Theft,Electronic City,12.84276,77.675338,2026-06-05,12:56:37,Low,Open,25,Other
FIR02125,Kidnapping,Marathahalli,12.95731,77.699895,2026-03-19,13:14:58,High,Closed,49,Female
FIR02126,Vehicle Theft,Hebbal,13.032421,77.601414,2025-08-05,15:51:13,Low,Open,64,Female
FIR02127,Robbery,Koramangala,12.934617,77.6222,2026-01-16,06:04:43,High,Under Investigation,20,Other
FIR02128,Theft,Yelahanka,13.104516,77.597415,2025-09-07,22:59:04,Low,Under Investigation,55,Other
FIR02129,Fraud,Yelahanka,13.101693,77.599139,2025-02-11,00:57:04,Medium,Under Investigation,58,Other
FIR02130,Domestic Violence,Electronic City,12.842048,77.678763,2025-05-13,21:20:12,Medium,Open,63,Male
FIR02131,Murder,MG Road,12.972143,77.60232,2025-06-09,15:53:04,High,Under Investigation,41,Male
FIR02132,Assault,Jayanagar,12.925429,77.594138,2025-11-12,11:55:37,Medium,Under Investigation,54,Male
FIR02133,Vehicle Theft,Indiranagar,12.974899,77.637902,2026-02-04,06:17:33,Low,Open,55,Female
FIR02134,Vehicle Theft,BTM Layout,12.913233,77.605906,2026-04-06,00:06:12,Low,Closed,39,Male
FIR02135,Assault,Koramangala,12.933574,77.622,2024-12-09,07:44:43,Medium,Closed,32,Male
FIR02136,Murder,HSR Layout,12.915559,77.649099,2026-02-14,22:19:22,High,Open,19,Female
FIR02137,Domestic Violence,Indiranagar,12.980176,77.643469,2025-03-16,18:41:41,Medium,Under Investigation,35,Male
FIR02138,Robbery,Rajajinagar,12.993208,77.552266,2025-08-21,19:46:51,High,Under Investigation,23,Male
FIR02139,Drug Offense,Malleshwaram,12.999923,77.575528,2025-04-23,18:19:49,Medium,Closed,53,Other
FIR02140,Theft,Hebbal,13.03793,77.593328,2025-02-04,07:26:18,Low,Under Investigation,48,Other
FIR02141,Theft,MG Road,12.971267,77.608125,2024-09-21,13:26:20,Low,Open,24,Other
FIR02142,Cyber Crime,MG Road,12.974995,77.600067,2026-07-21,01:07:27,Medium,Open,60,Other
FIR02143,Kidnapping,Electronic City,12.844191,77.676903,2024-08-19,16:57:56,High,Under Investigation,64,Male
FIR02144,Vehicle Theft,Malleshwaram,12.999284,77.573099,2025-07-29,05:47:01,Low,Closed,37,Other
FIR02145,Fraud,Hebbal,13.037968,77.596225,2026-03-06,04:45:51,Medium,Open,46,Female
FIR02146,Cyber Crime,Malleshwaram,12.999843,77.567012,2025-04-05,20:45:43,Medium,Closed,41,Male
FIR02147,Robbery,Whitefield,12.973281,77.750703,2026-06-20,05:08:47,High,Open,35,Other
FIR02148,Theft,Marathahalli,12.959496,77.70075,2026-04-20,07:17:38,Low,Under Investigation,27,Male
FIR02149,Assault,Banashankari,12.922773,77.578368,2025-02-25,19:29:57,Medium,Open,46,Female
FIR02150,Cyber Crime,Yelahanka,13.096635,77.59573,2025-09-18,01:04:32,Medium,Open,39,Other
FIR02151,Drug Offense,Banashankari,12.914305,77.575241,2026-07-20,06:21:06,Medium,Under Investigation,29,Male
FIR02152,Murder,Bellandur,12.930528,77.675933,2024-10-03,23:39:11,High,Closed,67,Female
FIR02153,Drug Offense,Banashankari,12.913659,77.572758,2025-02-06,23:24:39,Medium,Closed,31,Male
FIR02154,Domestic Violence,Marathahalli,12.957976,77.692919,2025-01-27,20:33:17,Medium,Open,62,Other
FIR02155,Robbery,Jayanagar,12.926619,77.590444,2024-08-08,06:44:02,High,Under Investigation,44,Other
FIR02156,Vehicle Theft,Bellandur,12.926621,77.671656,2026-05-04,03:30:43,Low,Open,70,Other
FIR02157,Robbery,Indiranagar,12.982174,77.638777,2025-12-13,10:40:59,High,Closed,25,Male
FIR02158,Murder,Banashankari,12.917368,77.578261,2024-12-23,23:37:41,High,Under Investigation,68,Other
FIR02159,Vehicle Theft,Rajajinagar,12.993902,77.550403,2024-09-24,13:47:47,Low,Under Investigation,50,Other
FIR02160,Cyber Crime,Bellandur,12.923812,77.673982,2025-06-06,08:13:27,Medium,Open,66,Female
FIR02161,Kidnapping,Bellandur,12.928754,77.678873,2026-03-14,09:38:48,High,Under Investigation,69,Female
FIR02162,Theft,Yelahanka,13.098086,77.596401,2025-12-28,20:13:37,Low,Under Investigation,63,Male
FIR02163,Vehicle Theft,Koramangala,12.938274,77.628046,2025-04-08,07:23:29,Low,Under Investigation,64,Male
FIR02164,Vehicle Theft,Malleshwaram,13.00542,77.568568,2024-12-01,05:26:23,Low,Closed,54,Female
FIR02165,Cyber Crime,Koramangala,12.935327,77.627868,2025-01-27,14:25:15,Medium,Open,41,Male
FIR02166,Assault,Rajajinagar,12.993563,77.551503,2025-10-24,19:06:05,Medium,Closed,36,Male
FIR02167,Cyber Crime,Hebbal,13.032941,77.601551,2025-07-08,09:05:16,Medium,Open,53,Male
FIR02168,Domestic Violence,Rajajinagar,12.992597,77.559454,2025-07-23,01:50:41,Medium,Closed,66,Male
FIR02169,Theft,Jayanagar,12.929406,77.595127,2025-12-22,16:57:13,Low,Open,58,Female
FIR02170,Domestic Violence,Hebbal,13.034017,77.592028,2025-12-09,01:11:56,Medium,Open,54,Male
FIR02171,Cyber Crime,Indiranagar,12.981278,77.643277,2025-12-16,05:16:07,Medium,Open,48,Male
FIR02172,Drug Offense,Banashankari,12.913945,77.575537,2026-04-26,19:16:21,Medium,Under Investigation,37,Female
FIR02173,Vehicle Theft,Bellandur,12.932396,77.679602,2024-11-15,00:59:12,Low,Under Investigation,31,Other
FIR02174,Kidnapping,MG Road,12.970623,77.6036,2026-01-24,23:16:19,High,Under Investigation,26,Other
FIR02175,Vehicle Theft,MG Road,12.976782,77.605108,2025-07-25,19:24:12,Low,Open,36,Male
FIR02176,Cyber Crime,Koramangala,12.933852,77.629037,2025-04-19,14:07:36,Medium,Closed,55,Female
FIR02177,Robbery,Rajajinagar,12.98982,77.557789,2025-04-07,00:03:58,High,Under Investigation,44,Other
FIR02178,Robbery,Hebbal,13.040689,77.599144,2026-03-06,23:24:58,High,Closed,33,Female
FIR02179,Assault,Marathahalli,12.95963,77.694202,2026-06-23,23:49:17,Medium,Under Investigation,66,Female
FIR02180,Fraud,Indiranagar,12.97877,77.639327,2024-09-05,02:50:35,Medium,Under Investigation,60,Female
FIR02181,Drug Offense,Hebbal,13.032882,77.592747,2025-12-16,19:50:52,Medium,Closed,58,Male
FIR02182,Murder,Electronic City,12.836533,77.677081,2024-09-06,22:39:14,High,Under Investigation,69,Other
FIR02183,Theft,Malleshwaram,13.001067,77.575266,2024-12-26,08:47:28,Low,Closed,56,Other
FIR02184,Cyber Crime,Marathahalli,12.962033,77.699307,2025-03-06,20:51:16,Medium,Under Investigation,33,Male
FIR02185,Robbery,Jayanagar,12.928125,77.596352,2025-03-12,01:27:21,High,Closed,54,Female
FIR02186,Theft,BTM Layout,12.915308,77.614641,2025-04-15,16:39:08,Low,Open,21,Other
FIR02187,Fraud,Whitefield,12.973398,77.745294,2024-10-16,19:42:14,Medium,Closed,39,Male
FIR02188,Vehicle Theft,Marathahalli,12.958091,77.698411,2026-04-23,14:54:18,Low,Open,52,Other
FIR02189,Cyber Crime,Marathahalli,12.956703,77.693295,2024-12-31,05:02:21,Medium,Under Investigation,65,Female
FIR02190,Kidnapping,Jayanagar,12.921754,77.597664,2025-09-23,01:33:38,High,Closed,25,Male
FIR02191,Theft,Marathahalli,12.958575,77.700671,2024-11-10,09:26:41,Low,Open,45,Other
FIR02192,Domestic Violence,Whitefield,12.973581,77.75018,2025-04-02,04:53:28,Medium,Under Investigation,28,Female
FIR02193,Domestic Violence,Yelahanka,13.097997,77.595022,2025-08-21,08:50:42,Medium,Under Investigation,24,Male
FIR02194,Domestic Violence,Rajajinagar,12.993904,77.553345,2026-06-08,09:10:21,Medium,Under Investigation,35,Other
FIR02195,Vehicle Theft,Rajajinagar,12.993777,77.552357,2025-01-13,03:35:46,Low,Closed,48,Other
FIR02196,Drug Offense,Malleshwaram,13.002548,77.573305,2025-10-27,06:34:14,Medium,Closed,60,Other
FIR02197,Kidnapping,HSR Layout,12.909512,77.647355,2026-02-21,21:14:12,High,Under Investigation,65,Other
FIR02198,Robbery,Malleshwaram,13.000646,77.566662,2025-08-05,19:02:15,High,Open,23,Male
FIR02199,Robbery,HSR Layout,12.911092,77.648412,2025-02-21,05:03:41,High,Closed,59,Other
FIR02200,Kidnapping,Electronic City,12.835742,77.677411,2025-08-13,03:12:24,High,Open,58,Male
FIR02201,Kidnapping,MG Road,12.979999,77.601014,2025-03-12,21:07:35,High,Closed,32,Other
FIR02202,Kidnapping,Bellandur,12.931296,77.672055,2025-08-14,13:31:05,High,Open,56,Other
FIR02203,Theft,HSR Layout,12.914879,77.644292,2024-08-01,04:50:58,Low,Under Investigation,50,Male
FIR02204,Vehicle Theft,Electronic City,12.836599,77.679578,2025-06-18,21:05:22,Low,Open,27,Other
FIR02205,Theft,Hebbal,13.034611,77.600275,2026-03-25,20:21:59,Low,Open,41,Female
FIR02206,Robbery,BTM Layout,12.917506,77.607489,2025-01-22,13:18:36,High,Under Investigation,62,Female
FIR02207,Robbery,Yelahanka,13.105546,77.600809,2026-06-29,13:35:52,High,Closed,66,Female
FIR02208,Kidnapping,Yelahanka,13.104528,77.596829,2025-11-08,17:07:02,High,Open,66,Female
FIR02209,Robbery,Koramangala,12.934124,77.629312,2024-08-30,06:01:23,High,Open,67,Male
FIR02210,Theft,Malleshwaram,13.004611,77.572135,2024-08-02,23:19:25,Low,Closed,62,Female
FIR02211,Fraud,Whitefield,12.974776,77.754815,2025-12-25,05:18:57,Medium,Under Investigation,60,Male
FIR02212,Murder,Malleshwaram,13.005418,77.56849,2024-09-20,16:10:10,High,Closed,50,Male
FIR02213,Theft,Banashankari,12.916448,77.57012,2025-05-29,22:40:44,Low,Closed,19,Male
FIR02214,Domestic Violence,Yelahanka,13.100872,77.59908,2026-03-09,15:22:25,Medium,Closed,68,Male
FIR02215,Kidnapping,Indiranagar,12.977316,77.645666,2026-06-28,12:19:46,High,Closed,51,Female
FIR02216,Kidnapping,HSR Layout,12.916368,77.649291,2026-07-02,11:19:16,High,Closed,59,Female
FIR02217,Murder,Koramangala,12.936891,77.622528,2025-04-14,21:11:30,High,Open,50,Other
FIR02218,Cyber Crime,Whitefield,12.972016,77.750185,2024-09-06,14:55:34,Medium,Under Investigation,25,Male
FIR02219,Murder,MG Road,12.971859,77.60562,2024-12-22,05:45:23,High,Closed,54,Female
FIR02220,Theft,Jayanagar,12.929804,77.591741,2025-07-17,00:53:01,Low,Open,69,Female
FIR02221,Assault,Indiranagar,12.976119,77.636366,2025-07-22,04:52:16,Medium,Open,40,Other
FIR02222,Theft,Malleshwaram,13.004087,77.569572,2026-07-05,12:30:50,Low,Open,68,Other
FIR02223,Murder,Whitefield,12.973736,77.748988,2025-01-06,00:42:27,High,Closed,68,Male
FIR02224,Cyber Crime,Hebbal,13.039129,77.592361,2024-12-20,07:29:26,Medium,Under Investigation,61,Male
FIR02225,Domestic Violence,Indiranagar,12.979771,77.639895,2026-05-25,20:07:00,Medium,Open,20,Male
FIR02226,Domestic Violence,BTM Layout,12.918969,77.60998,2025-11-26,18:49:03,Medium,Under Investigation,45,Male
FIR02227,Murder,Rajajinagar,12.994661,77.553559,2024-10-23,12:20:33,High,Under Investigation,66,Male
FIR02228,Domestic Violence,BTM Layout,12.917896,77.608863,2026-04-19,12:37:20,Medium,Closed,40,Female
FIR02229,Kidnapping,MG Road,12.976211,77.60273,2025-07-09,19:59:10,High,Closed,25,Other
FIR02230,Robbery,Rajajinagar,12.987158,77.550164,2025-03-10,18:30:07,High,Under Investigation,20,Other
FIR02231,Cyber Crime,Banashankari,12.913684,77.570736,2025-07-28,22:48:59,Medium,Under Investigation,48,Male
FIR02232,Theft,Jayanagar,12.927349,77.598216,2026-06-04,00:07:31,Low,Closed,27,Other
FIR02233,Domestic Violence,Hebbal,13.039241,77.597447,2025-07-04,05:38:31,Medium,Closed,48,Female
FIR02234,Fraud,Malleshwaram,13.000903,77.567408,2024-09-04,07:24:52,Medium,Under Investigation,62,Other
FIR02235,Cyber Crime,Banashankari,12.919849,77.573771,2026-06-06,06:40:28,Medium,Closed,64,Male
FIR02236,Cyber Crime,Hebbal,13.033924,77.597422,2025-03-04,10:32:04,Medium,Open,62,Female
FIR02237,Domestic Violence,Electronic City,12.837938,77.681182,2024-12-26,01:53:38,Medium,Closed,65,Other
FIR02238,Theft,Malleshwaram,13.004827,77.565962,2024-12-29,01:41:56,Low,Under Investigation,65,Other
FIR02239,Murder,MG Road,12.980466,77.605808,2026-07-07,23:54:17,High,Open,50,Male
FIR02240,Vehicle Theft,HSR Layout,12.916468,77.645196,2025-01-17,07:00:24,Low,Open,58,Other
FIR02241,Cyber Crime,Bellandur,12.926657,77.673527,2025-08-31,03:26:26,Medium,Under Investigation,29,Male
FIR02242,Fraud,Yelahanka,13.102285,77.592799,2026-03-09,07:21:59,Medium,Under Investigation,38,Other
FIR02243,Kidnapping,HSR Layout,12.916405,77.651819,2026-04-06,14:40:53,High,Under Investigation,35,Male
FIR02244,Assault,Whitefield,12.972853,77.753273,2024-10-25,12:17:50,Medium,Under Investigation,19,Other
FIR02245,Theft,Rajajinagar,12.98864,77.55313,2025-01-15,14:52:59,Low,Under Investigation,42,Female
FIR02246,Fraud,Hebbal,13.032989,77.600517,2025-12-12,08:24:10,Medium,Closed,38,Male
FIR02247,Domestic Violence,Malleshwaram,13.005369,77.574161,2024-10-18,10:19:52,Medium,Under Investigation,46,Female
FIR02248,Fraud,Electronic City,12.840592,77.674314,2025-01-01,14:11:52,Medium,Closed,19,Male
FIR02249,Vehicle Theft,Marathahalli,12.957987,77.69713,2026-06-13,21:21:24,Low,Closed,47,Other
FIR02250,Murder,Marathahalli,12.962232,77.695322,2026-06-23,21:46:53,High,Open,66,Male
FIR02251,Murder,Yelahanka,13.104326,77.593576,2025-07-01,21:35:27,High,Closed,43,Other
FIR02252,Murder,Jayanagar,12.924484,77.592164,2026-07-17,17:07:53,High,Under Investigation,48,Female
FIR02253,Kidnapping,Banashankari,12.917797,77.570954,2024-11-14,04:42:50,High,Under Investigation,68,Male
FIR02254,Vehicle Theft,Rajajinagar,12.991907,77.555926,2025-01-25,06:00:27,Low,Open,28,Other
FIR02255,Fraud,Banashankari,12.919379,77.572656,2024-10-21,00:46:39,Medium,Closed,47,Male
FIR02256,Robbery,Electronic City,12.844332,77.674187,2025-09-18,16:32:53,High,Open,65,Other
FIR02257,Theft,Indiranagar,12.98208,77.641652,2024-11-06,20:38:45,Low,Open,60,Male
FIR02258,Theft,Yelahanka,13.098009,77.592472,2025-09-15,17:59:54,Low,Closed,67,Female
FIR02259,Domestic Violence,Malleshwaram,13.006598,77.571709,2026-06-23,09:24:00,Medium,Open,19,Other
FIR02260,Drug Offense,Bellandur,12.931533,77.680591,2024-12-25,14:10:36,Medium,Open,19,Female
FIR02261,Drug Offense,Rajajinagar,12.991512,77.55003,2025-05-26,06:30:58,Medium,Under Investigation,59,Male
FIR02262,Fraud,Marathahalli,12.9612,77.692406,2026-05-11,10:44:28,Medium,Closed,58,Male
FIR02263,Fraud,Marathahalli,12.959409,77.696687,2025-11-21,05:58:16,Medium,Closed,49,Male
FIR02264,Fraud,Electronic City,12.844338,77.675465,2025-02-09,01:13:03,Medium,Under Investigation,59,Male
FIR02265,Theft,Malleshwaram,13.000523,77.573203,2025-07-14,03:13:21,Low,Open,22,Male
FIR02266,Vehicle Theft,Hebbal,13.035201,77.593704,2025-12-25,07:52:23,Low,Open,58,Male
FIR02267,Assault,MG Road,12.973211,77.607351,2024-09-12,19:04:08,Medium,Open,26,Other
FIR02268,Fraud,Rajajinagar,12.993281,77.552434,2026-03-21,04:56:31,Medium,Open,57,Other
FIR02269,Drug Offense,MG Road,12.978388,77.609657,2025-09-10,10:50:51,Medium,Under Investigation,27,Female
FIR02270,Theft,HSR Layout,12.906709,77.646978,2026-05-25,18:58:41,Low,Closed,63,Other
FIR02271,Robbery,Bellandur,12.927237,77.674098,2025-03-13,19:35:40,High,Under Investigation,58,Male
FIR02272,Cyber Crime,BTM Layout,12.921063,77.606879,2025-02-07,19:12:25,Medium,Under Investigation,36,Male
FIR02273,Domestic Violence,Banashankari,12.918788,77.575493,2025-02-27,16:42:52,Medium,Open,28,Other
FIR02274,Fraud,Jayanagar,12.92822,77.594304,2026-01-19,20:10:52,Medium,Open,28,Female
FIR02275,Murder,Banashankari,12.913418,77.575794,2026-03-08,09:20:47,High,Closed,26,Female
FIR02276,Cyber Crime,Yelahanka,13.09825,77.596475,2024-12-10,23:23:23,Medium,Open,33,Female
FIR02277,Assault,Hebbal,13.039976,77.592732,2024-08-23,23:21:20,Medium,Closed,32,Male
FIR02278,Cyber Crime,BTM Layout,12.914065,77.608649,2025-04-14,22:38:25,Medium,Open,60,Other
FIR02279,Theft,Koramangala,12.937941,77.620315,2025-05-19,07:09:11,Low,Closed,45,Male
FIR02280,Kidnapping,Yelahanka,13.102411,77.600042,2025-04-30,15:29:31,High,Under Investigation,25,Male
FIR02281,Drug Offense,BTM Layout,12.92137,77.605903,2024-12-26,19:26:20,Medium,Under Investigation,61,Male
FIR02282,Kidnapping,Malleshwaram,13.002039,77.569175,2025-10-05,21:54:30,High,Under Investigation,69,Female
FIR02283,Domestic Violence,Jayanagar,12.927689,77.589347,2024-12-21,07:18:50,Medium,Under Investigation,68,Male
FIR02284,Murder,Marathahalli,12.960869,77.692854,2025-11-19,10:42:31,High,Open,40,Other
FIR02285,Drug Offense,Banashankari,12.919341,77.571002,2024-11-08,21:55:56,Medium,Open,66,Female
FIR02286,Cyber Crime,Banashankari,12.923346,77.575136,2025-01-09,11:30:19,Medium,Under Investigation,63,Male
FIR02287,Cyber Crime,Jayanagar,12.922462,77.589077,2025-11-04,09:47:12,Medium,Open,50,Other
FIR02288,Domestic Violence,Bellandur,12.930137,77.680943,2025-01-09,05:55:47,Medium,Open,20,Other
FIR02289,Drug Offense,HSR Layout,12.915694,77.645281,2024-09-01,18:07:05,Medium,Open,34,Other
FIR02290,Cyber Crime,BTM Layout,12.911698,77.606221,2026-03-19,12:11:04,Medium,Closed,32,Other
FIR02291,Vehicle Theft,Malleshwaram,12.999418,77.56806,2025-12-28,00:25:00,Low,Closed,64,Female
FIR02292,Kidnapping,BTM Layout,12.917675,77.614017,2026-06-17,11:09:53,High,Under Investigation,38,Other
FIR02293,Theft,Marathahalli,12.95681,77.699699,2026-03-26,01:51:53,Low,Open,64,Other
FIR02294,Robbery,Marathahalli,12.95664,77.697252,2024-11-10,02:58:25,High,Closed,31,Female
FIR02295,Assault,Marathahalli,12.961408,77.693962,2026-06-20,01:30:50,Medium,Closed,66,Other
FIR02296,Cyber Crime,Jayanagar,12.928322,77.593367,2025-11-26,22:59:20,Medium,Closed,46,Female
FIR02297,Theft,Yelahanka,13.100093,77.599641,2025-02-23,14:27:09,Low,Open,51,Male
FIR02298,Robbery,Malleshwaram,13.008461,77.57178,2024-10-15,02:24:39,High,Closed,70,Other
FIR02299,Assault,HSR Layout,12.913277,77.643041,2025-08-15,22:40:14,Medium,Open,63,Other
FIR02300,Domestic Violence,Whitefield,12.969663,77.749539,2025-08-11,04:42:56,Medium,Under Investigation,48,Other
FIR02301,Vehicle Theft,Whitefield,12.965183,77.748785,2025-01-09,13:37:59,Low,Open,68,Male
FIR02302,Domestic Violence,Hebbal,13.033698,77.594265,2026-02-17,04:21:12,Medium,Under Investigation,38,Other
FIR02303,Vehicle Theft,Marathahalli,12.962798,77.693932,2026-01-20,23:36:31,Low,Closed,67,Other
FIR02304,Robbery,MG Road,12.972814,77.605195,2024-10-11,19:42:46,High,Closed,41,Female
FIR02305,Fraud,Banashankari,12.916921,77.573026,2025-04-19,15:52:05,Medium,Open,21,Male
FIR02306,Theft,Hebbal,13.033819,77.593425,2026-01-27,07:18:41,Low,Under Investigation,52,Male
FIR02307,Theft,Indiranagar,12.978582,77.644171,2025-10-12,03:56:50,Low,Open,46,Male
FIR02308,Cyber Crime,Hebbal,13.032498,77.597779,2025-09-18,05:32:01,Medium,Under Investigation,20,Other
FIR02309,Cyber Crime,HSR Layout,12.908752,77.649144,2025-03-07,10:09:43,Medium,Closed,60,Male
FIR02310,Theft,Rajajinagar,12.995213,77.550995,2026-03-17,09:53:49,Low,Under Investigation,32,Female
FIR02311,Assault,Marathahalli,12.962981,77.695576,2025-06-12,15:39:36,Medium,Closed,47,Male
FIR02312,Vehicle Theft,Whitefield,12.969819,77.7452,2024-10-06,05:27:11,Low,Closed,52,Female
FIR02313,Theft,HSR Layout,12.908305,77.650284,2025-01-06,14:02:11,Low,Open,54,Female
FIR02314,Kidnapping,BTM Layout,12.918756,77.605122,2025-02-16,22:25:26,High,Under Investigation,18,Male
FIR02315,Murder,Whitefield,12.972177,77.746671,2025-02-14,11:08:45,High,Under Investigation,20,Other
FIR02316,Murder,Hebbal,13.033853,77.599712,2026-02-20,17:12:04,High,Open,42,Other
FIR02317,Theft,Bellandur,12.923615,77.675656,2024-08-07,16:12:02,Low,Open,49,Female
FIR02318,Murder,Electronic City,12.838929,77.677567,2025-05-08,13:12:16,High,Under Investigation,65,Female
FIR02319,Drug Offense,Electronic City,12.837754,77.673212,2025-11-27,07:08:14,Medium,Under Investigation,63,Female
FIR02320,Fraud,Marathahalli,12.954156,77.692507,2026-04-18,05:04:20,Medium,Open,62,Female
FIR02321,Robbery,Marathahalli,12.960864,77.701099,2025-04-01,15:02:41,High,Open,56,Female
FIR02322,Robbery,Hebbal,13.033705,77.596771,2024-12-10,21:17:17,High,Open,33,Male
FIR02323,Domestic Violence,Banashankari,12.9192,77.573261,2025-09-17,22:14:02,Medium,Closed,49,Male
FIR02324,Kidnapping,Indiranagar,12.977355,77.645199,2024-12-04,16:19:02,High,Under Investigation,69,Female
FIR02325,Robbery,Indiranagar,12.973633,77.639141,2025-09-15,05:21:30,High,Open,25,Male
FIR02326,Vehicle Theft,Jayanagar,12.927028,77.591878,2025-01-13,21:27:09,Low,Closed,48,Female
FIR02327,Cyber Crime,Koramangala,12.932966,77.627814,2025-02-07,06:43:54,Medium,Under Investigation,22,Other
FIR02328,Theft,Koramangala,12.937909,77.626527,2026-04-02,23:33:26,Low,Closed,48,Male
FIR02329,Drug Offense,Electronic City,12.838869,77.676171,2025-07-05,13:04:26,Medium,Closed,23,Other
FIR02330,Theft,Indiranagar,12.97713,77.645369,2026-06-06,01:32:38,Low,Under Investigation,26,Male
FIR02331,Theft,BTM Layout,12.920209,77.605286,2024-11-04,07:38:51,Low,Under Investigation,18,Other
FIR02332,Vehicle Theft,Electronic City,12.840259,77.675321,2026-06-16,22:18:50,Low,Closed,45,Other
FIR02333,Kidnapping,Indiranagar,12.982114,77.638457,2026-01-23,01:14:54,High,Under Investigation,59,Other
FIR02334,Assault,Electronic City,12.841368,77.678399,2025-05-29,13:45:03,Medium,Open,58,Male
FIR02335,Vehicle Theft,Koramangala,12.934707,77.624587,2026-02-15,08:58:11,Low,Under Investigation,44,Other
FIR02336,Domestic Violence,Whitefield,12.968872,77.752072,2025-01-07,21:46:20,Medium,Open,26,Male
FIR02337,Drug Offense,Bellandur,12.92673,77.678259,2025-11-01,11:40:34,Medium,Closed,49,Other
FIR02338,Murder,Yelahanka,13.098726,77.595463,2026-07-10,07:20:39,High,Closed,51,Female
FIR02339,Vehicle Theft,Bellandur,12.930838,77.68015,2024-10-21,22:48:09,Low,Open,66,Other
FIR02340,Murder,Yelahanka,13.098994,77.599082,2024-11-25,20:45:41,High,Closed,53,Female
FIR02341,Vehicle Theft,Rajajinagar,12.993512,77.556136,2025-08-28,12:09:58,Low,Under Investigation,48,Male
FIR02342,Drug Offense,Koramangala,12.938606,77.62933,2025-12-26,21:36:49,Medium,Closed,65,Male
FIR02343,Kidnapping,Indiranagar,12.977181,77.643969,2025-11-10,11:11:10,High,Under Investigation,48,Male
FIR02344,Drug Offense,Bellandur,12.932412,77.680861,2025-09-16,13:09:37,Medium,Under Investigation,23,Other
FIR02345,Assault,MG Road,12.971914,77.600411,2025-12-09,12:55:11,Medium,Open,55,Other
FIR02346,Assault,MG Road,12.972992,77.605306,2025-09-10,23:11:59,Medium,Open,53,Male
FIR02347,Drug Offense,Indiranagar,12.974177,77.636024,2024-10-08,23:02:50,Medium,Closed,47,Male
FIR02348,Vehicle Theft,HSR Layout,12.913424,77.646388,2025-07-30,23:44:10,Low,Under Investigation,34,Male
FIR02349,Kidnapping,Hebbal,13.03333,77.599795,2025-12-06,15:41:12,High,Under Investigation,49,Female
FIR02350,Drug Offense,Hebbal,13.031581,77.595365,2025-12-16,08:46:37,Medium,Under Investigation,31,Other
FIR02351,Fraud,Marathahalli,12.958995,77.6963,2026-02-08,00:44:17,Medium,Open,66,Male
FIR02352,Fraud,Marathahalli,12.957349,77.694959,2024-12-01,08:56:19,Medium,Under Investigation,38,Male
FIR02353,Robbery,Hebbal,13.034118,77.593716,2026-01-23,21:22:46,High,Open,68,Other
FIR02354,Cyber Crime,Whitefield,12.965249,77.74817,2024-12-05,12:08:59,Medium,Closed,36,Other
FIR02355,Kidnapping,Jayanagar,12.921914,77.595743,2025-10-11,09:40:53,High,Under Investigation,59,Female
FIR02356,Drug Offense,Electronic City,12.836431,77.672874,2024-12-04,19:10:00,Medium,Open,24,Female
FIR02357,Theft,Rajajinagar,12.993233,77.55522,2025-10-11,03:58:38,Low,Under Investigation,60,Female
FIR02358,Kidnapping,Marathahalli,12.96274,77.701561,2025-03-14,17:03:24,High,Open,32,Male
FIR02359,Cyber Crime,Banashankari,12.916602,77.572806,2025-11-04,19:50:15,Medium,Under Investigation,45,Male
FIR02360,Vehicle Theft,BTM Layout,12.915303,77.610774,2026-01-03,11:04:04,Low,Closed,67,Female
FIR02361,Domestic Violence,Koramangala,12.932203,77.626218,2025-10-11,05:10:38,Medium,Closed,26,Other
FIR02362,Robbery,Indiranagar,12.980017,77.644804,2026-03-12,13:57:19,High,Open,43,Female
FIR02363,Assault,Koramangala,12.936803,77.627906,2025-11-10,09:31:40,Medium,Closed,66,Female
FIR02364,Vehicle Theft,Banashankari,12.914042,77.576243,2025-11-20,11:31:34,Low,Open,22,Female
FIR02365,Cyber Crime,Jayanagar,12.929831,77.589086,2025-02-20,21:14:55,Medium,Under Investigation,42,Male
FIR02366,Domestic Violence,MG Road,12.971019,77.601414,2025-10-10,10:17:26,Medium,Open,42,Female
FIR02367,Cyber Crime,Yelahanka,13.105294,77.597153,2025-08-18,15:20:32,Medium,Closed,45,Male
FIR02368,Assault,Indiranagar,12.976707,77.640789,2025-03-05,07:40:10,Medium,Open,32,Other
FIR02369,Cyber Crime,Malleshwaram,12.999173,77.566299,2024-08-22,14:07:54,Medium,Under Investigation,30,Female
FIR02370,Murder,Jayanagar,12.923687,77.595343,2025-11-21,16:39:27,High,Closed,64,Female
FIR02371,Domestic Violence,Rajajinagar,12.992248,77.556325,2024-09-18,22:11:28,Medium,Open,23,Male
FIR02372,Drug Offense,Electronic City,12.835961,77.677403,2026-06-22,14:38:22,Medium,Closed,18,Male
FIR02373,Kidnapping,Yelahanka,13.104809,77.600994,2024-08-11,15:41:27,High,Closed,36,Male
FIR02374,Assault,Marathahalli,12.955704,77.697121,2024-08-04,11:27:20,Medium,Closed,66,Male
FIR02375,Drug Offense,Rajajinagar,12.991243,77.552298,2024-09-20,18:42:06,Medium,Open,20,Other
FIR02376,Vehicle Theft,BTM Layout,12.911967,77.606091,2025-07-11,22:31:33,Low,Closed,32,Other
FIR02377,Domestic Violence,Rajajinagar,12.990099,77.551392,2025-04-11,14:12:37,Medium,Closed,53,Male
FIR02378,Domestic Violence,HSR Layout,12.913615,77.642759,2025-01-06,06:13:07,Medium,Open,60,Other
FIR02379,Theft,MG Road,12.9741,77.601544,2025-06-30,12:51:30,Low,Open,40,Other
FIR02380,Fraud,Yelahanka,13.097313,77.597517,2026-02-01,09:41:18,Medium,Closed,50,Other
FIR02381,Domestic Violence,Hebbal,13.040577,77.597368,2024-12-31,15:08:37,Medium,Closed,67,Male
FIR02382,Robbery,Koramangala,12.932533,77.622949,2025-03-23,09:34:21,High,Under Investigation,25,Other
FIR02383,Drug Offense,Indiranagar,12.973733,77.637362,2025-11-16,01:51:27,Medium,Closed,41,Female
FIR02384,Vehicle Theft,MG Road,12.978966,77.601448,2025-08-13,01:04:26,Low,Under Investigation,20,Other
FIR02385,Fraud,Marathahalli,12.95518,77.693932,2024-12-01,11:24:21,Medium,Closed,35,Female
FIR02386,Fraud,MG Road,12.97393,77.604556,2025-11-03,12:03:20,Medium,Under Investigation,27,Female
FIR02387,Robbery,MG Road,12.978352,77.600648,2026-01-09,20:12:34,High,Closed,24,Other
FIR02388,Murder,Rajajinagar,12.993128,77.550028,2026-03-06,03:15:51,High,Open,70,Female
FIR02389,Kidnapping,Indiranagar,12.981453,77.643841,2024-12-06,04:05:28,High,Open,55,Male
FIR02390,Domestic Violence,Koramangala,12.937902,77.621977,2025-08-09,13:15:00,Medium,Open,31,Other
FIR02391,Murder,Hebbal,13.031818,77.594271,2024-09-08,00:31:37,High,Open,32,Other
FIR02392,Kidnapping,Hebbal,13.036644,77.596978,2025-02-17,01:18:20,High,Closed,65,Other
FIR02393,Robbery,Banashankari,12.918045,77.576204,2025-12-12,17:12:52,High,Open,48,Female
FIR02394,Assault,Rajajinagar,12.990685,77.553868,2026-04-10,02:48:46,Medium,Open,33,Other
FIR02395,Vehicle Theft,Koramangala,12.938455,77.629451,2026-06-10,04:12:49,Low,Under Investigation,27,Other
FIR02396,Kidnapping,Electronic City,12.83979,77.676739,2025-08-09,01:52:05,High,Open,70,Female
FIR02397,Cyber Crime,BTM Layout,12.911633,77.608318,2025-08-07,04:26:22,Medium,Open,33,Other
FIR02398,Murder,Banashankari,12.919555,77.573689,2025-08-15,01:18:50,High,Closed,40,Female
FIR02399,Cyber Crime,Hebbal,13.034435,77.598194,2025-12-15,02:44:33,Medium,Under Investigation,55,Female
FIR02400,Vehicle Theft,HSR Layout,12.908552,77.64285,2026-04-12,15:32:28,Low,Under Investigation,67,Other
FIR02401,Domestic Violence,Rajajinagar,12.99356,77.558252,2024-09-29,23:17:43,Medium,Closed,22,Other
FIR02402,Murder,Malleshwaram,12.999128,77.569442,2024-10-09,10:15:13,High,Open,44,Male
FIR02403,Robbery,Yelahanka,13.097618,77.59808,2025-12-24,07:13:51,High,Closed,21,Other
FIR02404,Theft,HSR Layout,12.910523,77.642556,2026-05-14,14:16:28,Low,Under Investigation,63,Male
FIR02405,Cyber Crime,Yelahanka,13.104305,77.593128,2025-03-20,07:30:49,Medium,Open,54,Female
FIR02406,Kidnapping,Whitefield,12.970292,77.748662,2024-08-13,15:26:14,High,Closed,56,Male
FIR02407,Murder,Electronic City,12.836469,77.675709,2026-07-19,00:33:07,High,Closed,18,Other
FIR02408,Murder,Jayanagar,12.929884,77.598083,2025-02-25,10:00:04,High,Open,35,Other
FIR02409,Cyber Crime,Whitefield,12.970023,77.753478,2025-05-11,20:58:08,Medium,Open,67,Other
FIR02410,Theft,Banashankari,12.921073,77.569932,2024-11-26,13:55:13,Low,Closed,48,Male
FIR02411,Theft,Marathahalli,12.959105,77.698465,2026-04-29,02:34:08,Low,Under Investigation,50,Male
FIR02412,Fraud,Electronic City,12.836723,77.675161,2025-05-02,13:30:11,Medium,Under Investigation,61,Female
FIR02413,Drug Offense,MG Road,12.974227,77.609471,2025-04-28,13:30:04,Medium,Closed,61,Male
FIR02414,Fraud,HSR Layout,12.907723,77.645439,2024-09-11,05:18:00,Medium,Open,69,Male
FIR02415,Drug Offense,Whitefield,12.965306,77.751926,2026-05-31,16:43:57,Medium,Closed,28,Other
FIR02416,Assault,Electronic City,12.835806,77.680381,2026-06-07,20:32:30,Medium,Closed,64,Other
FIR02417,Assault,Whitefield,12.969863,77.746685,2024-11-05,07:36:37,Medium,Closed,60,Female
FIR02418,Vehicle Theft,Bellandur,12.927674,77.677687,2025-11-18,15:47:51,Low,Closed,27,Other
FIR02419,Assault,Koramangala,12.932384,77.629456,2026-02-10,23:35:46,Medium,Under Investigation,21,Other
FIR02420,Assault,MG Road,12.977912,77.605449,2026-04-24,21:01:27,Medium,Open,20,Other
FIR02421,Fraud,MG Road,12.978003,77.605292,2025-06-06,19:05:25,Medium,Open,41,Female
FIR02422,Domestic Violence,Yelahanka,13.103145,77.592122,2024-09-12,01:08:07,Medium,Under Investigation,51,Other
FIR02423,Domestic Violence,Whitefield,12.966447,77.749163,2026-02-20,09:25:36,Medium,Open,32,Male
FIR02424,Fraud,Marathahalli,12.962881,77.702343,2025-04-09,14:09:36,Medium,Under Investigation,47,Male
FIR02425,Robbery,Jayanagar,12.925208,77.590861,2025-10-16,21:14:12,High,Open,36,Female
FIR02426,Drug Offense,Koramangala,12.934293,77.624777,2025-12-24,22:29:55,Medium,Open,42,Male
FIR02427,Domestic Violence,Electronic City,12.842292,77.677518,2026-06-16,02:17:47,Medium,Closed,43,Female
FIR02428,Domestic Violence,Jayanagar,12.927118,77.589713,2026-02-26,19:04:48,Medium,Closed,30,Male
FIR02429,Domestic Violence,HSR Layout,12.913921,77.642472,2026-06-24,07:54:56,Medium,Closed,57,Male
FIR02430,Vehicle Theft,MG Road,12.973145,77.603355,2026-02-14,15:40:23,Low,Closed,33,Male
FIR02431,Cyber Crime,Yelahanka,13.101042,77.596666,2025-05-14,09:36:43,Medium,Open,30,Female
FIR02432,Fraud,Electronic City,12.839319,77.679478,2025-05-18,14:48:59,Medium,Open,25,Male
FIR02433,Domestic Violence,Hebbal,13.037273,77.599283,2026-01-14,07:28:25,Medium,Closed,65,Female
FIR02434,Murder,HSR Layout,12.915947,77.648251,2025-02-05,19:05:31,High,Under Investigation,67,Male
FIR02435,Robbery,Jayanagar,12.923066,77.590931,2026-05-25,04:09:02,High,Open,37,Other
FIR02436,Murder,Malleshwaram,13.002264,77.568521,2024-12-29,14:02:03,High,Under Investigation,30,Other
FIR02437,Fraud,Jayanagar,12.922379,77.596169,2025-10-27,22:47:19,Medium,Open,28,Other
FIR02438,Domestic Violence,Yelahanka,13.09687,77.593356,2025-04-06,18:31:40,Medium,Under Investigation,20,Other
FIR02439,Kidnapping,Indiranagar,12.974834,77.644303,2026-06-14,16:15:07,High,Closed,63,Female
FIR02440,Drug Offense,MG Road,12.977685,77.600551,2025-11-02,01:52:40,Medium,Under Investigation,43,Male
FIR02441,Cyber Crime,Yelahanka,13.099118,77.595096,2025-02-04,17:45:51,Medium,Open,56,Male
FIR02442,Vehicle Theft,HSR Layout,12.906899,77.645116,2025-10-16,03:13:09,Low,Under Investigation,30,Other
FIR02443,Murder,Indiranagar,12.974032,77.642243,2025-01-21,11:43:59,High,Open,50,Other
FIR02444,Vehicle Theft,Banashankari,12.922601,77.57213,2025-11-26,08:06:04,Low,Closed,47,Female
FIR02445,Cyber Crime,Yelahanka,13.097616,77.599044,2025-08-13,08:16:25,Medium,Closed,31,Male
FIR02446,Theft,Rajajinagar,12.990755,77.54988,2024-12-14,07:42:12,Low,Under Investigation,49,Female
FIR02447,Cyber Crime,Whitefield,12.96971,77.754242,2026-04-13,07:29:08,Medium,Closed,39,Other
FIR02448,Fraud,MG Road,12.978941,77.602688,2025-06-13,22:28:18,Medium,Open,60,Female
FIR02449,Domestic Violence,Electronic City,12.835308,77.676814,2025-02-06,04:33:06,Medium,Open,54,Male
FIR02450,Domestic Violence,MG Road,12.976088,77.607755,2026-01-20,13:10:01,Medium,Under Investigation,56,Female
FIR02451,Murder,Electronic City,12.835278,77.674612,2025-03-23,19:32:59,High,Under Investigation,70,Male
FIR02452,Fraud,Yelahanka,13.097649,77.598349,2025-01-03,23:14:17,Medium,Open,44,Other
FIR02453,Assault,Marathahalli,12.961991,77.699611,2025-01-02,20:16:09,Medium,Closed,67,Female
FIR02454,Domestic Violence,Marathahalli,12.954918,77.702325,2025-10-24,13:13:03,Medium,Open,23,Female
FIR02455,Cyber Crime,Koramangala,12.934559,77.627878,2025-05-27,19:32:41,Medium,Open,64,Female
FIR02456,Domestic Violence,Hebbal,13.032319,77.592536,2026-07-12,17:22:45,Medium,Under Investigation,45,Female
FIR02457,Vehicle Theft,Yelahanka,13.098746,77.596056,2026-01-12,09:07:43,Low,Under Investigation,30,Male
FIR02458,Robbery,Whitefield,12.966461,77.74635,2025-07-12,19:51:48,High,Closed,34,Male
FIR02459,Murder,Yelahanka,13.104425,77.600537,2024-09-25,12:08:08,High,Open,23,Other
FIR02460,Theft,Rajajinagar,12.989476,77.554837,2025-07-28,12:18:25,Low,Open,64,Female
FIR02461,Domestic Violence,HSR Layout,12.906995,77.650004,2025-11-04,17:38:43,Medium,Under Investigation,46,Male
FIR02462,Domestic Violence,Indiranagar,12.973794,77.642133,2025-07-28,10:30:34,Medium,Under Investigation,32,Other
FIR02463,Robbery,Banashankari,12.921301,77.569078,2025-06-17,04:18:23,High,Open,43,Other
FIR02464,Domestic Violence,Marathahalli,12.96047,77.69711,2024-12-09,00:07:53,Medium,Open,46,Other
FIR02465,Domestic Violence,Malleshwaram,13.003084,77.573809,2025-10-23,22:17:50,Medium,Closed,35,Male
FIR02466,Vehicle Theft,Bellandur,12.929937,77.678433,2025-03-15,13:02:40,Low,Under Investigation,22,Female
FIR02467,Drug Offense,Indiranagar,12.982169,77.640373,2024-08-13,06:33:16,Medium,Closed,19,Other
FIR02468,Theft,Yelahanka,13.104955,77.597594,2025-02-02,02:42:51,Low,Open,58,Male
FIR02469,Theft,Jayanagar,12.929641,77.588928,2025-11-22,00:14:24,Low,Closed,26,Male
FIR02470,Robbery,Malleshwaram,13.006468,77.568282,2024-09-17,09:08:02,High,Closed,22,Female
FIR02471,Kidnapping,Bellandur,12.92539,77.671369,2025-06-03,01:20:57,High,Closed,19,Other
FIR02472,Assault,Jayanagar,12.920487,77.591486,2026-04-02,14:18:48,Medium,Closed,59,Female
FIR02473,Murder,Whitefield,12.969316,77.750167,2026-02-12,15:10:48,High,Under Investigation,27,Male
FIR02474,Robbery,Hebbal,13.04077,77.601582,2026-06-07,12:23:14,High,Closed,53,Female
FIR02475,Robbery,Rajajinagar,12.993158,77.555288,2026-04-08,02:44:56,High,Closed,50,Female
FIR02476,Robbery,Koramangala,12.933839,77.628561,2024-11-16,08:31:28,High,Open,39,Other
FIR02477,Cyber Crime,Whitefield,12.971168,77.753712,2025-08-24,03:03:06,Medium,Open,56,Female
FIR02478,Kidnapping,Hebbal,13.034314,77.598198,2026-05-19,22:57:25,High,Under Investigation,62,Female
FIR02479,Kidnapping,MG Road,12.976323,77.600352,2025-08-29,23:05:46,High,Under Investigation,49,Other
FIR02480,Fraud,Malleshwaram,13.004407,77.568956,2026-04-04,04:24:29,Medium,Under Investigation,35,Female
FIR02481,Fraud,Koramangala,12.938535,77.629127,2025-12-19,11:49:53,Medium,Under Investigation,69,Male
FIR02482,Robbery,Marathahalli,12.96238,77.701927,2026-02-14,07:37:26,High,Open,24,Female
FIR02483,Cyber Crime,Marathahalli,12.963603,77.69818,2026-04-23,07:21:53,Medium,Closed,40,Female
FIR02484,Domestic Violence,Indiranagar,12.983153,77.643979,2026-07-09,00:29:53,Medium,Open,20,Female
FIR02485,Drug Offense,MG Road,12.974446,77.609525,2025-12-29,17:09:14,Medium,Under Investigation,67,Male
FIR02486,Domestic Violence,Yelahanka,13.097066,77.592226,2026-01-23,08:12:02,Medium,Under Investigation,62,Other
FIR02487,Kidnapping,Hebbal,13.038578,77.600876,2024-09-26,07:09:53,High,Under Investigation,40,Female
FIR02488,Domestic Violence,Jayanagar,12.920289,77.597497,2026-02-22,20:21:10,Medium,Closed,33,Other
FIR02489,Murder,Electronic City,12.840806,77.680735,2025-09-11,14:18:47,High,Closed,69,Other
FIR02490,Drug Offense,HSR Layout,12.914365,77.647747,2026-06-18,06:05:50,Medium,Under Investigation,25,Male
FIR02491,Assault,HSR Layout,12.912216,77.648118,2026-04-27,19:27:45,Medium,Open,27,Other
FIR02492,Drug Offense,Jayanagar,12.929016,77.597026,2025-04-27,17:21:28,Medium,Under Investigation,45,Male
FIR02493,Drug Offense,BTM Layout,12.916628,77.611521,2025-08-26,17:06:26,Medium,Open,29,Male
FIR02494,Fraud,Malleshwaram,13.003427,77.574214,2025-06-04,08:00:09,Medium,Closed,18,Female
FIR02495,Fraud,BTM Layout,12.911629,77.611068,2026-02-16,14:30:13,Medium,Under Investigation,25,Female
FIR02496,Domestic Violence,Marathahalli,12.959806,77.700824,2025-10-03,20:16:37,Medium,Open,47,Other
FIR02497,Theft,Electronic City,12.841797,77.674327,2026-02-27,07:22:14,Low,Open,62,Female
FIR02498,Vehicle Theft,Jayanagar,12.92037,77.597631,2025-03-26,03:14:30,Low,Open,66,Female
FIR02499,Assault,Hebbal,13.03302,77.593954,2025-07-21,14:42:04,Medium,Under Investigation,46,Female
FIR02500,Fraud,HSR Layout,12.916297,77.643306,2025-01-02,06:05:53,Medium,Closed,59,Other
FIR02501,Vehicle Theft,HSR Layout,12.913258,77.64609,2024-10-12,18:11:05,Low,Open,39,Female
FIR02502,Domestic Violence,Electronic City,12.841194,77.676268,2024-11-11,03:04:54,Medium,Under Investigation,39,Female
FIR02503,Fraud,Hebbal,13.030881,77.592511,2025-07-17,13:22:27,Medium,Under Investigation,44,Other
FIR02504,Fraud,Banashankari,12.917666,77.577151,2026-05-21,15:28:27,Medium,Closed,54,Female
FIR02505,Theft,Whitefield,12.966327,77.752353,2024-11-05,15:30:26,Low,Under Investigation,45,Female
FIR02506,Vehicle Theft,MG Road,12.976628,77.607309,2025-09-14,07:15:41,Low,Closed,31,Female
FIR02507,Theft,MG Road,12.980107,77.60735,2025-05-02,10:17:49,Low,Under Investigation,57,Male
FIR02508,Drug Offense,Jayanagar,12.922121,77.598011,2025-10-07,10:25:30,Medium,Under Investigation,32,Other
FIR02509,Theft,Koramangala,12.939012,77.624679,2025-01-15,20:05:36,Low,Open,48,Male
FIR02510,Domestic Violence,HSR Layout,12.916549,77.645886,2025-06-02,11:22:50,Medium,Open,46,Male
FIR02511,Assault,Jayanagar,12.926178,77.59209,2024-08-28,04:46:53,Medium,Open,49,Male
FIR02512,Domestic Violence,Electronic City,12.84255,77.672601,2026-07-23,03:16:58,Medium,Under Investigation,23,Female
FIR02513,Vehicle Theft,Yelahanka,13.098215,77.592906,2026-03-28,21:28:25,Low,Open,20,Other
FIR02514,Kidnapping,Banashankari,12.916057,77.576429,2026-02-16,13:24:12,High,Closed,63,Other
FIR02515,Assault,Electronic City,12.843353,77.680174,2025-06-07,05:15:01,Medium,Closed,20,Other
FIR02516,Domestic Violence,Bellandur,12.926454,77.676963,2024-11-21,17:58:35,Medium,Under Investigation,57,Other
FIR02517,Vehicle Theft,HSR Layout,12.914381,77.652276,2026-05-16,04:10:01,Low,Closed,32,Other
FIR02518,Kidnapping,Banashankari,12.923388,77.575352,2024-12-13,15:35:11,High,Under Investigation,36,Other
FIR02519,Cyber Crime,Indiranagar,12.977065,77.644261,2025-03-30,04:01:51,Medium,Under Investigation,39,Female
FIR02520,Kidnapping,Rajajinagar,12.986722,77.551693,2026-01-07,21:13:24,High,Open,38,Other
FIR02521,Robbery,Whitefield,12.967408,77.754899,2025-11-14,17:53:00,High,Closed,33,Female
FIR02522,Domestic Violence,Electronic City,12.841832,77.681926,2024-11-08,21:23:04,Medium,Under Investigation,45,Male
FIR02523,Drug Offense,Malleshwaram,12.999594,77.56578,2024-11-13,20:25:53,Medium,Under Investigation,68,Other
FIR02524,Cyber Crime,Electronic City,12.836522,77.679498,2024-12-15,08:09:36,Medium,Under Investigation,24,Female
FIR02525,Kidnapping,Koramangala,12.930892,77.628956,2025-04-12,22:38:01,High,Open,69,Male
FIR02526,Domestic Violence,Hebbal,13.035947,77.59747,2025-05-03,21:31:30,Medium,Closed,40,Other
FIR02527,Robbery,Marathahalli,12.962925,77.694642,2025-12-11,13:33:46,High,Open,50,Other
FIR02528,Domestic Violence,Jayanagar,12.929333,77.597745,2024-07-27,13:35:30,Medium,Open,39,Male
FIR02529,Domestic Violence,Marathahalli,12.958079,77.701054,2026-03-09,19:43:42,Medium,Under Investigation,41,Female
FIR02530,Murder,Jayanagar,12.92333,77.595265,2025-10-21,09:33:22,High,Open,34,Other
FIR02531,Cyber Crime,Banashankari,12.921796,77.576936,2025-04-17,14:43:57,Medium,Open,27,Other
FIR02532,Assault,Bellandur,12.930768,77.680654,2025-07-25,00:46:28,Medium,Open,43,Male
FIR02533,Kidnapping,Rajajinagar,12.993803,77.558129,2025-06-16,18:35:30,High,Open,51,Other
FIR02534,Cyber Crime,HSR Layout,12.913864,77.647032,2025-04-15,12:14:21,Medium,Open,33,Female
FIR02535,Fraud,Banashankari,12.91892,77.576046,2024-12-06,07:06:15,Medium,Closed,31,Other
FIR02536,Fraud,Malleshwaram,13.003881,77.572582,2025-01-16,22:26:33,Medium,Closed,21,Other
FIR02537,Robbery,Rajajinagar,12.988313,77.553807,2025-05-15,09:39:59,High,Closed,29,Male
FIR02538,Murder,Marathahalli,12.955465,77.698468,2026-04-22,17:16:37,High,Under Investigation,38,Male
FIR02539,Fraud,BTM Layout,12.914209,77.611531,2025-03-03,02:25:50,Medium,Open,33,Male
FIR02540,Robbery,Whitefield,12.965881,77.754703,2025-02-06,04:10:05,High,Under Investigation,32,Male
FIR02541,Theft,HSR Layout,12.907217,77.644228,2026-06-27,00:49:11,Low,Open,21,Male
FIR02542,Murder,Yelahanka,13.105435,77.600899,2025-04-23,02:04:24,High,Open,25,Other
FIR02543,Fraud,Malleshwaram,13.000866,77.574706,2024-09-02,06:47:43,Medium,Under Investigation,30,Male
FIR02544,Kidnapping,Bellandur,12.930798,77.678445,2026-01-16,08:06:11,High,Open,42,Female
FIR02545,Domestic Violence,Bellandur,12.930981,77.676629,2025-11-10,22:10:32,Medium,Under Investigation,42,Other
FIR02546,Theft,Marathahalli,12.954522,77.699077,2024-11-04,14:32:31,Low,Open,44,Female
FIR02547,Theft,BTM Layout,12.915478,77.610457,2025-09-08,11:08:40,Low,Closed,30,Other
FIR02548,Cyber Crime,Yelahanka,13.09589,77.593203,2025-08-15,11:11:46,Medium,Open,69,Other
FIR02549,Kidnapping,Marathahalli,12.96398,77.694086,2025-03-28,09:33:08,High,Under Investigation,18,Male
FIR02550,Cyber Crime,Jayanagar,12.927357,77.595849,2025-07-19,21:23:04,Medium,Open,58,Male
FIR02551,Assault,MG Road,12.980587,77.609098,2024-11-15,03:59:31,Medium,Under Investigation,42,Male
FIR02552,Robbery,Banashankari,12.917306,77.577732,2025-04-27,14:14:59,High,Open,36,Other
FIR02553,Kidnapping,Jayanagar,12.922276,77.598535,2025-08-08,02:50:31,High,Closed,35,Female
FIR02554,Domestic Violence,Yelahanka,13.097863,77.592349,2026-05-11,21:44:15,Medium,Under Investigation,26,Other
FIR02555,Robbery,BTM Layout,12.917502,77.612042,2025-04-19,06:08:45,High,Under Investigation,58,Female
FIR02556,Cyber Crime,Koramangala,12.935283,77.621683,2025-04-27,13:12:45,Medium,Under Investigation,52,Other
FIR02557,Kidnapping,Indiranagar,12.983003,77.638679,2026-07-06,23:26:09,High,Closed,25,Other
FIR02558,Theft,Bellandur,12.931707,77.674581,2025-10-07,04:52:08,Low,Open,46,Other
FIR02559,Fraud,HSR Layout,12.914523,77.651536,2026-05-26,08:11:40,Medium,Closed,66,Female
FIR02560,Robbery,Jayanagar,12.925384,77.593009,2026-07-20,00:55:06,High,Closed,27,Female
FIR02561,Theft,Indiranagar,12.979518,77.640395,2025-12-27,23:50:39,Low,Open,61,Male
FIR02562,Drug Offense,Jayanagar,12.920266,77.598445,2026-05-24,01:06:49,Medium,Closed,51,Female
FIR02563,Kidnapping,Electronic City,12.840367,77.679625,2025-08-13,10:34:53,High,Under Investigation,37,Male
FIR02564,Murder,MG Road,12.97886,77.60947,2026-05-17,14:57:21,High,Under Investigation,68,Female
FIR02565,Theft,MG Road,12.973195,77.60279,2024-10-22,07:27:05,Low,Closed,67,Other
FIR02566,Drug Offense,Whitefield,12.973446,77.750794,2025-12-09,04:43:08,Medium,Open,40,Male
FIR02567,Domestic Violence,Koramangala,12.935543,77.620175,2026-06-09,07:54:43,Medium,Under Investigation,33,Male
FIR02568,Drug Offense,Whitefield,12.968769,77.746298,2026-03-21,05:42:14,Medium,Under Investigation,69,Male
FIR02569,Domestic Violence,Electronic City,12.842202,77.680141,2025-10-10,02:18:27,Medium,Closed,41,Other
FIR02570,Fraud,Bellandur,12.930742,77.674969,2024-11-21,22:22:08,Medium,Open,55,Other
FIR02571,Cyber Crime,Hebbal,13.035427,77.595756,2025-08-29,20:06:27,Medium,Under Investigation,66,Other
FIR02572,Cyber Crime,Hebbal,13.032322,77.596398,2025-04-29,02:34:40,Medium,Closed,50,Male
FIR02573,Assault,Indiranagar,12.978086,77.642236,2025-01-31,10:14:26,Medium,Under Investigation,53,Other
FIR02574,Cyber Crime,Jayanagar,12.926382,77.58881,2025-09-06,00:47:41,Medium,Under Investigation,57,Male
FIR02575,Fraud,Banashankari,12.913493,77.571231,2025-08-25,04:02:16,Medium,Closed,54,Other
FIR02576,Drug Offense,HSR Layout,12.911159,77.6506,2026-05-28,21:17:56,Medium,Open,52,Female
FIR02577,Robbery,Marathahalli,12.963322,77.694309,2026-04-03,08:11:01,High,Closed,27,Other
FIR02578,Robbery,Electronic City,12.835753,77.676571,2025-12-08,00:32:52,High,Under Investigation,49,Male
FIR02579,Theft,Malleshwaram,13.007691,77.569486,2025-10-26,11:09:36,Low,Open,55,Other
FIR02580,Assault,Electronic City,12.843042,77.681143,2024-08-02,10:22:34,Medium,Open,62,Other
FIR02581,Murder,Banashankari,12.918186,77.574863,2025-07-08,06:55:46,High,Closed,60,Female
FIR02582,Murder,BTM Layout,12.912206,77.608673,2025-07-09,15:13:34,High,Closed,34,Female
FIR02583,Fraud,Banashankari,12.915743,77.570816,2024-10-14,03:16:49,Medium,Under Investigation,25,Male
FIR02584,Fraud,Bellandur,12.9264,77.671379,2025-07-06,23:12:04,Medium,Open,18,Male
FIR02585,Domestic Violence,HSR Layout,12.907578,77.642563,2025-09-28,22:44:34,Medium,Under Investigation,22,Female
FIR02586,Robbery,Malleshwaram,13.000505,77.572515,2024-11-06,22:03:16,High,Closed,20,Other
FIR02587,Fraud,Bellandur,12.926036,77.673363,2025-05-12,12:36:51,Medium,Under Investigation,32,Male
FIR02588,Theft,HSR Layout,12.912664,77.646111,2025-10-13,17:57:13,Low,Under Investigation,20,Other
FIR02589,Theft,Rajajinagar,12.987144,77.555637,2025-06-08,06:52:22,Low,Open,35,Other
FIR02590,Robbery,Electronic City,12.836702,77.673477,2026-03-28,20:39:23,High,Under Investigation,48,Female
FIR02591,Theft,Jayanagar,12.929989,77.59307,2025-02-17,13:05:45,Low,Closed,48,Female
FIR02592,Fraud,BTM Layout,12.916962,77.613316,2025-09-11,12:02:51,Medium,Open,19,Female
FIR02593,Robbery,BTM Layout,12.915606,77.611894,2025-06-01,12:05:19,High,Under Investigation,18,Male
FIR02594,Assault,Koramangala,12.934087,77.624169,2025-07-12,02:21:36,Medium,Under Investigation,62,Other
FIR02595,Kidnapping,Malleshwaram,13.005684,77.570467,2024-09-04,06:33:40,High,Under Investigation,51,Other
FIR02596,Domestic Violence,Koramangala,12.933002,77.624862,2026-04-26,22:56:44,Medium,Closed,39,Male
FIR02597,Theft,HSR Layout,12.908551,77.645315,2025-08-21,09:32:41,Low,Open,70,Female
FIR02598,Robbery,Jayanagar,12.924888,77.595298,2025-12-11,03:58:21,High,Under Investigation,65,Female
FIR02599,Kidnapping,Hebbal,13.032093,77.594486,2024-07-29,10:43:43,High,Closed,68,Male
FIR02600,Robbery,MG Road,12.977632,77.604449,2024-09-04,10:11:42,High,Open,56,Other
FIR02601,Drug Offense,Electronic City,12.843014,77.679642,2024-10-13,02:38:00,Medium,Under Investigation,35,Male
FIR02602,Kidnapping,Koramangala,12.933064,77.626714,2026-05-25,11:30:11,High,Open,53,Other
FIR02603,Theft,Yelahanka,13.102059,77.594593,2025-08-18,18:35:16,Low,Closed,35,Male
FIR02604,Robbery,Malleshwaram,13.00186,77.572439,2025-05-12,03:52:52,High,Under Investigation,41,Other
FIR02605,Fraud,Marathahalli,12.957182,77.697327,2025-09-21,07:08:41,Medium,Under Investigation,58,Other
FIR02606,Theft,MG Road,12.974182,77.605045,2025-03-21,19:29:52,Low,Closed,68,Male
FIR02607,Assault,Banashankari,12.918292,77.570069,2026-01-28,06:56:54,Medium,Under Investigation,70,Female
FIR02608,Robbery,Jayanagar,12.921523,77.598146,2026-06-21,21:18:49,High,Open,69,Male
FIR02609,Cyber Crime,Banashankari,12.914628,77.577027,2025-05-27,07:32:56,Medium,Closed,37,Female
FIR02610,Drug Offense,BTM Layout,12.913907,77.612867,2025-11-06,03:04:22,Medium,Under Investigation,70,Female
FIR02611,Domestic Violence,Hebbal,13.031489,77.592948,2024-09-17,15:59:09,Medium,Closed,20,Female
FIR02612,Kidnapping,Rajajinagar,12.988415,77.553181,2026-07-18,17:43:35,High,Closed,55,Female
FIR02613,Vehicle Theft,Koramangala,12.934192,77.6289,2026-07-10,18:39:07,Low,Open,32,Male
FIR02614,Drug Offense,Marathahalli,12.963457,77.697427,2026-07-02,21:07:36,Medium,Under Investigation,55,Other
FIR02615,Drug Offense,BTM Layout,12.914197,77.612225,2025-09-18,06:14:02,Medium,Closed,58,Other
FIR02616,Theft,MG Road,12.972598,77.606461,2025-01-20,12:47:05,Low,Closed,60,Other
FIR02617,Murder,Koramangala,12.938129,77.628427,2025-07-03,15:56:48,High,Open,49,Female
FIR02618,Assault,MG Road,12.971188,77.606252,2025-06-14,21:14:06,Medium,Open,46,Male
FIR02619,Theft,MG Road,12.971633,77.602933,2026-02-19,00:15:40,Low,Closed,27,Other
FIR02620,Domestic Violence,HSR Layout,12.909979,77.642499,2025-11-26,08:08:48,Medium,Open,60,Female
FIR02621,Vehicle Theft,Banashankari,12.923181,77.569568,2025-01-08,17:54:53,Low,Closed,55,Female
FIR02622,Fraud,Whitefield,12.973182,77.747766,2026-06-28,03:40:20,Medium,Closed,21,Male
FIR02623,Robbery,Banashankari,12.914859,77.57519,2025-02-10,03:11:44,High,Under Investigation,48,Male
FIR02624,Fraud,Rajajinagar,12.995273,77.554438,2026-01-05,10:57:12,Medium,Open,59,Other
FIR02625,Cyber Crime,Electronic City,12.838818,77.68083,2025-01-08,00:09:27,Medium,Open,20,Female
FIR02626,Vehicle Theft,Koramangala,12.937927,77.626955,2025-08-05,04:41:53,Low,Closed,27,Male
FIR02627,Robbery,BTM Layout,12.917045,77.61486,2025-09-01,14:28:45,High,Closed,35,Female
FIR02628,Cyber Crime,Whitefield,12.970945,77.746527,2026-07-02,19:42:48,Medium,Under Investigation,26,Other
FIR02629,Cyber Crime,MG Road,12.972306,77.607503,2025-11-14,17:21:58,Medium,Under Investigation,26,Other
FIR02630,Kidnapping,Banashankari,12.921534,77.57329,2026-02-02,01:52:30,High,Under Investigation,22,Female
FIR02631,Domestic Violence,Jayanagar,12.922104,77.592912,2025-08-17,23:12:54,Medium,Under Investigation,46,Other
FIR02632,Vehicle Theft,Jayanagar,12.92463,77.591629,2025-02-08,15:01:59,Low,Under Investigation,65,Male
FIR02633,Fraud,Indiranagar,12.979756,77.638895,2025-03-07,05:54:56,Medium,Under Investigation,47,Female
FIR02634,Theft,Hebbal,13.036506,77.59897,2025-08-31,23:44:30,Low,Closed,34,Male
FIR02635,Cyber Crime,MG Road,12.976561,77.602121,2025-08-25,12:16:38,Medium,Closed,40,Other
FIR02636,Fraud,Whitefield,12.974276,77.74921,2024-12-27,21:48:22,Medium,Under Investigation,43,Male
FIR02637,Robbery,Jayanagar,12.928934,77.590936,2026-06-23,10:26:05,High,Under Investigation,60,Female
FIR02638,Theft,HSR Layout,12.914015,77.643286,2026-01-19,00:25:34,Low,Under Investigation,28,Female
FIR02639,Robbery,MG Road,12.973905,77.602672,2026-07-06,22:58:27,High,Closed,38,Female
FIR02640,Cyber Crime,Hebbal,13.03427,77.601705,2025-12-20,13:17:44,Medium,Open,35,Female
FIR02641,Drug Offense,Bellandur,12.925445,77.675288,2024-10-25,19:48:08,Medium,Closed,39,Other
FIR02642,Robbery,Hebbal,13.035626,77.596396,2026-02-22,05:36:24,High,Open,49,Female
FIR02643,Drug Offense,Malleshwaram,13.006643,77.572241,2026-05-13,02:41:20,Medium,Open,51,Male
FIR02644,Theft,HSR Layout,12.913533,77.645991,2025-05-16,02:48:45,Low,Under Investigation,60,Male
FIR02645,Theft,Electronic City,12.837835,77.678526,2025-06-12,18:36:02,Low,Open,50,Female
FIR02646,Kidnapping,Indiranagar,12.980941,77.64037,2024-08-18,19:12:14,High,Closed,61,Female
FIR02647,Assault,Hebbal,13.035537,77.595223,2025-09-14,05:58:10,Medium,Under Investigation,70,Male
FIR02648,Domestic Violence,Marathahalli,12.95992,77.697834,2025-11-19,20:11:11,Medium,Closed,45,Female
FIR02649,Robbery,Electronic City,12.844122,77.68123,2024-08-22,17:49:15,High,Open,52,Male
FIR02650,Cyber Crime,BTM Layout,12.915806,77.611171,2025-10-07,19:17:25,Medium,Under Investigation,49,Male
FIR02651,Robbery,Indiranagar,12.981203,77.643181,2025-09-13,03:52:07,High,Open,65,Female
FIR02652,Cyber Crime,Banashankari,12.916,77.576496,2025-09-16,09:40:06,Medium,Open,60,Other
FIR02653,Vehicle Theft,Banashankari,12.914941,77.572149,2024-10-10,11:33:42,Low,Under Investigation,65,Female
FIR02654,Drug Offense,Bellandur,12.925179,77.672283,2025-12-18,01:05:58,Medium,Under Investigation,24,Other
FIR02655,Cyber Crime,Malleshwaram,13.004267,77.572866,2025-08-13,07:02:35,Medium,Open,40,Other
FIR02656,Murder,BTM Layout,12.920875,77.607148,2026-01-01,19:44:24,High,Under Investigation,34,Female
FIR02657,Fraud,Malleshwaram,13.000925,77.572021,2025-07-25,05:10:21,Medium,Closed,24,Male
FIR02658,Domestic Violence,Bellandur,12.929804,77.677713,2025-05-18,01:03:59,Medium,Closed,66,Female
FIR02659,Kidnapping,Banashankari,12.915149,77.574752,2024-12-08,08:44:12,High,Under Investigation,52,Male
FIR02660,Drug Offense,Bellandur,12.923454,77.673855,2025-09-23,05:46:15,Medium,Open,25,Male
FIR02661,Robbery,Electronic City,12.839756,77.680364,2025-09-03,12:44:26,High,Closed,22,Female
FIR02662,Domestic Violence,MG Road,12.97971,77.604542,2026-02-14,11:14:27,Medium,Open,30,Other
FIR02663,Theft,Malleshwaram,13.004248,77.574846,2024-07-27,11:12:51,Low,Closed,42,Female
FIR02664,Kidnapping,Banashankari,12.914176,77.576144,2026-02-16,19:45:21,High,Under Investigation,21,Other
FIR02665,Assault,MG Road,12.978363,77.605965,2026-01-04,22:17:18,Medium,Open,61,Female
FIR02666,Theft,Rajajinagar,12.99304,77.555493,2024-09-12,19:51:44,Low,Under Investigation,31,Female
FIR02667,Fraud,Indiranagar,12.975692,77.641362,2024-10-03,06:28:08,Medium,Under Investigation,45,Other
FIR02668,Assault,Marathahalli,12.956729,77.69702,2026-02-08,00:46:01,Medium,Under Investigation,33,Female
FIR02669,Drug Offense,Koramangala,12.935472,77.627209,2025-05-22,01:38:28,Medium,Open,34,Male
FIR02670,Vehicle Theft,Indiranagar,12.973856,77.637019,2025-12-25,22:20:27,Low,Closed,31,Female
FIR02671,Robbery,Malleshwaram,13.007319,77.57361,2026-01-26,13:00:43,High,Under Investigation,65,Female
FIR02672,Murder,HSR Layout,12.908129,77.64534,2025-12-30,02:23:11,High,Open,36,Male
FIR02673,Drug Offense,Whitefield,12.968239,77.74849,2024-11-29,23:17:41,Medium,Open,23,Male
FIR02674,Vehicle Theft,Bellandur,12.924459,77.672104,2025-11-06,15:35:52,Low,Open,45,Other
FIR02675,Kidnapping,MG Road,12.980036,77.601057,2025-06-27,20:32:15,High,Open,59,Male
FIR02676,Assault,Yelahanka,13.100843,77.596941,2026-06-16,22:56:55,Medium,Closed,70,Other
FIR02677,Vehicle Theft,Bellandur,12.924723,77.673106,2024-08-07,21:49:37,Low,Open,47,Other
FIR02678,Domestic Violence,Marathahalli,12.96059,77.693628,2026-03-12,23:45:49,Medium,Closed,28,Female
FIR02679,Domestic Violence,Indiranagar,12.97427,77.641554,2026-05-24,13:01:02,Medium,Open,35,Male
FIR02680,Vehicle Theft,HSR Layout,12.910008,77.646438,2025-09-30,21:51:22,Low,Open,24,Other
FIR02681,Robbery,MG Road,12.977163,77.603492,2026-03-05,08:24:06,High,Closed,54,Male
FIR02682,Drug Offense,Jayanagar,12.928364,77.58996,2024-12-30,09:36:35,Medium,Closed,61,Other
FIR02683,Murder,MG Road,12.97584,77.602479,2024-09-12,18:45:49,High,Closed,59,Male
FIR02684,Robbery,MG Road,12.97097,77.601384,2024-09-09,15:38:54,High,Under Investigation,23,Male
FIR02685,Fraud,Koramangala,12.940093,77.624699,2024-11-13,22:08:18,Medium,Open,45,Female
FIR02686,Assault,BTM Layout,12.914995,77.609802,2024-11-24,06:42:49,Medium,Under Investigation,62,Female
FIR02687,Murder,Jayanagar,12.920987,77.591634,2024-07-25,04:24:02,High,Closed,66,Female
FIR02688,Kidnapping,HSR Layout,12.911494,77.647703,2025-12-10,05:44:08,High,Open,38,Female
FIR02689,Cyber Crime,Koramangala,12.936123,77.623208,2026-05-29,23:39:55,Medium,Open,38,Female
FIR02690,Assault,Whitefield,12.968449,77.75323,2025-08-12,17:45:47,Medium,Open,47,Male
FIR02691,Murder,Bellandur,12.925375,77.677051,2025-12-07,13:12:03,High,Under Investigation,24,Male
FIR02692,Robbery,Electronic City,12.837978,77.680027,2025-03-12,16:36:20,High,Under Investigation,44,Male
FIR02693,Drug Offense,Electronic City,12.835807,77.674648,2025-01-08,14:11:32,Medium,Under Investigation,26,Female
FIR02694,Cyber Crime,MG Road,12.975378,77.604822,2025-03-14,10:20:41,Medium,Under Investigation,30,Male
FIR02695,Robbery,Jayanagar,12.926353,77.595263,2025-05-13,00:28:31,High,Under Investigation,18,Female
FIR02696,Cyber Crime,MG Road,12.972226,77.608109,2025-05-15,09:10:02,Medium,Closed,42,Female
FIR02697,Drug Offense,Electronic City,12.836584,77.674929,2026-06-16,01:30:24,Medium,Open,41,Other
FIR02698,Robbery,BTM Layout,12.920093,77.613759,2025-05-10,12:02:24,High,Open,68,Other
FIR02699,Fraud,Electronic City,12.842055,77.673099,2025-10-09,03:32:18,Medium,Under Investigation,26,Male
FIR02700,Murder,Yelahanka,13.097701,77.599225,2024-08-05,11:48:35,High,Open,46,Other
FIR02701,Vehicle Theft,Rajajinagar,12.98723,77.553742,2025-03-19,05:52:57,Low,Under Investigation,27,Other
FIR02702,Murder,Rajajinagar,12.993067,77.552978,2024-12-22,04:31:23,High,Open,65,Male
FIR02703,Drug Offense,Koramangala,12.938426,77.619871,2025-01-25,19:21:04,Medium,Under Investigation,37,Male
FIR02704,Cyber Crime,Whitefield,12.969869,77.751615,2025-10-17,18:51:53,Medium,Under Investigation,30,Female
FIR02705,Kidnapping,Malleshwaram,13.008195,77.572484,2026-03-01,03:08:04,High,Under Investigation,52,Female
FIR02706,Cyber Crime,Koramangala,12.933934,77.622456,2025-05-13,13:18:12,Medium,Under Investigation,21,Male
FIR02707,Drug Offense,HSR Layout,12.916399,77.64255,2024-12-23,06:06:57,Medium,Under Investigation,59,Female
FIR02708,Vehicle Theft,Malleshwaram,13.001156,77.568519,2026-04-12,02:40:52,Low,Open,58,Female
FIR02709,Domestic Violence,HSR Layout,12.910691,77.649805,2025-05-29,23:51:14,Medium,Closed,49,Female
FIR02710,Cyber Crime,BTM Layout,12.915304,77.605305,2025-07-07,08:04:28,Medium,Closed,65,Other
FIR02711,Kidnapping,Hebbal,13.033947,77.601795,2026-07-15,11:00:37,High,Closed,40,Other
FIR02712,Cyber Crime,Marathahalli,12.963813,77.693326,2026-06-09,12:10:49,Medium,Open,47,Male
FIR02713,Theft,Marathahalli,12.959638,77.699955,2026-05-27,09:39:51,Low,Under Investigation,65,Male
FIR02714,Fraud,BTM Layout,12.921221,77.609393,2025-12-13,19:21:19,Medium,Open,42,Other
FIR02715,Cyber Crime,Koramangala,12.932103,77.629124,2025-02-20,08:20:16,Medium,Open,51,Female
FIR02716,Murder,Yelahanka,13.101319,77.599193,2025-05-26,06:57:32,High,Under Investigation,21,Male
FIR02717,Vehicle Theft,Bellandur,12.923657,77.677462,2025-07-08,12:59:39,Low,Under Investigation,44,Other
FIR02718,Theft,Rajajinagar,12.995979,77.551525,2025-03-27,02:07:50,Low,Under Investigation,26,Male
FIR02719,Murder,Koramangala,12.937463,77.622008,2024-10-14,21:25:52,High,Under Investigation,22,Other
FIR02720,Murder,Whitefield,12.966734,77.753569,2026-01-18,02:30:27,High,Under Investigation,67,Female
FIR02721,Fraud,Jayanagar,12.921426,77.597647,2026-07-01,04:51:15,Medium,Closed,23,Other
FIR02722,Cyber Crime,MG Road,12.98037,77.609351,2026-05-30,08:11:17,Medium,Closed,56,Female
FIR02723,Kidnapping,Rajajinagar,12.990741,77.553729,2026-07-18,16:12:32,High,Under Investigation,63,Male
FIR02724,Assault,Banashankari,12.91626,77.569224,2025-01-11,01:59:19,Medium,Under Investigation,18,Other
FIR02725,Theft,Koramangala,12.93528,77.622812,2024-11-12,20:24:53,Low,Closed,52,Female
FIR02726,Robbery,Banashankari,12.919389,77.57655,2025-06-29,14:07:22,High,Under Investigation,28,Male
FIR02727,Domestic Violence,Koramangala,12.931926,77.6264,2025-04-02,07:45:41,Medium,Under Investigation,34,Other
FIR02728,Assault,Malleshwaram,12.999381,77.570566,2025-10-23,09:59:23,Medium,Under Investigation,31,Male
FIR02729,Kidnapping,Koramangala,12.938669,77.626908,2026-03-20,10:40:22,High,Closed,30,Other
FIR02730,Robbery,MG Road,12.976003,77.608438,2024-10-15,12:37:01,High,Closed,39,Male
FIR02731,Vehicle Theft,BTM Layout,12.914828,77.610055,2025-08-22,04:09:36,Low,Open,19,Other
FIR02732,Robbery,Hebbal,13.039251,77.59944,2024-11-01,22:47:06,High,Closed,41,Other
FIR02733,Murder,Malleshwaram,13.000515,77.570555,2025-02-15,05:25:03,High,Under Investigation,20,Other
FIR02734,Domestic Violence,BTM Layout,12.911995,77.607527,2025-11-01,15:49:23,Medium,Under Investigation,30,Female
FIR02735,Cyber Crime,Malleshwaram,13.00668,77.568605,2025-06-01,17:52:46,Medium,Closed,31,Male
FIR02736,Drug Offense,Hebbal,13.036693,77.595985,2024-11-21,17:47:38,Medium,Open,68,Other
FIR02737,Vehicle Theft,Koramangala,12.939452,77.62605,2025-04-05,09:10:26,Low,Open,40,Male
FIR02738,Domestic Violence,Malleshwaram,13.003709,77.569428,2025-01-17,15:03:55,Medium,Open,65,Other
FIR02739,Kidnapping,Electronic City,12.841159,77.68032,2025-11-20,18:55:41,High,Open,46,Other
FIR02740,Murder,Koramangala,12.933944,77.625073,2024-11-15,10:35:04,High,Closed,30,Other
FIR02741,Assault,Electronic City,12.841413,77.680034,2025-08-25,13:28:55,Medium,Open,68,Female
FIR02742,Robbery,MG Road,12.973488,77.607351,2025-04-14,17:08:10,High,Open,27,Female
FIR02743,Vehicle Theft,Bellandur,12.926698,77.67192,2026-04-30,11:24:40,Low,Under Investigation,40,Female
FIR02744,Assault,Jayanagar,12.928056,77.594603,2024-08-07,22:28:59,Medium,Under Investigation,35,Female
FIR02745,Drug Offense,Whitefield,12.964936,77.746735,2025-02-10,11:13:52,Medium,Open,31,Male
FIR02746,Kidnapping,Hebbal,13.039915,77.593215,2026-04-14,16:28:39,High,Open,32,Other
FIR02747,Vehicle Theft,Hebbal,13.030835,77.592953,2025-04-30,06:03:39,Low,Closed,26,Female
FIR02748,Assault,Malleshwaram,13.00531,77.567796,2025-04-01,11:12:36,Medium,Under Investigation,27,Other
FIR02749,Theft,Malleshwaram,13.00373,77.566102,2026-06-20,14:19:49,Low,Open,56,Other
FIR02750,Drug Offense,Indiranagar,12.977412,77.642324,2026-04-08,06:09:22,Medium,Open,55,Other
FIR02751,Fraud,Rajajinagar,12.991561,77.549951,2025-12-24,02:52:58,Medium,Closed,19,Male
FIR02752,Drug Offense,Malleshwaram,13.002835,77.569616,2026-04-25,11:39:41,Medium,Under Investigation,52,Other
FIR02753,Cyber Crime,Whitefield,12.972341,77.749105,2026-06-23,05:30:04,Medium,Closed,32,Male
FIR02754,Vehicle Theft,Banashankari,12.915058,77.572524,2025-12-27,20:19:30,Low,Open,54,Male
FIR02755,Robbery,Marathahalli,12.959679,77.698437,2025-05-19,13:48:05,High,Open,41,Female
FIR02756,Fraud,Rajajinagar,12.98942,77.557932,2025-02-15,18:05:26,Medium,Under Investigation,45,Female
FIR02757,Murder,Electronic City,12.842124,77.673579,2026-06-21,09:01:03,High,Closed,30,Other
FIR02758,Domestic Violence,HSR Layout,12.908057,77.652271,2025-04-08,14:31:07,Medium,Under Investigation,59,Male
FIR02759,Cyber Crime,Rajajinagar,12.990916,77.555973,2026-02-20,00:36:54,Medium,Closed,62,Female
FIR02760,Robbery,Bellandur,12.92503,77.677479,2026-02-08,18:56:06,High,Under Investigation,66,Other
FIR02761,Fraud,Bellandur,12.923738,77.677133,2025-10-14,10:32:42,Medium,Under Investigation,36,Other
FIR02762,Theft,Rajajinagar,12.992454,77.55514,2026-05-29,17:08:32,Low,Under Investigation,37,Male
FIR02763,Kidnapping,Rajajinagar,12.994176,77.554385,2024-11-17,11:32:51,High,Open,18,Female
FIR02764,Fraud,Marathahalli,12.95902,77.701455,2026-06-02,01:31:07,Medium,Under Investigation,49,Other
FIR02765,Cyber Crime,Bellandur,12.925612,77.675212,2025-09-26,17:14:45,Medium,Open,44,Other
FIR02766,Theft,Banashankari,12.919992,77.572625,2026-01-18,11:16:52,Low,Under Investigation,40,Female
FIR02767,Murder,BTM Layout,12.91516,77.612199,2025-10-11,22:03:05,High,Open,64,Other
FIR02768,Drug Offense,Electronic City,12.838349,77.680099,2026-06-17,15:51:02,Medium,Under Investigation,70,Female
FIR02769,Cyber Crime,HSR Layout,12.915135,77.646301,2026-03-21,20:33:19,Medium,Closed,27,Other
FIR02770,Drug Offense,HSR Layout,12.907653,77.650521,2025-07-08,11:33:19,Medium,Under Investigation,45,Male
FIR02771,Theft,Yelahanka,13.099218,77.598885,2025-06-26,09:27:17,Low,Open,52,Male
FIR02772,Vehicle Theft,Marathahalli,12.964041,77.700391,2025-06-18,07:14:48,Low,Under Investigation,47,Other
FIR02773,Vehicle Theft,MG Road,12.976499,77.606821,2025-10-20,12:32:39,Low,Closed,46,Female
FIR02774,Kidnapping,Bellandur,12.928864,77.673275,2024-11-24,16:30:20,High,Closed,61,Male
FIR02775,Assault,Indiranagar,12.976055,77.64304,2024-12-27,22:46:59,Medium,Under Investigation,44,Female
FIR02776,Theft,HSR Layout,12.909301,77.651898,2026-06-07,02:50:14,Low,Closed,42,Male
FIR02777,Robbery,Bellandur,12.922948,77.673558,2025-12-09,00:34:11,High,Closed,29,Other
FIR02778,Theft,Indiranagar,12.981145,77.637103,2025-12-15,06:12:38,Low,Open,34,Male
FIR02779,Robbery,HSR Layout,12.916155,77.651367,2026-07-21,16:58:33,High,Open,58,Other
FIR02780,Murder,Rajajinagar,12.989903,77.55189,2026-06-21,12:55:11,High,Under Investigation,59,Female
FIR02781,Murder,Hebbal,13.03536,77.59802,2025-08-23,17:43:06,High,Closed,53,Male
FIR02782,Kidnapping,Jayanagar,12.9299,77.59305,2026-05-26,08:12:11,High,Open,70,Male
FIR02783,Drug Offense,BTM Layout,12.918377,77.615073,2026-03-21,00:10:56,Medium,Closed,30,Other
FIR02784,Cyber Crime,Marathahalli,12.95699,77.696248,2026-02-25,19:34:16,Medium,Closed,46,Female
FIR02785,Kidnapping,Rajajinagar,12.992395,77.557078,2026-01-02,06:27:49,High,Open,55,Male
FIR02786,Robbery,BTM Layout,12.920699,77.605925,2025-02-02,18:33:50,High,Under Investigation,36,Other
FIR02787,Vehicle Theft,Koramangala,12.934099,77.626045,2025-05-16,15:18:07,Low,Open,63,Female
FIR02788,Robbery,Yelahanka,13.099075,77.599685,2025-07-04,05:33:47,High,Under Investigation,70,Female
FIR02789,Kidnapping,Rajajinagar,12.988743,77.555672,2025-08-09,04:13:24,High,Under Investigation,67,Male
FIR02790,Drug Offense,Malleshwaram,13.008272,77.569686,2026-07-16,04:54:11,Medium,Open,47,Male
FIR02791,Theft,Yelahanka,13.103953,77.594369,2025-03-02,20:22:15,Low,Under Investigation,48,Female
FIR02792,Drug Offense,HSR Layout,12.915684,77.645124,2025-09-13,22:59:13,Medium,Closed,53,Other
FIR02793,Vehicle Theft,Marathahalli,12.959422,77.69371,2025-06-29,06:41:51,Low,Open,59,Other
FIR02794,Kidnapping,Jayanagar,12.922134,77.59846,2025-02-12,23:14:58,High,Open,69,Male
FIR02795,Assault,HSR Layout,12.910118,77.647579,2025-12-21,17:06:52,Medium,Closed,44,Female
FIR02796,Robbery,Bellandur,12.928993,77.675632,2026-03-04,18:17:26,High,Open,50,Female
FIR02797,Fraud,Koramangala,12.938994,77.621809,2024-11-05,19:17:21,Medium,Open,26,Male
FIR02798,Assault,Electronic City,12.839369,77.677098,2025-03-11,16:00:14,Medium,Under Investigation,21,Male
FIR02799,Assault,Malleshwaram,13.006684,77.566172,2025-06-18,21:50:05,Medium,Under Investigation,48,Other
FIR02800,Robbery,Whitefield,12.974209,77.74583,2025-09-22,17:42:44,High,Under Investigation,66,Male
FIR02801,Vehicle Theft,Jayanagar,12.921196,77.597117,2026-07-02,00:06:44,Low,Open,57,Male
FIR02802,Robbery,Rajajinagar,12.987283,77.555245,2024-08-14,22:14:03,High,Closed,20,Female
FIR02803,Drug Offense,BTM Layout,12.913744,77.608333,2026-05-09,12:51:17,Medium,Open,49,Other
FIR02804,Murder,Marathahalli,12.954675,77.693112,2026-06-27,00:57:58,High,Under Investigation,21,Female
FIR02805,Fraud,Yelahanka,13.103235,77.592731,2024-09-15,08:42:00,Medium,Open,23,Male
FIR02806,Vehicle Theft,Indiranagar,12.979417,77.642044,2025-02-01,23:09:37,Low,Closed,23,Female
FIR02807,Drug Offense,Yelahanka,13.10015,77.596568,2026-05-02,13:51:31,Medium,Closed,69,Other
FIR02808,Vehicle Theft,Yelahanka,13.10025,77.594602,2026-06-07,20:03:50,Low,Under Investigation,26,Male
FIR02809,Robbery,Koramangala,12.939413,77.629433,2025-11-30,11:39:15,High,Open,23,Male
FIR02810,Kidnapping,Rajajinagar,12.990228,77.556306,2024-07-26,09:37:28,High,Closed,61,Male
FIR02811,Kidnapping,Bellandur,12.924841,77.672,2024-10-04,05:55:44,High,Open,28,Male
FIR02812,Kidnapping,Yelahanka,13.09934,77.597215,2026-03-15,14:05:30,High,Open,66,Male
FIR02813,Vehicle Theft,BTM Layout,12.912256,77.605736,2026-02-18,07:11:29,Low,Open,33,Other
FIR02814,Theft,Indiranagar,12.979431,77.636189,2025-01-15,12:08:58,Low,Under Investigation,18,Other
FIR02815,Robbery,Koramangala,12.933758,77.622884,2025-04-15,03:47:25,High,Open,43,Female
FIR02816,Cyber Crime,BTM Layout,12.918362,77.610066,2025-06-14,07:43:54,Medium,Open,56,Other
FIR02817,Theft,Banashankari,12.922472,77.574202,2025-07-24,17:54:46,Low,Open,70,Female
FIR02818,Fraud,HSR Layout,12.913157,77.645591,2025-01-07,03:00:08,Medium,Under Investigation,48,Other
FIR02819,Cyber Crime,Malleshwaram,13.000511,77.569677,2025-07-08,08:18:54,Medium,Open,51,Female
FIR02820,Assault,Bellandur,12.929785,77.67665,2025-01-12,13:12:21,Medium,Open,21,Female
FIR02821,Fraud,Yelahanka,13.100421,77.592199,2024-08-02,10:04:54,Medium,Closed,45,Female
FIR02822,Vehicle Theft,BTM Layout,12.919186,77.607613,2024-12-01,10:08:18,Low,Open,40,Female
FIR02823,Cyber Crime,Indiranagar,12.978731,77.638006,2024-09-26,23:51:42,Medium,Closed,38,Female
FIR02824,Drug Offense,Electronic City,12.838055,77.675256,2025-09-13,02:18:33,Medium,Open,38,Other
FIR02825,Drug Offense,Rajajinagar,12.990675,77.558896,2026-01-22,11:20:50,Medium,Closed,56,Other
FIR02826,Cyber Crime,Electronic City,12.83942,77.678037,2025-06-26,23:53:45,Medium,Open,45,Male
FIR02827,Theft,Electronic City,12.837383,77.677332,2026-07-13,13:39:00,Low,Open,62,Female
FIR02828,Domestic Violence,Whitefield,12.970404,77.750601,2025-12-15,02:21:05,Medium,Open,43,Other
FIR02829,Vehicle Theft,Rajajinagar,12.991328,77.551086,2025-04-12,22:54:34,Low,Under Investigation,67,Female
FIR02830,Vehicle Theft,Electronic City,12.844443,77.674696,2026-01-13,16:47:09,Low,Open,49,Male
FIR02831,Assault,Banashankari,12.916027,77.577863,2026-03-28,00:16:35,Medium,Open,30,Other
FIR02832,Kidnapping,MG Road,12.974514,77.601177,2024-12-18,19:19:15,High,Closed,33,Male
FIR02833,Cyber Crime,Bellandur,12.930184,77.677988,2024-12-16,01:15:15,Medium,Under Investigation,66,Female
FIR02834,Domestic Violence,HSR Layout,12.912955,77.64558,2025-02-24,09:46:55,Medium,Closed,64,Male
FIR02835,Theft,Banashankari,12.916705,77.57284,2026-06-01,20:21:55,Low,Under Investigation,60,Other
FIR02836,Drug Offense,Rajajinagar,12.993876,77.558124,2024-08-14,01:39:58,Medium,Under Investigation,30,Male
FIR02837,Kidnapping,Banashankari,12.917645,77.569943,2025-11-13,15:04:48,High,Closed,61,Male
FIR02838,Fraud,Indiranagar,12.97401,77.638716,2025-08-03,23:12:08,Medium,Open,53,Other
FIR02839,Theft,Whitefield,12.965665,77.748796,2025-01-30,05:38:48,Low,Closed,65,Male
FIR02840,Robbery,Koramangala,12.939068,77.629222,2026-01-08,10:25:27,High,Closed,24,Other
FIR02841,Kidnapping,Banashankari,12.915103,77.57031,2025-02-24,11:24:58,High,Closed,20,Other
FIR02842,Murder,Rajajinagar,12.991466,77.553955,2026-02-22,04:56:22,High,Closed,20,Other
FIR02843,Drug Offense,Jayanagar,12.926694,77.592318,2025-03-25,07:27:24,Medium,Open,63,Other
FIR02844,Robbery,Malleshwaram,13.005629,77.565859,2025-11-20,00:23:29,High,Closed,26,Other
FIR02845,Vehicle Theft,Banashankari,12.915367,77.573416,2025-04-26,22:33:05,Low,Open,25,Female
FIR02846,Drug Offense,MG Road,12.972939,77.605591,2025-10-09,19:43:45,Medium,Open,52,Female
FIR02847,Vehicle Theft,Yelahanka,13.098286,77.598846,2024-10-11,19:59:51,Low,Under Investigation,47,Male
FIR02848,Assault,Electronic City,12.835149,77.681602,2024-12-27,04:26:58,Medium,Under Investigation,30,Other
FIR02849,Assault,HSR Layout,12.916429,77.647308,2024-08-02,16:05:23,Medium,Open,29,Male
FIR02850,Kidnapping,Banashankari,12.921855,77.571497,2025-09-13,19:29:34,High,Closed,20,Other
FIR02851,Murder,Rajajinagar,12.991756,77.552115,2025-02-21,03:43:01,High,Closed,46,Other
FIR02852,Theft,Marathahalli,12.958406,77.701273,2025-08-25,15:54:03,Low,Under Investigation,20,Male
FIR02853,Vehicle Theft,HSR Layout,12.912841,77.646919,2025-08-19,17:15:19,Low,Closed,37,Female
FIR02854,Domestic Violence,Malleshwaram,13.001778,77.573059,2025-04-01,22:56:53,Medium,Under Investigation,20,Female
FIR02855,Cyber Crime,MG Road,12.976329,77.605287,2026-07-20,21:55:18,Medium,Under Investigation,33,Other
FIR02856,Robbery,MG Road,12.971106,77.603956,2024-10-07,20:45:28,High,Under Investigation,46,Female
FIR02857,Drug Offense,Whitefield,12.967983,77.750463,2025-12-21,14:00:09,Medium,Under Investigation,68,Female
FIR02858,Cyber Crime,Hebbal,13.040215,77.600838,2025-12-07,07:06:14,Medium,Open,52,Other
FIR02859,Vehicle Theft,Whitefield,12.973632,77.7478,2025-12-20,07:02:16,Low,Under Investigation,61,Other
FIR02860,Drug Offense,BTM Layout,12.912805,77.614892,2024-11-21,00:02:30,Medium,Open,70,Other
FIR02861,Kidnapping,Koramangala,12.939766,77.629027,2025-08-10,08:32:34,High,Under Investigation,54,Male
FIR02862,Theft,Yelahanka,13.09614,77.600153,2024-08-11,06:59:25,Low,Under Investigation,64,Other
FIR02863,Robbery,Banashankari,12.913737,77.572197,2025-09-22,01:45:47,High,Closed,36,Male
FIR02864,Fraud,Yelahanka,13.104599,77.592055,2025-05-04,15:55:58,Medium,Under Investigation,52,Other
FIR02865,Theft,Rajajinagar,12.986853,77.55137,2025-07-04,23:00:50,Low,Under Investigation,43,Other
FIR02866,Kidnapping,Electronic City,12.84002,77.674526,2024-08-13,21:02:23,High,Open,49,Male
FIR02867,Kidnapping,HSR Layout,12.914832,77.652191,2025-05-20,15:18:26,High,Closed,22,Male
FIR02868,Assault,Koramangala,12.940127,77.627837,2026-05-23,06:56:38,Medium,Closed,69,Other
FIR02869,Vehicle Theft,Electronic City,12.841079,77.677111,2026-04-06,20:39:21,Low,Under Investigation,57,Other
FIR02870,Drug Offense,Malleshwaram,13.002434,77.566481,2026-04-11,04:49:19,Medium,Under Investigation,47,Other
FIR02871,Vehicle Theft,Electronic City,12.843564,77.67281,2024-08-25,12:52:32,Low,Under Investigation,70,Male
FIR02872,Domestic Violence,Koramangala,12.937418,77.624984,2026-07-23,15:12:13,Medium,Under Investigation,36,Male
FIR02873,Assault,Jayanagar,12.920648,77.594007,2024-08-04,01:40:48,Medium,Closed,69,Male
FIR02874,Kidnapping,MG Road,12.97147,77.603183,2024-08-25,04:18:30,High,Open,68,Other
FIR02875,Fraud,Malleshwaram,13.006051,77.567485,2025-03-02,13:59:53,Medium,Closed,46,Female
FIR02876,Domestic Violence,Marathahalli,12.957463,77.698347,2024-08-12,02:55:27,Medium,Closed,38,Female
FIR02877,Theft,Banashankari,12.916566,77.573445,2024-12-20,09:25:02,Low,Closed,55,Female
FIR02878,Kidnapping,Jayanagar,12.925493,77.596607,2026-01-17,11:50:29,High,Under Investigation,58,Male
FIR02879,Vehicle Theft,Hebbal,13.032586,77.601465,2026-01-08,03:18:41,Low,Open,65,Male
FIR02880,Theft,Yelahanka,13.103438,77.599908,2024-11-11,17:33:34,Low,Open,28,Other
FIR02881,Assault,Rajajinagar,12.986813,77.552052,2026-02-05,07:15:33,Medium,Under Investigation,54,Other
FIR02882,Fraud,Jayanagar,12.920589,77.597366,2024-10-20,16:21:03,Medium,Open,53,Female
FIR02883,Drug Offense,HSR Layout,12.90877,77.643969,2026-04-24,10:25:16,Medium,Closed,32,Male
FIR02884,Robbery,HSR Layout,12.911979,77.646173,2024-09-13,13:19:34,High,Under Investigation,39,Female
FIR02885,Theft,BTM Layout,12.917015,77.614452,2026-02-27,08:38:25,Low,Open,70,Male
FIR02886,Theft,BTM Layout,12.913284,77.609373,2024-07-30,09:39:48,Low,Under Investigation,54,Other
FIR02887,Theft,Hebbal,13.036308,77.596008,2025-12-09,23:36:37,Low,Under Investigation,53,Female
FIR02888,Domestic Violence,Marathahalli,12.961972,77.697512,2026-02-08,23:22:51,Medium,Closed,22,Male
FIR02889,Assault,Bellandur,12.924589,77.678499,2024-09-27,00:58:54,Medium,Closed,57,Female
FIR02890,Fraud,Indiranagar,12.981535,77.636596,2025-08-26,22:13:31,Medium,Open,69,Other
FIR02891,Domestic Violence,Yelahanka,13.102914,77.593189,2026-06-24,03:10:11,Medium,Open,65,Other
FIR02892,Assault,BTM Layout,12.920658,77.608999,2024-11-17,14:18:34,Medium,Closed,68,Other
FIR02893,Drug Offense,BTM Layout,12.919886,77.608382,2025-04-11,22:07:47,Medium,Under Investigation,31,Other
FIR02894,Vehicle Theft,Marathahalli,12.963314,77.69554,2026-04-05,06:52:33,Low,Under Investigation,21,Female
FIR02895,Assault,BTM Layout,12.91974,77.608887,2025-08-08,19:44:50,Medium,Closed,49,Other
FIR02896,Assault,BTM Layout,12.91415,77.608594,2025-09-27,04:51:37,Medium,Closed,42,Other
FIR02897,Cyber Crime,Whitefield,12.969776,77.745023,2024-08-15,00:55:44,Medium,Under Investigation,34,Female
FIR02898,Theft,MG Road,12.977433,77.607793,2026-07-04,06:12:10,Low,Open,45,Male
FIR02899,Robbery,Jayanagar,12.920364,77.594554,2025-01-29,22:22:46,High,Closed,45,Male
FIR02900,Cyber Crime,Jayanagar,12.920562,77.589,2024-10-30,21:59:05,Medium,Under Investigation,46,Female
FIR02901,Assault,Koramangala,12.934689,77.619666,2025-01-06,02:34:29,Medium,Open,34,Male
FIR02902,Robbery,Electronic City,12.840136,77.673106,2024-11-17,04:34:34,High,Under Investigation,40,Male
FIR02903,Robbery,Marathahalli,12.961164,77.692612,2025-11-28,19:38:49,High,Closed,42,Male
FIR02904,Domestic Violence,Bellandur,12.928577,77.672506,2025-05-22,17:25:30,Medium,Open,53,Other
FIR02905,Cyber Crime,Yelahanka,13.099718,77.59716,2025-09-01,03:06:52,Medium,Closed,41,Female
FIR02906,Cyber Crime,Marathahalli,12.954698,77.692986,2025-02-07,20:26:42,Medium,Open,37,Male
FIR02907,Drug Offense,MG Road,12.979816,77.601203,2024-09-08,09:10:04,Medium,Under Investigation,37,Male
FIR02908,Vehicle Theft,Jayanagar,12.926556,77.589071,2026-01-08,20:29:12,Low,Open,50,Female
FIR02909,Drug Offense,Malleshwaram,13.004304,77.574341,2024-09-02,18:09:04,Medium,Under Investigation,22,Female
FIR02910,Robbery,Electronic City,12.844832,77.680627,2025-04-23,17:18:58,High,Under Investigation,24,Female
FIR02911,Robbery,Hebbal,13.030849,77.593596,2024-12-07,22:23:55,High,Under Investigation,36,Other
FIR02912,Murder,Hebbal,13.032534,77.596272,2025-10-29,19:27:55,High,Under Investigation,54,Male
FIR02913,Assault,Koramangala,12.931219,77.62286,2025-10-13,20:51:07,Medium,Open,32,Male
FIR02914,Fraud,Bellandur,12.929103,77.673331,2026-01-20,04:24:28,Medium,Closed,57,Other
FIR02915,Domestic Violence,BTM Layout,12.916585,77.607284,2026-03-22,13:29:51,Medium,Open,37,Male
FIR02916,Assault,Electronic City,12.844893,77.680791,2026-06-13,10:53:14,Medium,Under Investigation,33,Other
FIR02917,Drug Offense,Bellandur,12.928539,77.672209,2025-12-15,22:55:18,Medium,Closed,31,Male
FIR02918,Drug Offense,Whitefield,12.967501,77.746835,2024-08-08,03:38:16,Medium,Open,23,Female
FIR02919,Fraud,Marathahalli,12.955556,77.694534,2025-07-26,14:48:50,Medium,Open,43,Other
FIR02920,Fraud,Electronic City,12.842474,77.678653,2025-03-29,18:21:44,Medium,Under Investigation,46,Female
FIR02921,Theft,BTM Layout,12.921462,77.61303,2025-12-01,20:36:57,Low,Closed,66,Other
FIR02922,Fraud,Whitefield,12.967037,77.754432,2026-02-22,06:23:40,Medium,Under Investigation,52,Female
FIR02923,Murder,Jayanagar,12.922068,77.591876,2025-02-25,11:33:18,High,Open,60,Other
FIR02924,Domestic Violence,HSR Layout,12.91449,77.645077,2024-08-14,18:10:06,Medium,Closed,20,Female
FIR02925,Drug Offense,Hebbal,13.033866,77.594275,2024-11-17,23:55:11,Medium,Under Investigation,64,Other
FIR02926,Assault,Bellandur,12.931883,77.67499,2024-11-03,14:05:36,Medium,Closed,28,Female
FIR02927,Vehicle Theft,Hebbal,13.037196,77.597323,2026-06-21,10:32:28,Low,Open,55,Other
FIR02928,Fraud,Hebbal,13.039126,77.599594,2026-01-11,02:14:27,Medium,Under Investigation,59,Other
FIR02929,Drug Offense,BTM Layout,12.916176,77.606779,2024-07-23,12:01:40,Medium,Open,68,Male
FIR02930,Murder,Hebbal,13.034188,77.5992,2026-06-07,21:41:33,High,Open,66,Other
FIR02931,Vehicle Theft,Rajajinagar,12.991933,77.549717,2025-12-28,13:11:05,Low,Closed,31,Male
FIR02932,Fraud,Electronic City,12.835666,77.672397,2025-03-16,23:51:13,Medium,Open,35,Other
FIR02933,Murder,Electronic City,12.837729,77.674161,2025-05-20,01:42:32,High,Open,24,Male
FIR02934,Kidnapping,Hebbal,13.040481,77.596258,2025-09-15,14:32:20,High,Closed,28,Female
FIR02935,Vehicle Theft,Hebbal,13.037284,77.597374,2024-07-26,23:52:23,Low,Under Investigation,44,Female
FIR02936,Robbery,Indiranagar,12.980758,77.637065,2025-01-01,00:34:43,High,Under Investigation,46,Male
FIR02937,Fraud,Bellandur,12.927406,77.673831,2025-07-01,16:04:29,Medium,Open,43,Male
FIR02938,Murder,HSR Layout,12.915981,77.644177,2026-03-29,12:25:40,High,Closed,55,Male
FIR02939,Fraud,Hebbal,13.03652,77.592585,2026-04-19,19:59:08,Medium,Under Investigation,54,Other
FIR02940,Kidnapping,Electronic City,12.835294,77.672869,2025-02-19,12:13:52,High,Open,41,Other
FIR02941,Assault,Bellandur,12.930684,77.671574,2026-01-25,19:24:16,Medium,Closed,50,Other
FIR02942,Fraud,Electronic City,12.843889,77.673273,2026-01-06,03:59:28,Medium,Closed,18,Other
FIR02943,Assault,Indiranagar,12.974885,77.643715,2024-12-18,00:23:47,Medium,Open,37,Male
FIR02944,Robbery,Banashankari,12.917853,77.572235,2024-10-26,05:19:09,High,Open,43,Other
FIR02945,Robbery,Electronic City,12.842991,77.675015,2026-04-20,10:39:59,High,Open,53,Male
FIR02946,Vehicle Theft,Malleshwaram,12.999969,77.57087,2026-01-03,09:27:33,Low,Closed,59,Other
FIR02947,Assault,HSR Layout,12.90736,77.649571,2025-09-07,07:45:43,Medium,Under Investigation,61,Male
FIR02948,Drug Offense,MG Road,12.978934,77.60519,2025-03-26,22:44:57,Medium,Open,60,Other
FIR02949,Vehicle Theft,HSR Layout,12.911166,77.644281,2025-11-14,01:02:19,Low,Open,51,Other
FIR02950,Cyber Crime,Yelahanka,13.104134,77.60073,2024-08-10,20:34:47,Medium,Under Investigation,39,Female
FIR02951,Vehicle Theft,HSR Layout,12.911441,77.650835,2026-03-13,09:45:27,Low,Under Investigation,68,Female
FIR02952,Fraud,Jayanagar,12.923131,77.589537,2025-10-18,20:58:35,Medium,Open,23,Female
FIR02953,Murder,Rajajinagar,12.993378,77.552229,2026-07-13,06:27:53,High,Closed,18,Female
FIR02954,Drug Offense,HSR Layout,12.907608,77.650531,2025-11-17,14:07:34,Medium,Under Investigation,43,Other
FIR02955,Robbery,Indiranagar,12.977736,77.640887,2025-04-10,06:21:36,High,Open,37,Other
FIR02956,Drug Offense,BTM Layout,12.919775,77.611246,2024-08-29,15:18:36,Medium,Under Investigation,57,Other
FIR02957,Robbery,MG Road,12.975698,77.605072,2025-04-28,04:37:55,High,Open,48,Other
FIR02958,Murder,MG Road,12.976551,77.606947,2024-12-08,09:01:23,High,Open,31,Female
FIR02959,Kidnapping,Electronic City,12.836107,77.675279,2025-07-25,20:34:15,High,Under Investigation,29,Other
FIR02960,Domestic Violence,Koramangala,12.935566,77.625066,2025-06-30,04:56:47,Medium,Open,58,Female
FIR02961,Robbery,MG Road,12.980474,77.600668,2026-01-28,00:30:36,High,Closed,53,Male
FIR02962,Domestic Violence,Jayanagar,12.923487,77.598167,2026-05-23,19:01:09,Medium,Open,47,Female
FIR02963,Murder,HSR Layout,12.912534,77.642701,2026-04-07,22:57:31,High,Under Investigation,41,Other
FIR02964,Drug Offense,Hebbal,13.031657,77.594442,2026-05-04,10:59:05,Medium,Closed,58,Other
FIR02965,Domestic Violence,Marathahalli,12.960911,77.697996,2026-03-29,05:20:46,Medium,Under Investigation,58,Other
FIR02966,Vehicle Theft,BTM Layout,12.917146,77.607706,2026-02-15,20:55:34,Low,Under Investigation,61,Other
FIR02967,Cyber Crime,Jayanagar,12.925233,77.593807,2026-01-09,03:19:46,Medium,Under Investigation,34,Other
FIR02968,Theft,Jayanagar,12.92389,77.593838,2025-05-19,08:30:10,Low,Open,46,Female
FIR02969,Drug Offense,Koramangala,12.930339,77.626289,2024-11-08,02:04:05,Medium,Under Investigation,20,Other
FIR02970,Drug Offense,Jayanagar,12.92505,77.593055,2026-06-12,13:47:22,Medium,Closed,45,Female
FIR02971,Vehicle Theft,Rajajinagar,12.996472,77.559454,2026-03-29,15:15:54,Low,Closed,67,Male
FIR02972,Assault,Banashankari,12.917199,77.574323,2025-02-08,16:00:05,Medium,Open,25,Female
FIR02973,Kidnapping,Rajajinagar,12.989002,77.558836,2025-08-12,05:47:46,High,Open,46,Male
FIR02974,Assault,Koramangala,12.932949,77.628542,2025-04-17,19:17:00,Medium,Under Investigation,36,Female
FIR02975,Drug Offense,Marathahalli,12.959184,77.692949,2025-06-04,15:03:38,Medium,Open,31,Other
FIR02976,Vehicle Theft,BTM Layout,12.912771,77.611725,2025-05-16,21:10:59,Low,Open,51,Other
FIR02977,Cyber Crime,Electronic City,12.838525,77.681021,2025-05-26,20:39:43,Medium,Closed,23,Female
FIR02978,Kidnapping,Yelahanka,13.101071,77.599446,2026-05-15,09:34:57,High,Open,39,Male
FIR02979,Cyber Crime,Malleshwaram,13.000554,77.565905,2025-12-18,15:33:01,Medium,Closed,36,Other
FIR02980,Robbery,Bellandur,12.930423,77.677719,2024-11-20,05:18:14,High,Open,47,Other
FIR02981,Vehicle Theft,Electronic City,12.83591,77.678203,2026-03-02,14:06:23,Low,Under Investigation,18,Other
FIR02982,Drug Offense,Bellandur,12.925505,77.676063,2026-02-14,04:49:48,Medium,Under Investigation,48,Other
FIR02983,Domestic Violence,Bellandur,12.926295,77.673527,2024-09-09,00:34:50,Medium,Under Investigation,21,Other
FIR02984,Theft,Hebbal,13.031831,77.601845,2026-07-03,20:53:39,Low,Under Investigation,32,Female
FIR02985,Drug Offense,Koramangala,12.931587,77.624119,2025-05-24,20:26:43,Medium,Open,37,Male
FIR02986,Vehicle Theft,Rajajinagar,12.99508,77.558349,2025-09-21,16:35:25,Low,Open,66,Other
FIR02987,Domestic Violence,Rajajinagar,12.992436,77.558908,2024-11-25,12:29:57,Medium,Open,58,Other
FIR02988,Drug Offense,Jayanagar,12.924043,77.593189,2026-01-01,18:45:57,Medium,Open,44,Other
FIR02989,Domestic Violence,Malleshwaram,13.000683,77.570879,2025-05-01,00:48:50,Medium,Closed,64,Other
FIR02990,Kidnapping,Bellandur,12.929062,77.67658,2025-07-10,10:40:05,High,Open,31,Female
FIR02991,Robbery,HSR Layout,12.91139,77.650749,2026-02-05,18:36:27,High,Open,26,Other
FIR02992,Cyber Crime,Malleshwaram,12.99951,77.568014,2024-07-26,02:32:57,Medium,Under Investigation,28,Female
FIR02993,Cyber Crime,MG Road,12.970945,77.606251,2024-07-29,17:37:10,Medium,Open,57,Male
FIR02994,Domestic Violence,Bellandur,12.930622,77.677744,2026-01-08,22:47:44,Medium,Open,40,Other
FIR02995,Robbery,Rajajinagar,12.992543,77.55659,2025-08-06,20:08:34,High,Open,47,Female
FIR02996,Fraud,BTM Layout,12.916656,77.611268,2024-08-30,01:40:29,Medium,Closed,57,Male
FIR02997,Robbery,Bellandur,12.92296,77.673966,2026-03-23,01:50:21,High,Closed,67,Female
FIR02998,Robbery,Koramangala,12.937311,77.62928,2024-09-26,08:54:01,High,Open,40,Other
FIR02999,Kidnapping,HSR Layout,12.907678,77.642684,2025-07-22,05:01:30,High,Open,43,Male
FIR03000,Domestic Violence,Yelahanka,13.100475,77.593557,2025-09-10,02:16:08,Medium,Closed,48,Other
FIR03001,Robbery,Yelahanka,13.099663,77.591717,2026-06-23,05:43:16,High,Under Investigation,30,Female
FIR03002,Murder,Malleshwaram,13.00661,77.567962,2025-02-09,13:28:49,High,Open,58,Other
FIR03003,Drug Offense,Banashankari,12.918738,77.57813,2025-10-13,11:28:28,Medium,Under Investigation,51,Male
FIR03004,Theft,MG Road,12.978176,77.600283,2025-10-02,14:00:07,Low,Under Investigation,68,Male
FIR03005,Murder,Indiranagar,12.973571,77.640638,2025-09-18,18:36:14,High,Closed,33,Other
FIR03006,Drug Offense,Marathahalli,12.95515,77.700715,2026-01-06,18:43:30,Medium,Under Investigation,59,Other
FIR03007,Domestic Violence,Jayanagar,12.922413,77.591037,2024-10-26,14:42:47,Medium,Under Investigation,55,Female
FIR03008,Assault,Electronic City,12.835061,77.6798,2025-09-03,06:59:53,Medium,Closed,27,Female
FIR03009,Robbery,Electronic City,12.843723,77.681426,2025-10-28,17:25:05,High,Closed,45,Female
FIR03010,Fraud,BTM Layout,12.91671,77.608296,2025-06-06,16:45:41,Medium,Open,61,Female
FIR03011,Kidnapping,BTM Layout,12.913809,77.614638,2024-09-25,10:40:36,High,Closed,59,Male
FIR03012,Assault,Yelahanka,13.102051,77.600177,2025-06-23,01:35:05,Medium,Open,68,Other
FIR03013,Cyber Crime,Hebbal,13.031611,77.596263,2024-09-22,15:05:46,Medium,Under Investigation,36,Female
FIR03014,Murder,Rajajinagar,12.987624,77.553957,2025-02-25,23:58:23,High,Under Investigation,34,Male
FIR03015,Cyber Crime,Rajajinagar,12.988335,77.552387,2024-09-22,16:39:06,Medium,Open,38,Other
FIR03016,Robbery,Whitefield,12.970043,77.745751,2026-02-02,17:59:31,High,Under Investigation,28,Other
FIR03017,Assault,Hebbal,13.038311,77.599679,2024-11-20,22:27:04,Medium,Open,51,Female
FIR03018,Theft,HSR Layout,12.910629,77.645071,2026-01-06,11:30:40,Low,Under Investigation,66,Male
FIR03019,Assault,Banashankari,12.923256,77.571233,2026-03-12,09:11:32,Medium,Open,29,Other
FIR03020,Domestic Violence,Bellandur,12.928616,77.675589,2024-12-22,03:55:02,Medium,Under Investigation,66,Female
FIR03021,Robbery,HSR Layout,12.9083,77.647582,2025-01-03,05:35:10,High,Under Investigation,41,Other
FIR03022,Kidnapping,Bellandur,12.930858,77.676671,2025-01-20,09:33:12,High,Under Investigation,52,Male
FIR03023,Assault,Yelahanka,13.096905,77.601116,2024-09-27,23:45:18,Medium,Open,28,Female
FIR03024,Vehicle Theft,Rajajinagar,12.992041,77.557851,2025-07-27,13:06:10,Low,Under Investigation,32,Female
FIR03025,Cyber Crime,Electronic City,12.8413,77.678127,2024-10-15,06:03:48,Medium,Under Investigation,53,Female
FIR03026,Murder,Rajajinagar,12.992481,77.55257,2026-06-04,19:02:33,High,Under Investigation,56,Male
FIR03027,Kidnapping,Hebbal,13.033798,77.593421,2024-10-05,06:45:10,High,Closed,20,Female
FIR03028,Robbery,Yelahanka,13.101605,77.600701,2025-06-15,19:04:36,High,Under Investigation,24,Other
FIR03029,Drug Offense,MG Road,12.973376,77.601253,2025-01-22,12:13:21,Medium,Under Investigation,69,Female
FIR03030,Theft,Malleshwaram,13.006185,77.573272,2024-07-31,14:43:02,Low,Open,37,Other
FIR03031,Vehicle Theft,Whitefield,12.971323,77.752113,2024-12-19,07:17:23,Low,Under Investigation,37,Male
FIR03032,Vehicle Theft,Yelahanka,13.096423,77.600264,2025-07-20,15:40:53,Low,Open,39,Other
FIR03033,Assault,Whitefield,12.966203,77.745427,2025-05-03,01:58:21,Medium,Open,41,Other
FIR03034,Domestic Violence,Rajajinagar,12.988453,77.555891,2024-12-02,15:08:57,Medium,Under Investigation,22,Other
FIR03035,Murder,MG Road,12.978947,77.60092,2025-08-09,16:11:52,High,Open,54,Other
FIR03036,Robbery,Bellandur,12.932407,77.676247,2025-06-30,20:44:23,High,Under Investigation,30,Other
FIR03037,Robbery,Malleshwaram,13.000675,77.572767,2026-07-13,14:07:53,High,Under Investigation,28,Male
FIR03038,Domestic Violence,Rajajinagar,12.991543,77.550848,2026-06-26,04:05:08,Medium,Closed,64,Female
FIR03039,Cyber Crime,Marathahalli,12.956105,77.700389,2025-05-28,07:47:50,Medium,Under Investigation,45,Other
FIR03040,Drug Offense,Whitefield,12.969564,77.751181,2025-02-19,09:00:01,Medium,Closed,41,Male
FIR03041,Theft,Koramangala,12.938934,77.619714,2025-11-17,20:27:48,Low,Under Investigation,60,Male
FIR03042,Murder,Electronic City,12.844426,77.67875,2025-10-19,23:42:51,High,Under Investigation,48,Male
FIR03043,Theft,Rajajinagar,12.989671,77.551169,2025-09-16,21:25:42,Low,Open,64,Female
FIR03044,Assault,Bellandur,12.932081,77.67944,2025-07-22,04:01:17,Medium,Closed,44,Male
FIR03045,Theft,Banashankari,12.922649,77.570227,2026-07-15,00:36:44,Low,Under Investigation,46,Other
FIR03046,Robbery,Electronic City,12.837554,77.67866,2025-07-17,19:24:00,High,Closed,18,Female
FIR03047,Fraud,Koramangala,12.933776,77.621189,2025-03-11,20:02:37,Medium,Closed,50,Female
FIR03048,Murder,Malleshwaram,13.003811,77.571769,2025-05-12,12:37:44,High,Open,56,Male
FIR03049,Theft,Electronic City,12.8376,77.680708,2025-03-03,06:32:38,Low,Open,68,Male
FIR03050,Domestic Violence,Indiranagar,12.974691,77.645,2026-02-17,16:34:24,Medium,Open,27,Male
FIR03051,Domestic Violence,Whitefield,12.967918,77.749008,2024-08-15,23:19:08,Medium,Closed,32,Male
FIR03052,Fraud,Rajajinagar,12.99152,77.553218,2025-03-20,22:59:24,Medium,Open,64,Male
FIR03053,Domestic Violence,BTM Layout,12.920067,77.608001,2026-03-30,17:35:21,Medium,Open,21,Male
FIR03054,Domestic Violence,Bellandur,12.924194,77.674751,2025-06-15,21:10:36,Medium,Under Investigation,68,Female
FIR03055,Murder,Rajajinagar,12.990094,77.555517,2025-03-15,18:58:03,High,Open,31,Female
FIR03056,Vehicle Theft,Indiranagar,12.978051,77.63771,2025-11-04,18:53:55,Low,Closed,60,Other
FIR03057,Robbery,Marathahalli,12.959524,77.699017,2025-12-28,22:58:11,High,Under Investigation,35,Other
FIR03058,Kidnapping,HSR Layout,12.915793,77.643255,2024-10-31,03:27:20,High,Closed,54,Male
FIR03059,Murder,BTM Layout,12.921256,77.607999,2024-09-03,05:24:28,High,Closed,63,Other
FIR03060,Kidnapping,Indiranagar,12.975729,77.644887,2024-11-03,18:12:38,High,Closed,33,Other
FIR03061,Fraud,Indiranagar,12.974578,77.637469,2024-11-18,10:35:05,Medium,Under Investigation,59,Other
FIR03062,Cyber Crime,Koramangala,12.931575,77.627039,2024-11-27,05:06:10,Medium,Closed,34,Other
FIR03063,Drug Offense,Electronic City,12.841692,77.673996,2024-10-02,11:58:22,Medium,Closed,29,Male
FIR03064,Drug Offense,BTM Layout,12.920577,77.606745,2025-06-14,16:04:15,Medium,Under Investigation,58,Other
FIR03065,Domestic Violence,HSR Layout,12.915302,77.64294,2026-06-30,21:27:05,Medium,Open,60,Female
FIR03066,Fraud,Bellandur,12.92426,77.671243,2025-12-07,02:37:48,Medium,Closed,48,Male
FIR03067,Fraud,HSR Layout,12.907002,77.644402,2026-04-06,09:13:18,Medium,Open,55,Female
FIR03068,Vehicle Theft,Banashankari,12.91737,77.569363,2025-08-30,13:06:58,Low,Under Investigation,43,Male
FIR03069,Drug Offense,BTM Layout,12.91734,77.605504,2024-07-30,18:28:41,Medium,Under Investigation,27,Other
FIR03070,Assault,MG Road,12.976305,77.604168,2024-10-17,12:51:13,Medium,Closed,48,Female
FIR03071,Murder,Jayanagar,12.929777,77.59261,2025-03-19,20:30:26,High,Closed,67,Other
FIR03072,Fraud,Hebbal,13.038881,77.597539,2025-09-03,09:57:03,Medium,Under Investigation,55,Male
FIR03073,Murder,Indiranagar,12.976672,77.638179,2025-09-04,03:41:48,High,Closed,66,Male
FIR03074,Vehicle Theft,BTM Layout,12.920741,77.614248,2024-08-14,21:08:43,Low,Closed,28,Male
FIR03075,Cyber Crime,Electronic City,12.837559,77.681334,2026-04-06,07:36:50,Medium,Under Investigation,31,Other
FIR03076,Kidnapping,BTM Layout,12.911997,77.606436,2025-12-29,01:48:52,High,Closed,54,Female
FIR03077,Assault,Whitefield,12.972693,77.751246,2025-06-28,16:22:53,Medium,Under Investigation,40,Other
FIR03078,Assault,Yelahanka,13.09785,77.597728,2025-05-01,14:11:32,Medium,Closed,62,Male
FIR03079,Assault,Rajajinagar,12.990547,77.551689,2024-11-25,21:19:19,Medium,Closed,37,Male
FIR03080,Kidnapping,Marathahalli,12.955243,77.696012,2026-01-17,17:49:58,High,Closed,70,Female
FIR03081,Assault,Hebbal,13.033353,77.600356,2025-10-25,03:24:29,Medium,Open,65,Male
FIR03082,Fraud,Hebbal,13.038759,77.596522,2025-03-06,13:47:03,Medium,Closed,54,Other
FIR03083,Drug Offense,Jayanagar,12.92245,77.588857,2026-01-08,03:19:51,Medium,Closed,41,Male
FIR03084,Assault,MG Road,12.976616,77.607443,2026-01-21,00:20:50,Medium,Open,47,Female
FIR03085,Robbery,MG Road,12.979238,77.601698,2025-07-30,18:08:46,High,Open,59,Female
FIR03086,Domestic Violence,Whitefield,12.966601,77.749029,2026-07-07,00:14:28,Medium,Open,55,Other
FIR03087,Murder,Yelahanka,13.098277,77.599505,2025-05-06,11:49:49,High,Open,23,Male
FIR03088,Kidnapping,MG Road,12.970766,77.602387,2025-04-07,00:40:57,High,Under Investigation,18,Male
FIR03089,Robbery,BTM Layout,12.912642,77.610973,2025-11-17,13:35:46,High,Under Investigation,69,Other
FIR03090,Fraud,Jayanagar,12.929407,77.590732,2025-07-15,02:22:09,Medium,Under Investigation,68,Male
FIR03091,Vehicle Theft,HSR Layout,12.909309,77.651627,2024-08-07,11:13:50,Low,Closed,70,Male
FIR03092,Cyber Crime,HSR Layout,12.911729,77.645867,2025-12-07,15:17:04,Medium,Open,36,Other
FIR03093,Fraud,MG Road,12.976252,77.602506,2026-02-10,17:53:50,Medium,Under Investigation,48,Male
FIR03094,Assault,MG Road,12.97821,77.604975,2025-01-29,01:44:23,Medium,Open,55,Other
FIR03095,Domestic Violence,Whitefield,12.968958,77.752046,2025-08-22,03:59:47,Medium,Closed,43,Male
FIR03096,Kidnapping,Banashankari,12.91405,77.576201,2024-09-08,21:34:58,High,Under Investigation,25,Female
FIR03097,Assault,Whitefield,12.9665,77.751155,2024-08-17,01:58:29,Medium,Closed,49,Female
FIR03098,Drug Offense,Bellandur,12.92609,77.67396,2026-03-17,23:46:25,Medium,Closed,60,Male
FIR03099,Murder,Koramangala,12.938524,77.620159,2025-02-21,17:12:54,High,Open,53,Male
FIR03100,Cyber Crime,Bellandur,12.923667,77.673753,2026-01-19,23:36:13,Medium,Closed,19,Other
FIR03101,Drug Offense,Whitefield,12.965657,77.746577,2025-10-20,02:54:26,Medium,Open,31,Female
FIR03102,Murder,Bellandur,12.926259,77.680046,2025-03-08,00:02:37,High,Closed,64,Male
FIR03103,Vehicle Theft,Banashankari,12.920341,77.575058,2025-07-20,06:14:48,Low,Under Investigation,25,Other
FIR03104,Assault,BTM Layout,12.912693,77.607395,2025-11-30,13:34:21,Medium,Under Investigation,63,Male
FIR03105,Vehicle Theft,Yelahanka,13.097213,77.596231,2024-11-03,10:04:38,Low,Closed,24,Other
FIR03106,Drug Offense,Rajajinagar,12.988359,77.559267,2026-01-09,20:22:20,Medium,Closed,63,Female
FIR03107,Domestic Violence,Whitefield,12.969592,77.754623,2025-12-05,15:29:19,Medium,Open,52,Female
FIR03108,Robbery,Malleshwaram,13.004709,77.572419,2025-11-26,07:12:45,High,Under Investigation,47,Other
FIR03109,Murder,HSR Layout,12.91364,77.646699,2026-01-25,05:54:41,High,Open,18,Other
FIR03110,Robbery,Marathahalli,12.957979,77.699467,2024-10-08,06:49:26,High,Open,27,Male
FIR03111,Assault,Malleshwaram,13.003312,77.568115,2025-02-06,08:13:48,Medium,Closed,67,Male
FIR03112,Assault,Banashankari,12.920334,77.578361,2026-07-03,00:09:48,Medium,Open,49,Other
FIR03113,Domestic Violence,Malleshwaram,13.002412,77.57397,2025-02-22,04:25:16,Medium,Closed,47,Female
FIR03114,Domestic Violence,Rajajinagar,12.987148,77.550885,2025-10-30,15:47:26,Medium,Closed,43,Other
FIR03115,Fraud,Jayanagar,12.924943,77.592203,2026-01-23,19:47:14,Medium,Under Investigation,33,Other
FIR03116,Robbery,Banashankari,12.920929,77.568776,2025-11-18,06:00:40,High,Closed,67,Male
FIR03117,Robbery,Malleshwaram,13.006095,77.566893,2025-01-20,02:52:10,High,Open,18,Female
FIR03118,Vehicle Theft,MG Road,12.972046,77.60455,2026-02-11,00:06:37,Low,Open,50,Other
FIR03119,Murder,Malleshwaram,13.000366,77.571513,2025-08-05,21:21:16,High,Under Investigation,43,Female
FIR03120,Kidnapping,Marathahalli,12.961128,77.698153,2025-03-29,21:49:32,High,Closed,23,Male
FIR03121,Fraud,Banashankari,12.914398,77.569706,2024-12-22,19:41:21,Medium,Open,19,Other
FIR03122,Robbery,Hebbal,13.032414,77.600474,2024-07-29,13:05:53,High,Under Investigation,62,Female
FIR03123,Cyber Crime,BTM Layout,12.917191,77.613622,2024-12-28,03:25:53,Medium,Under Investigation,38,Other
FIR03124,Drug Offense,Koramangala,12.934942,77.625221,2025-04-30,17:26:00,Medium,Under Investigation,50,Other
FIR03125,Murder,Banashankari,12.91586,77.577032,2026-01-14,18:22:50,High,Closed,21,Other
FIR03126,Cyber Crime,Indiranagar,12.983047,77.645311,2026-01-27,16:57:35,Medium,Closed,30,Female
FIR03127,Domestic Violence,Yelahanka,13.0987,77.596798,2024-11-15,09:58:07,Medium,Open,37,Other
FIR03128,Vehicle Theft,Indiranagar,12.979891,77.640798,2026-01-22,15:49:27,Low,Under Investigation,62,Male
FIR03129,Robbery,HSR Layout,12.9134,77.642655,2025-06-20,07:59:43,High,Closed,35,Female
FIR03130,Drug Offense,MG Road,12.978068,77.600469,2025-12-17,10:02:58,Medium,Under Investigation,66,Other
FIR03131,Robbery,Hebbal,13.038605,77.593708,2024-07-23,04:54:47,High,Closed,50,Other
FIR03132,Assault,Hebbal,13.038617,77.594317,2026-06-17,21:51:41,Medium,Open,30,Other
FIR03133,Cyber Crime,BTM Layout,12.914795,77.607154,2025-05-03,09:34:58,Medium,Closed,50,Female
FIR03134,Fraud,BTM Layout,12.913779,77.60949,2025-02-25,02:43:39,Medium,Open,35,Other
FIR03135,Vehicle Theft,Marathahalli,12.955601,77.694584,2024-11-28,19:55:23,Low,Closed,60,Other
FIR03136,Fraud,MG Road,12.975277,77.602616,2025-06-18,00:35:46,Medium,Under Investigation,65,Other
FIR03137,Robbery,Whitefield,12.970188,77.747577,2025-07-10,11:17:59,High,Closed,22,Male
FIR03138,Fraud,Malleshwaram,13.006353,77.57116,2024-12-30,23:18:15,Medium,Closed,47,Other
FIR03139,Theft,Koramangala,12.930273,77.621931,2026-05-27,16:40:13,Low,Under Investigation,36,Male
FIR03140,Assault,Marathahalli,12.959876,77.696656,2025-02-27,23:13:31,Medium,Open,66,Other
FIR03141,Drug Offense,Banashankari,12.914046,77.576189,2026-01-04,08:25:39,Medium,Open,29,Male
FIR03142,Fraud,Bellandur,12.926579,77.680294,2025-05-25,07:54:34,Medium,Open,33,Other
FIR03143,Cyber Crime,Bellandur,12.928365,77.671817,2025-03-31,17:31:02,Medium,Open,55,Male
FIR03144,Cyber Crime,Rajajinagar,12.9937,77.556589,2024-09-21,05:08:30,Medium,Closed,52,Male
FIR03145,Vehicle Theft,BTM Layout,12.91393,77.610586,2024-08-14,09:11:32,Low,Under Investigation,34,Female
FIR03146,Cyber Crime,Bellandur,12.932197,77.676276,2025-12-01,00:02:29,Medium,Closed,39,Female
FIR03147,Fraud,Banashankari,12.916679,77.574936,2026-03-04,20:25:13,Medium,Closed,28,Other
FIR03148,Murder,Marathahalli,12.958538,77.697791,2026-02-27,04:18:51,High,Open,35,Male
FIR03149,Cyber Crime,Electronic City,12.839122,77.677002,2024-11-27,16:18:24,Medium,Closed,55,Male
FIR03150,Kidnapping,Koramangala,12.939142,77.624984,2024-12-05,17:43:16,High,Closed,19,Other
FIR03151,Kidnapping,Banashankari,12.921429,77.573085,2026-04-25,03:02:56,High,Open,30,Female
FIR03152,Assault,Malleshwaram,13.006153,77.568194,2026-06-02,07:17:07,Medium,Open,39,Other
FIR03153,Cyber Crime,Marathahalli,12.959896,77.699276,2025-10-25,15:15:44,Medium,Closed,36,Other
FIR03154,Fraud,Yelahanka,13.102583,77.598044,2025-09-27,05:19:22,Medium,Under Investigation,26,Other
FIR03155,Fraud,Electronic City,12.83738,77.674761,2025-10-16,13:41:40,Medium,Closed,27,Male
FIR03156,Fraud,MG Road,12.974411,77.609882,2024-12-24,09:30:37,Medium,Open,54,Male
FIR03157,Cyber Crime,Malleshwaram,13.005831,77.572135,2026-04-29,13:15:08,Medium,Under Investigation,66,Male
FIR03158,Fraud,MG Road,12.973264,77.603729,2025-06-13,07:39:56,Medium,Open,30,Other
FIR03159,Domestic Violence,Banashankari,12.921425,77.574348,2025-12-08,03:26:05,Medium,Open,63,Male
FIR03160,Theft,Rajajinagar,12.99266,77.555469,2026-03-24,17:12:12,Low,Open,36,Female
FIR03161,Assault,Bellandur,12.929427,77.6713,2025-01-10,04:08:41,Medium,Under Investigation,63,Female
FIR03162,Cyber Crime,Rajajinagar,12.994805,77.552288,2024-08-11,01:30:47,Medium,Under Investigation,38,Female
FIR03163,Domestic Violence,Koramangala,12.932223,77.626822,2025-04-07,02:22:50,Medium,Under Investigation,62,Other
FIR03164,Robbery,BTM Layout,12.917805,77.613494,2025-07-24,03:10:14,High,Open,21,Male
FIR03165,Robbery,HSR Layout,12.915278,77.651561,2025-08-14,09:07:33,High,Open,42,Other
FIR03166,Assault,Electronic City,12.844471,77.681144,2026-03-20,14:39:53,Medium,Closed,63,Female
FIR03167,Theft,Jayanagar,12.929644,77.59198,2026-01-03,12:52:43,Low,Closed,36,Male
FIR03168,Fraud,Yelahanka,13.099873,77.594468,2024-10-12,08:39:50,Medium,Closed,27,Female
FIR03169,Robbery,BTM Layout,12.91829,77.613991,2024-08-12,16:40:43,High,Open,40,Male
FIR03170,Robbery,Yelahanka,13.103757,77.599942,2026-05-17,04:04:01,High,Under Investigation,49,Female
FIR03171,Robbery,Whitefield,12.96837,77.753891,2025-11-16,03:00:57,High,Open,40,Female
FIR03172,Drug Offense,Marathahalli,12.959269,77.69481,2026-07-20,20:20:58,Medium,Under Investigation,39,Female
FIR03173,Vehicle Theft,HSR Layout,12.909182,77.646101,2024-11-21,15:07:36,Low,Open,62,Male
FIR03174,Fraud,Yelahanka,13.098805,77.594878,2026-06-20,10:31:52,Medium,Open,31,Male
FIR03175,Robbery,Hebbal,13.03757,77.59693,2026-06-20,15:29:03,High,Closed,34,Other
FIR03176,Cyber Crime,HSR Layout,12.909066,77.647729,2025-08-11,23:37:40,Medium,Under Investigation,58,Other
FIR03177,Cyber Crime,MG Road,12.979783,77.604596,2025-10-11,03:51:36,Medium,Closed,35,Female
FIR03178,Murder,MG Road,12.97814,77.605103,2025-06-21,00:32:45,High,Open,63,Male
FIR03179,Vehicle Theft,Hebbal,13.031788,77.595131,2025-01-05,00:35:04,Low,Open,31,Other
FIR03180,Theft,Rajajinagar,12.987266,77.553382,2024-11-25,14:24:35,Low,Open,53,Female
FIR03181,Robbery,HSR Layout,12.909297,77.646977,2025-11-04,16:18:02,High,Closed,38,Male
FIR03182,Cyber Crime,MG Road,12.976065,77.609547,2024-11-02,02:56:40,Medium,Closed,64,Other
FIR03183,Assault,HSR Layout,12.909962,77.648134,2026-06-25,14:40:55,Medium,Under Investigation,60,Male
FIR03184,Assault,Malleshwaram,13.000249,77.566574,2025-02-20,09:26:52,Medium,Open,31,Female
FIR03185,Assault,HSR Layout,12.906707,77.650248,2024-11-18,15:11:17,Medium,Closed,30,Other
FIR03186,Kidnapping,Malleshwaram,13.008244,77.566212,2025-04-01,21:58:51,High,Open,63,Other
FIR03187,Theft,Hebbal,13.033247,77.60147,2025-07-20,22:31:59,Low,Under Investigation,18,Female
FIR03188,Vehicle Theft,Electronic City,12.836381,77.680616,2025-03-26,09:49:35,Low,Closed,66,Female
FIR03189,Kidnapping,Marathahalli,12.963738,77.694952,2026-02-27,10:23:35,High,Under Investigation,56,Male
FIR03190,Assault,Whitefield,12.971959,77.745503,2026-01-04,14:39:54,Medium,Under Investigation,27,Female
FIR03191,Fraud,Malleshwaram,13.00456,77.573629,2026-03-03,00:18:42,Medium,Closed,47,Male
FIR03192,Murder,Whitefield,12.967883,77.749554,2024-10-15,04:01:50,High,Open,64,Male
FIR03193,Fraud,Marathahalli,12.962323,77.694232,2025-10-23,13:12:29,Medium,Closed,44,Other
FIR03194,Kidnapping,Indiranagar,12.979685,77.644184,2024-09-17,23:04:08,High,Closed,57,Male
FIR03195,Kidnapping,Electronic City,12.844525,77.680176,2025-02-16,02:35:50,High,Closed,48,Other
FIR03196,Theft,Bellandur,12.926656,77.673425,2025-06-11,00:49:22,Low,Closed,42,Male
FIR03197,Kidnapping,BTM Layout,12.917297,77.61191,2024-10-16,19:15:15,High,Open,27,Other
FIR03198,Domestic Violence,Whitefield,12.967448,77.749122,2025-07-20,17:45:02,Medium,Under Investigation,32,Male
FIR03199,Cyber Crime,Koramangala,12.939852,77.625541,2025-01-12,01:08:59,Medium,Under Investigation,18,Male
FIR03200,Vehicle Theft,Bellandur,12.925669,77.671342,2026-05-02,14:37:47,Low,Open,68,Male
FIR03201,Kidnapping,BTM Layout,12.917388,77.611948,2025-08-27,20:58:00,High,Closed,52,Other
FIR03202,Vehicle Theft,Yelahanka,13.098973,77.596008,2025-12-11,07:15:34,Low,Under Investigation,40,Male
FIR03203,Cyber Crime,Yelahanka,13.102211,77.598516,2024-10-16,12:26:59,Medium,Under Investigation,58,Male
FIR03204,Theft,Electronic City,12.83565,77.674722,2025-02-05,02:17:14,Low,Closed,46,Other
FIR03205,Cyber Crime,MG Road,12.975456,77.601631,2025-01-31,22:01:50,Medium,Closed,35,Male
FIR03206,Cyber Crime,Rajajinagar,12.993145,77.552166,2025-12-23,13:56:45,Medium,Open,64,Male
FIR03207,Fraud,Jayanagar,12.92125,77.597371,2025-06-28,21:14:16,Medium,Under Investigation,33,Male
FIR03208,Theft,Banashankari,12.914543,77.574797,2026-04-01,17:14:23,Low,Closed,62,Male
FIR03209,Vehicle Theft,Jayanagar,12.929829,77.596725,2026-05-12,07:25:30,Low,Open,70,Female
FIR03210,Fraud,Whitefield,12.973058,77.75057,2025-05-22,23:24:01,Medium,Open,20,Other
FIR03211,Cyber Crime,Indiranagar,12.97466,77.639569,2024-09-23,23:45:25,Medium,Closed,48,Other
FIR03212,Kidnapping,Whitefield,12.968851,77.7519,2026-02-24,04:37:33,High,Under Investigation,43,Female
FIR03213,Theft,Indiranagar,12.979134,77.643915,2024-11-25,20:21:36,Low,Under Investigation,48,Other
FIR03214,Assault,HSR Layout,12.912025,77.646522,2024-07-29,06:38:48,Medium,Open,62,Female
FIR03215,Kidnapping,HSR Layout,12.907594,77.647195,2025-01-10,20:26:59,High,Open,39,Female
FIR03216,Robbery,Bellandur,12.923795,77.676752,2026-05-13,20:25:29,High,Closed,24,Male
FIR03217,Robbery,MG Road,12.975256,77.600286,2024-12-10,13:36:15,High,Under Investigation,51,Female
FIR03218,Robbery,Banashankari,12.920175,77.572376,2026-02-11,01:35:49,High,Under Investigation,56,Other
FIR03219,Robbery,Marathahalli,12.955044,77.692442,2026-01-02,00:28:17,High,Under Investigation,58,Other
FIR03220,Assault,Yelahanka,13.101004,77.595937,2024-09-29,01:02:07,Medium,Closed,47,Male
FIR03221,Cyber Crime,Hebbal,13.036133,77.596157,2024-08-15,05:31:22,Medium,Open,45,Other
FIR03222,Drug Offense,Bellandur,12.926106,77.675708,2025-04-17,14:17:43,Medium,Closed,43,Male
FIR03223,Kidnapping,Yelahanka,13.096282,77.592232,2025-11-26,01:14:39,High,Under Investigation,57,Female
FIR03224,Murder,Electronic City,12.841334,77.675258,2025-01-10,02:31:51,High,Closed,25,Other
FIR03225,Fraud,HSR Layout,12.907015,77.648812,2025-09-12,14:57:50,Medium,Closed,19,Male
FIR03226,Murder,Indiranagar,12.973534,77.636252,2025-07-16,05:44:33,High,Open,43,Female
FIR03227,Fraud,Whitefield,12.968045,77.752944,2024-11-17,14:37:03,Medium,Open,31,Male
FIR03228,Cyber Crime,Electronic City,12.840532,77.675686,2026-03-11,06:27:10,Medium,Closed,31,Female
FIR03229,Assault,Hebbal,13.039488,77.597558,2026-05-26,17:31:24,Medium,Closed,62,Other
FIR03230,Cyber Crime,Banashankari,12.916715,77.573684,2025-01-17,22:15:21,Medium,Open,47,Other
FIR03231,Drug Offense,Hebbal,13.038389,77.598363,2026-03-20,19:29:06,Medium,Closed,58,Male
FIR03232,Murder,Whitefield,12.971996,77.746769,2024-08-15,14:41:10,High,Open,63,Female
FIR03233,Theft,Indiranagar,12.975399,77.639114,2025-11-21,01:49:38,Low,Under Investigation,54,Female
FIR03234,Vehicle Theft,Electronic City,12.842024,77.674828,2024-09-20,04:49:15,Low,Closed,25,Male
FIR03235,Kidnapping,Electronic City,12.83549,77.67282,2025-08-16,04:45:23,High,Closed,55,Other
FIR03236,Fraud,Rajajinagar,12.99443,77.553998,2024-10-01,13:59:45,Medium,Open,55,Male
FIR03237,Theft,Banashankari,12.922211,77.568741,2025-05-09,21:11:02,Low,Under Investigation,57,Female
FIR03238,Vehicle Theft,MG Road,12.97499,77.600698,2026-05-26,14:25:43,Low,Closed,32,Male
FIR03239,Assault,Hebbal,13.039202,77.59469,2024-12-25,15:10:26,Medium,Under Investigation,65,Female
FIR03240,Assault,Malleshwaram,13.006014,77.5704,2024-11-29,21:57:09,Medium,Open,49,Female
FIR03241,Robbery,Koramangala,12.940125,77.623265,2026-04-23,02:16:45,High,Under Investigation,36,Female
FIR03242,Vehicle Theft,Hebbal,13.035867,77.595576,2024-11-17,19:07:42,Low,Closed,30,Other
FIR03243,Fraud,HSR Layout,12.912233,77.643366,2025-08-19,13:52:22,Medium,Closed,27,Male
FIR03244,Fraud,Yelahanka,13.104498,77.592709,2025-03-17,00:11:33,Medium,Closed,55,Female
FIR03245,Assault,Whitefield,12.965387,77.745822,2025-08-07,07:59:38,Medium,Open,54,Female
FIR03246,Cyber Crime,Electronic City,12.84294,77.679026,2026-07-11,08:34:32,Medium,Closed,19,Male
FIR03247,Vehicle Theft,Hebbal,13.036194,77.598856,2024-08-26,08:14:53,Low,Open,70,Male
FIR03248,Cyber Crime,Yelahanka,13.105136,77.59684,2025-12-05,10:27:17,Medium,Under Investigation,62,Female
FIR03249,Domestic Violence,Koramangala,12.931326,77.626606,2025-10-13,05:42:37,Medium,Closed,45,Other
FIR03250,Cyber Crime,Yelahanka,13.099802,77.597463,2025-01-01,01:16:45,Medium,Closed,34,Male
FIR03251,Murder,BTM Layout,12.919418,77.605538,2026-04-01,03:07:13,High,Open,48,Female
FIR03252,Vehicle Theft,BTM Layout,12.919744,77.614561,2026-07-02,10:47:43,Low,Closed,36,Male
FIR03253,Cyber Crime,Electronic City,12.839078,77.68068,2025-09-07,15:21:38,Medium,Under Investigation,41,Female
FIR03254,Domestic Violence,Koramangala,12.939506,77.619607,2026-06-05,18:49:48,Medium,Closed,65,Other
FIR03255,Drug Offense,Marathahalli,12.955447,77.694948,2025-11-09,05:05:10,Medium,Under Investigation,34,Female
FIR03256,Kidnapping,Koramangala,12.936595,77.628598,2025-03-23,13:58:25,High,Under Investigation,69,Other
FIR03257,Fraud,Jayanagar,12.925327,77.59793,2024-11-08,01:43:42,Medium,Under Investigation,66,Female
FIR03258,Theft,Marathahalli,12.963096,77.693713,2024-07-30,15:49:06,Low,Open,37,Other
FIR03259,Assault,Yelahanka,13.097033,77.594991,2025-08-16,20:04:51,Medium,Closed,29,Other
FIR03260,Vehicle Theft,Marathahalli,12.955973,77.692421,2024-10-02,12:04:21,Low,Under Investigation,66,Other
FIR03261,Murder,Yelahanka,13.096317,77.593521,2025-06-16,18:49:15,High,Open,22,Female
FIR03262,Fraud,HSR Layout,12.915942,77.650989,2025-08-25,10:05:35,Medium,Under Investigation,58,Male
FIR03263,Kidnapping,MG Road,12.978643,77.603181,2026-07-04,08:22:45,High,Closed,20,Female
FIR03264,Fraud,Marathahalli,12.963989,77.699481,2024-12-20,07:38:42,Medium,Closed,64,Female
FIR03265,Domestic Violence,BTM Layout,12.913864,77.614949,2025-12-19,23:40:52,Medium,Under Investigation,51,Male
FIR03266,Murder,Yelahanka,13.098751,77.595433,2025-09-22,16:52:16,High,Open,19,Female
FIR03267,Assault,Whitefield,12.970773,77.749644,2024-08-16,10:29:17,Medium,Open,37,Other
FIR03268,Robbery,Whitefield,12.974371,77.75344,2025-01-12,03:12:11,High,Open,66,Female
FIR03269,Kidnapping,Bellandur,12.92911,77.679227,2026-06-25,04:03:43,High,Under Investigation,67,Other
FIR03270,Kidnapping,Koramangala,12.935976,77.623527,2026-02-23,16:00:41,High,Under Investigation,50,Other
FIR03271,Drug Offense,Bellandur,12.932846,77.680778,2025-02-04,20:56:06,Medium,Closed,40,Female
FIR03272,Theft,Marathahalli,12.960994,77.700555,2025-10-23,11:58:37,Low,Open,63,Male
FIR03273,Robbery,HSR Layout,12.913766,77.644658,2026-03-01,17:42:28,High,Open,23,Female
FIR03274,Drug Offense,Koramangala,12.935823,77.621843,2024-09-13,05:01:34,Medium,Under Investigation,68,Female
FIR03275,Fraud,Rajajinagar,12.993695,77.55533,2024-09-05,12:36:41,Medium,Under Investigation,34,Female
FIR03276,Assault,Rajajinagar,12.988029,77.554782,2026-01-02,12:28:51,Medium,Closed,58,Male
FIR03277,Vehicle Theft,Electronic City,12.838773,77.672608,2026-03-04,16:35:27,Low,Closed,32,Other
FIR03278,Cyber Crime,MG Road,12.978638,77.601496,2026-05-21,15:51:10,Medium,Under Investigation,40,Male
FIR03279,Drug Offense,Indiranagar,12.97651,77.640263,2025-07-14,16:51:55,Medium,Open,67,Male
FIR03280,Cyber Crime,Marathahalli,12.959595,77.695791,2025-07-01,09:51:57,Medium,Under Investigation,40,Other
FIR03281,Fraud,Malleshwaram,12.999618,77.56968,2025-03-19,09:06:54,Medium,Under Investigation,29,Male
FIR03282,Vehicle Theft,HSR Layout,12.910899,77.64589,2026-04-19,10:52:56,Low,Under Investigation,24,Other
FIR03283,Robbery,MG Road,12.980348,77.602833,2025-06-05,17:43:02,High,Under Investigation,67,Other
FIR03284,Theft,BTM Layout,12.917642,77.606115,2025-01-20,20:18:53,Low,Open,53,Female
FIR03285,Kidnapping,Electronic City,12.838765,77.677405,2024-11-19,17:09:39,High,Open,46,Other
FIR03286,Domestic Violence,Banashankari,12.916434,77.575709,2026-01-18,03:05:20,Medium,Open,31,Other
FIR03287,Cyber Crime,Rajajinagar,12.996321,77.55601,2026-03-17,01:37:24,Medium,Open,37,Male
FIR03288,Robbery,Koramangala,12.932326,77.627823,2025-10-31,11:32:43,High,Closed,47,Female
FIR03289,Fraud,Banashankari,12.922174,77.576933,2026-06-06,03:25:18,Medium,Closed,37,Male
FIR03290,Kidnapping,HSR Layout,12.909592,77.650969,2024-11-05,02:46:15,High,Under Investigation,38,Other
FIR03291,Vehicle Theft,HSR Layout,12.909999,77.649424,2026-02-27,03:09:46,Low,Under Investigation,36,Female
FIR03292,Domestic Violence,Hebbal,13.038242,77.599205,2025-11-21,18:36:11,Medium,Open,32,Female
FIR03293,Robbery,Malleshwaram,13.007708,77.567181,2024-11-06,04:47:18,High,Closed,69,Male
FIR03294,Assault,Marathahalli,12.956108,77.701374,2025-12-11,03:31:51,Medium,Under Investigation,30,Male
FIR03295,Fraud,MG Road,12.971022,77.605784,2025-08-19,01:26:48,Medium,Open,69,Male
FIR03296,Kidnapping,Marathahalli,12.956502,77.694828,2026-03-09,21:55:16,High,Under Investigation,65,Other
FIR03297,Drug Offense,Whitefield,12.971448,77.75013,2024-12-20,06:46:50,Medium,Closed,41,Other
FIR03298,Vehicle Theft,Hebbal,13.03634,77.595914,2024-09-29,00:24:26,Low,Open,60,Other
FIR03299,Fraud,Electronic City,12.844383,77.677046,2025-08-27,16:56:18,Medium,Open,56,Other
FIR03300,Cyber Crime,Whitefield,12.974113,77.749862,2025-07-29,17:57:03,Medium,Under Investigation,47,Female
FIR03301,Murder,BTM Layout,12.917581,77.607854,2025-05-05,07:00:12,High,Open,65,Male
FIR03302,Theft,HSR Layout,12.91049,77.652116,2026-02-20,19:19:56,Low,Open,47,Other
FIR03303,Cyber Crime,Banashankari,12.922557,77.576413,2025-06-22,08:27:04,Medium,Closed,51,Female
FIR03304,Fraud,Jayanagar,12.929987,77.597433,2026-06-20,06:50:09,Medium,Open,38,Female
FIR03305,Vehicle Theft,Koramangala,12.932132,77.621432,2024-12-28,04:00:11,Low,Closed,69,Other
FIR03306,Theft,Malleshwaram,13.006443,77.569029,2026-01-20,08:47:05,Low,Open,56,Male
FIR03307,Theft,Whitefield,12.973806,77.750083,2025-07-30,03:09:08,Low,Closed,24,Male
FIR03308,Domestic Violence,BTM Layout,12.920821,77.611099,2026-01-23,15:53:25,Medium,Under Investigation,29,Other
FIR03309,Kidnapping,Yelahanka,13.096613,77.592003,2024-08-22,23:30:19,High,Open,62,Other
FIR03310,Cyber Crime,Marathahalli,12.960818,77.694931,2025-02-05,06:39:59,Medium,Closed,59,Female
FIR03311,Vehicle Theft,Banashankari,12.922865,77.573427,2024-10-11,20:28:46,Low,Under Investigation,28,Female
FIR03312,Theft,Indiranagar,12.974461,77.637811,2024-08-10,06:31:02,Low,Open,66,Male
FIR03313,Domestic Violence,MG Road,12.974542,77.605592,2025-10-13,07:52:13,Medium,Closed,52,Other
FIR03314,Drug Offense,Marathahalli,12.964072,77.692891,2025-06-22,09:46:45,Medium,Open,55,Other
FIR03315,Robbery,HSR Layout,12.913072,77.650722,2025-02-18,15:54:12,High,Open,45,Female
FIR03316,Drug Offense,BTM Layout,12.911768,77.61185,2026-01-29,10:09:34,Medium,Under Investigation,36,Other
FIR03317,Fraud,Rajajinagar,12.986881,77.558108,2025-09-23,11:29:04,Medium,Under Investigation,69,Female
FIR03318,Robbery,Jayanagar,12.929362,77.59279,2026-06-21,22:57:22,High,Under Investigation,32,Male
FIR03319,Theft,Bellandur,12.930146,77.677835,2025-05-19,15:22:15,Low,Open,40,Male
FIR03320,Assault,MG Road,12.978972,77.605064,2025-03-24,11:23:11,Medium,Under Investigation,37,Male
FIR03321,Theft,Electronic City,12.836983,77.677531,2025-05-18,11:05:22,Low,Open,20,Male
FIR03322,Robbery,Malleshwaram,13.002705,77.568,2026-03-26,14:15:23,High,Open,23,Male
FIR03323,Cyber Crime,BTM Layout,12.912501,77.60871,2025-05-02,10:44:02,Medium,Closed,48,Other
FIR03324,Vehicle Theft,Bellandur,12.931241,77.67143,2025-07-26,07:01:57,Low,Open,70,Female
FIR03325,Assault,BTM Layout,12.916568,77.612224,2026-04-08,07:04:39,Medium,Open,61,Other
FIR03326,Theft,Indiranagar,12.974765,77.64244,2026-03-19,18:52:02,Low,Closed,67,Other
FIR03327,Kidnapping,Rajajinagar,12.987296,77.553199,2025-09-29,11:04:08,High,Under Investigation,22,Female
FIR03328,Drug Offense,Electronic City,12.842413,77.680081,2026-04-26,10:50:02,Medium,Closed,34,Male
FIR03329,Domestic Violence,Marathahalli,12.955512,77.692819,2025-10-17,11:44:58,Medium,Closed,63,Other
FIR03330,Assault,MG Road,12.972489,77.606235,2025-07-12,13:56:02,Medium,Open,69,Male
FIR03331,Kidnapping,Whitefield,12.966693,77.753431,2025-08-23,07:11:55,High,Closed,56,Other
FIR03332,Fraud,Rajajinagar,12.995032,77.549544,2024-11-15,05:37:09,Medium,Under Investigation,58,Male
FIR03333,Kidnapping,Koramangala,12.933207,77.621418,2024-12-21,15:17:57,High,Closed,52,Female
FIR03334,Robbery,Indiranagar,12.97675,77.642867,2025-09-21,23:26:51,High,Under Investigation,36,Male
FIR03335,Theft,Hebbal,13.036144,77.592134,2024-09-14,18:17:06,Low,Closed,59,Other
FIR03336,Theft,Electronic City,12.844615,77.673505,2026-02-20,04:02:32,Low,Closed,32,Male
FIR03337,Drug Offense,BTM Layout,12.918674,77.613288,2024-08-29,11:04:42,Medium,Under Investigation,67,Male
FIR03338,Assault,Marathahalli,12.959417,77.695262,2025-05-29,02:01:10,Medium,Closed,45,Male
FIR03339,Robbery,Koramangala,12.937853,77.622634,2024-10-23,15:42:59,High,Open,31,Female
FIR03340,Drug Offense,Hebbal,13.031544,77.592126,2025-11-06,02:41:03,Medium,Under Investigation,42,Female
FIR03341,Murder,HSR Layout,12.912224,77.64531,2025-09-12,20:34:52,High,Under Investigation,39,Male
FIR03342,Assault,HSR Layout,12.911874,77.645452,2025-09-21,15:47:10,Medium,Open,65,Male
FIR03343,Vehicle Theft,Marathahalli,12.95882,77.697998,2025-12-28,19:32:07,Low,Closed,37,Female
FIR03344,Domestic Violence,Rajajinagar,12.990167,77.555744,2026-06-01,07:23:30,Medium,Under Investigation,49,Male
FIR03345,Murder,Bellandur,12.928036,77.678095,2025-07-04,07:43:00,High,Open,48,Male
FIR03346,Theft,Yelahanka,13.100471,77.600284,2026-02-15,05:33:28,Low,Open,49,Other
FIR03347,Vehicle Theft,Indiranagar,12.981277,77.636249,2025-11-05,14:56:56,Low,Under Investigation,39,Female
FIR03348,Cyber Crime,BTM Layout,12.911779,77.608335,2026-02-16,14:25:13,Medium,Closed,27,Other
FIR03349,Murder,HSR Layout,12.912891,77.648199,2025-09-05,19:27:58,High,Under Investigation,49,Female
FIR03350,Robbery,Rajajinagar,12.98674,77.550497,2026-05-18,16:56:16,High,Closed,33,Other
FIR03351,Theft,Marathahalli,12.958791,77.699623,2024-08-20,12:26:47,Low,Under Investigation,42,Male
FIR03352,Kidnapping,BTM Layout,12.914853,77.613872,2025-09-14,17:45:55,High,Open,41,Other
FIR03353,Kidnapping,Banashankari,12.922202,77.574399,2024-08-27,09:27:51,High,Under Investigation,70,Female
FIR03354,Assault,Banashankari,12.913759,77.57587,2026-05-13,00:40:10,Medium,Open,49,Other
FIR03355,Vehicle Theft,Whitefield,12.972896,77.748549,2025-04-06,06:14:19,Low,Closed,61,Other
FIR03356,Fraud,Indiranagar,12.980589,77.642146,2024-10-22,06:00:57,Medium,Open,39,Female
FIR03357,Domestic Violence,Bellandur,12.929457,77.672365,2025-05-16,16:45:50,Medium,Open,68,Other
FIR03358,Theft,Yelahanka,13.104046,77.594328,2024-09-03,09:16:29,Low,Under Investigation,26,Female
FIR03359,Assault,Electronic City,12.840724,77.672412,2026-03-13,18:33:01,Medium,Under Investigation,51,Other
FIR03360,Kidnapping,Malleshwaram,13.001964,77.569516,2026-03-02,06:38:46,High,Open,63,Male
FIR03361,Cyber Crime,Yelahanka,13.101561,77.599811,2026-03-12,02:49:47,Medium,Under Investigation,59,Other
FIR03362,Theft,Marathahalli,12.956186,77.694891,2025-08-12,20:43:43,Low,Open,24,Male
FIR03363,Vehicle Theft,Jayanagar,12.922074,77.588855,2025-06-19,05:26:50,Low,Closed,60,Male
FIR03364,Assault,MG Road,12.976826,77.600629,2025-11-06,00:01:06,Medium,Closed,44,Female
FIR03365,Assault,Hebbal,13.035476,77.60047,2025-04-28,02:30:32,Medium,Closed,27,Other
FIR03366,Robbery,Banashankari,12.915196,77.570075,2025-10-19,21:33:22,High,Closed,37,Female
FIR03367,Robbery,MG Road,12.97287,77.601114,2026-02-21,14:59:38,High,Open,31,Female
FIR03368,Vehicle Theft,Bellandur,12.928861,77.68045,2025-03-16,01:45:01,Low,Open,51,Other
FIR03369,Robbery,Yelahanka,13.098172,77.597844,2026-05-02,17:02:57,High,Under Investigation,66,Male
FIR03370,Robbery,Rajajinagar,12.992899,77.557185,2025-01-23,05:58:28,High,Open,59,Female
FIR03371,Cyber Crime,Hebbal,13.034142,77.595376,2025-06-18,09:55:29,Medium,Under Investigation,20,Male
FIR03372,Robbery,Jayanagar,12.924069,77.591503,2024-10-20,17:49:00,High,Open,32,Male
FIR03373,Cyber Crime,Hebbal,13.034111,77.601397,2026-04-01,00:28:10,Medium,Closed,68,Male
FIR03374,Fraud,Jayanagar,12.921687,77.597299,2026-04-10,14:00:42,Medium,Open,19,Female
FIR03375,Kidnapping,Bellandur,12.930133,77.679985,2025-11-20,02:49:35,High,Open,23,Male
FIR03376,Vehicle Theft,MG Road,12.97969,77.606027,2025-10-22,18:31:25,Low,Closed,22,Male
FIR03377,Robbery,Indiranagar,12.974966,77.639015,2025-03-02,17:08:12,High,Under Investigation,32,Male
FIR03378,Murder,Koramangala,12.930562,77.625862,2025-12-25,08:23:46,High,Closed,40,Male
FIR03379,Cyber Crime,Malleshwaram,13.004127,77.568507,2025-12-07,06:54:00,Medium,Open,53,Other
FIR03380,Kidnapping,Yelahanka,13.098102,77.599785,2026-01-21,19:54:23,High,Open,53,Other
FIR03381,Drug Offense,MG Road,12.970994,77.601215,2026-03-17,19:51:06,Medium,Closed,46,Female
FIR03382,Domestic Violence,Koramangala,12.936923,77.62403,2025-05-19,07:40:10,Medium,Open,29,Male
FIR03383,Fraud,Banashankari,12.920145,77.569417,2025-08-24,20:51:06,Medium,Under Investigation,39,Male
FIR03384,Vehicle Theft,Rajajinagar,12.994853,77.557956,2024-12-01,18:59:54,Low,Closed,21,Female
FIR03385,Theft,MG Road,12.972779,77.606257,2025-06-14,22:56:44,Low,Under Investigation,35,Other
FIR03386,Vehicle Theft,Whitefield,12.968574,77.747088,2025-05-09,01:42:03,Low,Under Investigation,58,Male
FIR03387,Domestic Violence,Bellandur,12.929966,77.678573,2026-04-02,06:33:10,Medium,Under Investigation,27,Male
FIR03388,Theft,Marathahalli,12.959388,77.692942,2025-05-22,18:57:22,Low,Under Investigation,45,Male
FIR03389,Robbery,Bellandur,12.926012,77.68019,2026-05-23,06:08:52,High,Open,33,Female
FIR03390,Assault,Rajajinagar,12.996257,77.558423,2024-10-14,22:06:22,Medium,Closed,66,Male
FIR03391,Fraud,Hebbal,13.037148,77.600273,2025-12-26,08:20:46,Medium,Closed,65,Other
FIR03392,Fraud,Indiranagar,12.98007,77.636429,2025-02-06,04:12:55,Medium,Under Investigation,49,Male
FIR03393,Domestic Violence,Yelahanka,13.095921,77.599536,2026-02-08,08:59:19,Medium,Open,56,Male
FIR03394,Theft,Malleshwaram,13.000685,77.570679,2025-02-20,16:18:32,Low,Open,60,Female
FIR03395,Fraud,Jayanagar,12.92031,77.595527,2024-10-22,01:36:51,Medium,Under Investigation,67,Female
FIR03396,Drug Offense,Malleshwaram,13.008327,77.567865,2026-06-21,17:43:16,Medium,Under Investigation,62,Male
FIR03397,Theft,MG Road,12.971154,77.60923,2025-05-22,06:38:59,Low,Open,61,Female
FIR03398,Robbery,Koramangala,12.936827,77.627793,2024-08-12,23:41:19,High,Closed,21,Female
FIR03399,Theft,Whitefield,12.965267,77.750672,2025-06-08,02:54:00,Low,Closed,22,Other
FIR03400,Assault,Whitefield,12.97237,77.754507,2024-10-20,12:40:14,Medium,Under Investigation,25,Other
FIR03401,Cyber Crime,HSR Layout,12.913317,77.651798,2025-11-13,15:14:54,Medium,Closed,48,Male
FIR03402,Domestic Violence,BTM Layout,12.912981,77.608276,2026-07-10,03:20:55,Medium,Open,63,Female
FIR03403,Fraud,Whitefield,12.967816,77.745381,2026-04-25,23:25:57,Medium,Closed,55,Male
FIR03404,Robbery,Whitefield,12.968951,77.751653,2025-01-16,03:48:32,High,Closed,37,Male
FIR03405,Vehicle Theft,BTM Layout,12.917545,77.60519,2026-03-01,04:36:16,Low,Closed,48,Male
FIR03406,Domestic Violence,Indiranagar,12.982529,77.641753,2025-10-22,04:59:56,Medium,Under Investigation,20,Other
FIR03407,Theft,Bellandur,12.930606,77.679172,2025-09-29,12:02:40,Low,Under Investigation,38,Other
FIR03408,Domestic Violence,HSR Layout,12.916539,77.645919,2026-03-25,09:35:03,Medium,Open,18,Female
FIR03409,Domestic Violence,Electronic City,12.842311,77.67382,2025-05-25,15:38:05,Medium,Under Investigation,55,Other
FIR03410,Drug Offense,Rajajinagar,12.992044,77.556465,2024-12-05,22:54:42,Medium,Open,45,Other
FIR03411,Theft,BTM Layout,12.919618,77.610556,2025-10-02,07:47:42,Low,Under Investigation,69,Male
FIR03412,Robbery,Koramangala,12.935687,77.625628,2025-09-18,18:56:34,High,Under Investigation,56,Female
FIR03413,Drug Offense,Marathahalli,12.955003,77.69246,2025-12-13,13:12:58,Medium,Closed,21,Male
FIR03414,Vehicle Theft,BTM Layout,12.920089,77.608321,2025-02-02,12:31:56,Low,Open,21,Other
FIR03415,Vehicle Theft,Hebbal,13.039024,77.592507,2025-03-07,23:17:15,Low,Closed,55,Other
FIR03416,Drug Offense,Jayanagar,12.929729,77.598305,2025-04-07,20:29:17,Medium,Open,35,Other
FIR03417,Theft,Marathahalli,12.962156,77.70103,2025-05-28,14:44:21,Low,Under Investigation,52,Female
FIR03418,Vehicle Theft,MG Road,12.974185,77.605016,2025-06-19,06:26:40,Low,Closed,30,Female
FIR03419,Kidnapping,Electronic City,12.844549,77.680886,2025-07-30,05:08:37,High,Closed,37,Female
FIR03420,Fraud,Koramangala,12.936713,77.622628,2026-05-10,17:42:03,Medium,Closed,56,Other
FIR03421,Assault,Malleshwaram,13.008429,77.573409,2025-12-25,05:16:53,Medium,Open,33,Other
FIR03422,Cyber Crime,Hebbal,13.03877,77.594955,2025-06-11,00:05:55,Medium,Closed,46,Other
FIR03423,Theft,Electronic City,12.840715,77.673767,2025-08-22,23:36:39,Low,Closed,53,Other
FIR03424,Vehicle Theft,MG Road,12.972467,77.601124,2025-09-23,12:40:01,Low,Open,56,Other
FIR03425,Murder,MG Road,12.972293,77.607018,2025-04-30,11:25:44,High,Under Investigation,33,Other
FIR03426,Cyber Crime,Bellandur,12.923182,77.673799,2024-11-02,10:36:49,Medium,Closed,59,Male
FIR03427,Domestic Violence,Banashankari,12.920693,77.57207,2026-01-22,11:19:57,Medium,Open,28,Female
FIR03428,Cyber Crime,Marathahalli,12.956226,77.698974,2025-10-05,00:58:35,Medium,Closed,53,Female
FIR03429,Robbery,HSR Layout,12.912141,77.650535,2026-04-27,17:55:23,High,Open,55,Male
FIR03430,Kidnapping,HSR Layout,12.913118,77.650975,2025-06-05,11:40:15,High,Open,43,Female
FIR03431,Vehicle Theft,Malleshwaram,13.004903,77.574337,2025-08-09,23:47:44,Low,Under Investigation,65,Male
FIR03432,Theft,Hebbal,13.033769,77.60152,2024-12-04,02:44:00,Low,Open,38,Male
FIR03433,Domestic Violence,HSR Layout,12.911779,77.65058,2025-07-30,22:02:03,Medium,Under Investigation,40,Other
FIR03434,Assault,Hebbal,13.032909,77.592566,2025-06-11,09:09:18,Medium,Closed,31,Female
FIR03435,Murder,HSR Layout,12.911986,77.646088,2024-10-25,06:04:16,High,Open,27,Male
FIR03436,Assault,Rajajinagar,12.988568,77.552741,2025-11-11,20:15:52,Medium,Under Investigation,18,Other
FIR03437,Vehicle Theft,Banashankari,12.916461,77.573202,2024-12-10,05:40:17,Low,Under Investigation,40,Other
FIR03438,Cyber Crime,BTM Layout,12.917389,77.61443,2024-10-16,09:56:14,Medium,Under Investigation,26,Other
FIR03439,Vehicle Theft,Whitefield,12.966771,77.750073,2026-06-30,23:32:52,Low,Closed,39,Male
FIR03440,Drug Offense,Malleshwaram,13.004455,77.57269,2024-10-29,01:14:18,Medium,Closed,41,Female
FIR03441,Assault,Whitefield,12.973593,77.745012,2026-02-09,11:37:13,Medium,Open,46,Female
FIR03442,Robbery,Malleshwaram,13.0076,77.569623,2024-11-29,14:51:07,High,Open,60,Other
FIR03443,Kidnapping,Koramangala,12.931157,77.620225,2025-03-05,06:43:50,High,Open,51,Female
FIR03444,Theft,Rajajinagar,12.994744,77.557202,2025-01-29,14:35:17,Low,Closed,38,Other
FIR03445,Kidnapping,Whitefield,12.969367,77.749256,2026-07-11,02:29:48,High,Open,36,Female
FIR03446,Assault,Bellandur,12.923712,77.675133,2025-06-21,16:39:38,Medium,Closed,66,Male
FIR03447,Vehicle Theft,Banashankari,12.922942,77.56926,2025-08-01,01:32:36,Low,Closed,70,Other
FIR03448,Cyber Crime,Koramangala,12.931056,77.620921,2024-10-06,12:09:53,Medium,Under Investigation,52,Female
FIR03449,Cyber Crime,HSR Layout,12.909173,77.646091,2025-11-20,10:59:43,Medium,Open,23,Other
FIR03450,Drug Offense,Koramangala,12.938086,77.624083,2025-11-22,13:11:43,Medium,Open,23,Female
FIR03451,Cyber Crime,Electronic City,12.843949,77.681036,2025-10-08,13:20:11,Medium,Under Investigation,25,Male
FIR03452,Cyber Crime,Indiranagar,12.976327,77.639123,2025-12-21,01:34:50,Medium,Under Investigation,24,Other
FIR03453,Kidnapping,Yelahanka,13.103453,77.592816,2025-05-19,10:01:32,High,Under Investigation,61,Female
FIR03454,Murder,Jayanagar,12.927218,77.592694,2025-06-27,09:18:41,High,Closed,21,Other
FIR03455,Kidnapping,Rajajinagar,12.988876,77.557648,2026-01-24,07:34:52,High,Closed,63,Other
FIR03456,Drug Offense,Hebbal,13.032935,77.596753,2024-12-14,16:03:26,Medium,Open,37,Female
FIR03457,Murder,Whitefield,12.97257,77.748433,2026-01-01,21:22:27,High,Closed,54,Other
FIR03458,Domestic Violence,MG Road,12.97995,77.602595,2025-10-22,18:59:51,Medium,Under Investigation,51,Other
FIR03459,Theft,BTM Layout,12.91982,77.609807,2024-09-28,21:47:38,Low,Open,33,Male
FIR03460,Robbery,Yelahanka,13.100782,77.601028,2025-10-12,14:29:34,High,Closed,56,Male
FIR03461,Domestic Violence,Whitefield,12.97346,77.752568,2025-07-06,05:24:52,Medium,Under Investigation,29,Male
FIR03462,Kidnapping,Jayanagar,12.923964,77.589455,2026-02-07,00:38:56,High,Closed,23,Male
FIR03463,Vehicle Theft,Indiranagar,12.981019,77.63677,2025-05-29,11:29:00,Low,Open,50,Other
FIR03464,Domestic Violence,Indiranagar,12.982442,77.641484,2025-03-24,22:27:17,Medium,Closed,19,Other
FIR03465,Vehicle Theft,Rajajinagar,12.996322,77.553468,2026-05-25,01:05:04,Low,Closed,63,Male
FIR03466,Robbery,MG Road,12.97597,77.604625,2025-12-31,00:42:11,High,Closed,55,Female
FIR03467,Kidnapping,Malleshwaram,13.00484,77.567325,2025-08-01,08:03:52,High,Open,20,Male
FIR03468,Theft,Hebbal,13.033336,77.59456,2026-01-22,04:06:55,Low,Under Investigation,27,Other
FIR03469,Fraud,HSR Layout,12.910486,77.646786,2025-12-15,08:18:29,Medium,Closed,56,Female
FIR03470,Fraud,Bellandur,12.925554,77.680609,2026-04-04,03:12:40,Medium,Open,62,Female
FIR03471,Kidnapping,MG Road,12.980009,77.601627,2026-06-28,21:16:56,High,Under Investigation,36,Female
FIR03472,Theft,Koramangala,12.932879,77.625162,2025-03-07,07:18:25,Low,Closed,54,Female
FIR03473,Fraud,Malleshwaram,13.000567,77.574104,2025-11-17,02:14:30,Medium,Open,28,Other
FIR03474,Assault,MG Road,12.970771,77.600885,2024-10-08,12:33:09,Medium,Closed,49,Male
FIR03475,Murder,Whitefield,12.965452,77.749079,2025-07-28,11:31:54,High,Closed,50,Female
FIR03476,Assault,Yelahanka,13.103012,77.598154,2024-12-06,03:09:54,Medium,Under Investigation,64,Other
FIR03477,Fraud,Hebbal,13.039454,77.593456,2025-06-02,08:33:49,Medium,Open,62,Female
FIR03478,Robbery,Bellandur,12.92943,77.671753,2024-09-12,03:34:32,High,Under Investigation,31,Female
FIR03479,Murder,Banashankari,12.921335,77.57492,2025-06-12,22:53:03,High,Closed,18,Female
FIR03480,Robbery,Electronic City,12.840017,77.676083,2026-07-21,06:45:58,High,Closed,27,Female
FIR03481,Drug Offense,Koramangala,12.932447,77.627017,2025-07-08,20:13:09,Medium,Open,70,Male
FIR03482,Assault,HSR Layout,12.910524,77.642446,2025-04-11,06:27:34,Medium,Open,42,Male
FIR03483,Kidnapping,HSR Layout,12.906768,77.644907,2024-09-09,06:37:01,High,Under Investigation,25,Other
FIR03484,Murder,Electronic City,12.838424,77.681242,2025-10-30,10:10:15,High,Closed,53,Male
FIR03485,Theft,Jayanagar,12.925909,77.59029,2025-08-24,01:53:25,Low,Closed,31,Female
FIR03486,Vehicle Theft,Electronic City,12.842514,77.676324,2024-08-02,21:35:26,Low,Under Investigation,56,Female
FIR03487,Theft,Koramangala,12.93841,77.622172,2025-01-10,01:33:09,Low,Under Investigation,32,Female
FIR03488,Kidnapping,Whitefield,12.97221,77.74711,2024-09-11,07:57:53,High,Under Investigation,43,Male
FIR03489,Drug Offense,Marathahalli,12.960878,77.697106,2025-02-22,11:23:34,Medium,Closed,68,Other
FIR03490,Theft,MG Road,12.978083,77.60083,2026-02-14,23:53:02,Low,Closed,35,Other
FIR03491,Domestic Violence,Indiranagar,12.982324,77.637247,2025-03-02,08:08:49,Medium,Open,54,Female
FIR03492,Domestic Violence,Bellandur,12.927228,77.680855,2024-08-27,09:55:27,Medium,Closed,69,Male
FIR03493,Vehicle Theft,Whitefield,12.969776,77.754864,2025-02-04,23:52:52,Low,Open,26,Other
FIR03494,Vehicle Theft,BTM Layout,12.912081,77.608698,2025-06-06,16:29:52,Low,Closed,18,Male
FIR03495,Cyber Crime,BTM Layout,12.914487,77.606704,2025-02-02,01:09:20,Medium,Open,45,Female
FIR03496,Drug Offense,MG Road,12.972245,77.601837,2025-02-26,11:56:20,Medium,Open,19,Male
FIR03497,Vehicle Theft,MG Road,12.97791,77.602634,2026-03-26,06:50:11,Low,Closed,44,Female
FIR03498,Robbery,Marathahalli,12.956521,77.69246,2024-07-26,04:47:14,High,Closed,64,Male
FIR03499,Domestic Violence,Rajajinagar,12.986633,77.549569,2025-01-29,15:43:52,Medium,Open,65,Male
FIR03500,Murder,Indiranagar,12.980311,77.640193,2026-05-18,00:12:36,High,Under Investigation,39,Other
FIR03501,Domestic Violence,Malleshwaram,13.003988,77.572646,2025-03-11,06:19:45,Medium,Open,28,Other
FIR03502,Domestic Violence,Indiranagar,12.981564,77.636169,2025-12-20,01:57:43,Medium,Closed,62,Male
FIR03503,Theft,HSR Layout,12.907749,77.64362,2025-02-24,08:04:34,Low,Closed,24,Female
FIR03504,Robbery,Bellandur,12.930644,77.67937,2025-11-17,06:58:43,High,Closed,57,Male
FIR03505,Robbery,Rajajinagar,12.9889,77.559396,2024-09-14,16:21:10,High,Under Investigation,22,Other
FIR03506,Assault,MG Road,12.977815,77.6014,2025-03-29,12:05:39,Medium,Open,57,Male
FIR03507,Murder,BTM Layout,12.913492,77.61009,2025-11-01,02:45:06,High,Under Investigation,46,Male
FIR03508,Robbery,Malleshwaram,12.999726,77.568799,2025-12-19,14:17:20,High,Closed,23,Female
FIR03509,Kidnapping,Bellandur,12.929569,77.67309,2026-04-01,05:06:06,High,Under Investigation,23,Female
FIR03510,Robbery,MG Road,12.970611,77.608582,2026-01-31,20:34:22,High,Open,62,Male
FIR03511,Fraud,Rajajinagar,12.987592,77.551742,2024-07-28,23:24:47,Medium,Open,23,Other
FIR03512,Fraud,Malleshwaram,13.006441,77.56649,2026-03-28,07:47:10,Medium,Open,63,Other
FIR03513,Murder,BTM Layout,12.919491,77.608968,2024-12-06,20:47:33,High,Open,58,Other
FIR03514,Vehicle Theft,Hebbal,13.035227,77.598422,2025-10-27,06:55:39,Low,Closed,22,Female
FIR03515,Kidnapping,Malleshwaram,13.005541,77.567731,2026-07-09,21:11:27,High,Open,36,Male
FIR03516,Murder,Banashankari,12.913973,77.576656,2026-03-07,08:26:04,High,Under Investigation,35,Other
FIR03517,Cyber Crime,BTM Layout,12.91828,77.610061,2025-08-31,21:03:04,Medium,Open,37,Other
FIR03518,Kidnapping,Koramangala,12.936806,77.623943,2025-01-19,18:37:37,High,Open,62,Male
FIR03519,Drug Offense,Banashankari,12.919073,77.575147,2025-06-18,08:33:20,Medium,Under Investigation,33,Male
FIR03520,Theft,Malleshwaram,13.004075,77.573412,2025-12-11,11:39:54,Low,Under Investigation,69,Male
FIR03521,Domestic Violence,Koramangala,12.936017,77.619841,2026-06-19,08:58:00,Medium,Under Investigation,45,Other
FIR03522,Cyber Crime,Hebbal,13.035849,77.59831,2024-08-22,17:31:19,Medium,Closed,29,Other
FIR03523,Cyber Crime,BTM Layout,12.919742,77.605302,2024-12-05,17:09:54,Medium,Under Investigation,52,Male
FIR03524,Fraud,Banashankari,12.914874,77.576972,2025-12-03,05:17:05,Medium,Under Investigation,61,Female
FIR03525,Domestic Violence,Hebbal,13.036712,77.595403,2026-02-08,01:51:51,Medium,Under Investigation,38,Other
FIR03526,Assault,Malleshwaram,13.00762,77.56703,2026-02-11,18:18:23,Medium,Under Investigation,53,Female
FIR03527,Vehicle Theft,Electronic City,12.842989,77.679567,2024-10-19,18:30:26,Low,Closed,54,Female
FIR03528,Robbery,Whitefield,12.96706,77.745054,2025-11-16,08:41:07,High,Open,70,Other
FIR03529,Drug Offense,Yelahanka,13.104579,77.594599,2026-05-31,07:05:55,Medium,Under Investigation,50,Other
FIR03530,Cyber Crime,HSR Layout,12.908269,77.650998,2026-07-22,07:03:37,Medium,Closed,29,Other
FIR03531,Cyber Crime,Banashankari,12.917472,77.571383,2026-04-07,20:26:51,Medium,Closed,67,Male
FIR03532,Vehicle Theft,Yelahanka,13.103038,77.594736,2024-09-13,05:49:33,Low,Open,69,Male
FIR03533,Cyber Crime,Bellandur,12.930894,77.680417,2025-04-09,15:55:38,Medium,Open,67,Female
FIR03534,Murder,Hebbal,13.039719,77.598878,2024-08-27,15:11:41,High,Open,54,Male
FIR03535,Domestic Violence,Yelahanka,13.10359,77.595172,2026-06-15,00:06:33,Medium,Under Investigation,31,Female
FIR03536,Robbery,Malleshwaram,13.005897,77.574183,2025-03-31,04:46:24,High,Open,62,Male
FIR03537,Drug Offense,Banashankari,12.91591,77.569164,2025-08-14,14:51:36,Medium,Open,47,Other
FIR03538,Cyber Crime,Yelahanka,13.104825,77.595748,2025-12-01,01:34:31,Medium,Closed,48,Male
FIR03539,Murder,Marathahalli,12.959046,77.701351,2025-09-18,22:45:15,High,Under Investigation,34,Female
FIR03540,Vehicle Theft,Electronic City,12.842971,77.680226,2026-07-20,19:21:27,Low,Closed,30,Male
FIR03541,Fraud,BTM Layout,12.91224,77.608308,2025-07-11,15:22:24,Medium,Under Investigation,43,Female
FIR03542,Theft,Marathahalli,12.954605,77.697698,2024-07-23,04:05:37,Low,Closed,25,Other
FIR03543,Domestic Violence,Marathahalli,12.958471,77.695307,2026-01-17,06:39:50,Medium,Closed,35,Female
FIR03544,Kidnapping,BTM Layout,12.918383,77.610603,2025-07-03,02:54:25,High,Open,55,Other
FIR03545,Theft,HSR Layout,12.913474,77.645277,2026-06-02,14:28:20,Low,Under Investigation,45,Other
FIR03546,Kidnapping,MG Road,12.970731,77.608543,2025-04-09,10:39:10,High,Open,63,Male
FIR03547,Murder,MG Road,12.980051,77.608758,2026-05-08,10:04:10,High,Under Investigation,38,Male
FIR03548,Kidnapping,Hebbal,13.03286,77.600981,2026-06-26,23:56:51,High,Closed,62,Male
FIR03549,Drug Offense,Hebbal,13.039722,77.598686,2025-06-03,17:40:20,Medium,Closed,64,Male
FIR03550,Cyber Crime,Electronic City,12.838342,77.678797,2025-09-24,12:32:03,Medium,Closed,31,Female
FIR03551,Theft,Indiranagar,12.980128,77.641348,2024-11-24,02:18:34,Low,Closed,44,Other
FIR03552,Theft,Yelahanka,13.105607,77.596442,2025-05-23,07:58:13,Low,Under Investigation,26,Female
FIR03553,Vehicle Theft,Jayanagar,12.924496,77.590281,2024-09-08,15:50:36,Low,Closed,32,Female
FIR03554,Murder,Indiranagar,12.976053,77.636282,2024-12-01,15:31:43,High,Closed,61,Female
FIR03555,Fraud,Bellandur,12.931938,77.680692,2025-12-08,04:03:50,Medium,Closed,41,Female
FIR03556,Kidnapping,Yelahanka,13.099208,77.599706,2025-04-16,11:25:22,High,Closed,35,Female
FIR03557,Theft,Bellandur,12.926702,77.67627,2025-02-23,08:28:04,Low,Closed,26,Other
FIR03558,Robbery,Banashankari,12.919473,77.571299,2025-12-07,07:28:41,High,Under Investigation,32,Male
FIR03559,Murder,Indiranagar,12.981494,77.637525,2025-07-17,22:45:20,High,Open,31,Other
FIR03560,Drug Offense,HSR Layout,12.915789,77.644762,2026-07-22,09:31:36,Medium,Closed,52,Other
FIR03561,Kidnapping,Malleshwaram,13.003567,77.572265,2025-02-25,08:07:37,High,Under Investigation,57,Female
FIR03562,Domestic Violence,Marathahalli,12.962739,77.702082,2026-03-03,20:51:53,Medium,Closed,23,Other
FIR03563,Domestic Violence,Jayanagar,12.927761,77.595873,2026-02-11,13:07:15,Medium,Closed,37,Female
FIR03564,Kidnapping,BTM Layout,12.920417,77.613936,2026-07-06,00:17:24,High,Closed,43,Other
FIR03565,Fraud,Bellandur,12.927885,77.677978,2025-01-15,19:14:35,Medium,Closed,58,Other
FIR03566,Theft,Koramangala,12.936363,77.624819,2026-05-28,22:00:28,Low,Closed,26,Other
FIR03567,Cyber Crime,Malleshwaram,13.005837,77.57392,2025-08-01,16:56:19,Medium,Open,34,Other
FIR03568,Drug Offense,Malleshwaram,12.99962,77.570587,2026-03-25,11:23:05,Medium,Under Investigation,48,Male
FIR03569,Theft,HSR Layout,12.914708,77.64777,2026-02-13,23:55:34,Low,Closed,33,Male
FIR03570,Vehicle Theft,Rajajinagar,12.989566,77.553052,2025-07-20,08:55:22,Low,Closed,31,Other
FIR03571,Kidnapping,HSR Layout,12.912389,77.650715,2025-05-31,21:28:37,High,Under Investigation,70,Female
FIR03572,Cyber Crime,Koramangala,12.932538,77.621258,2026-02-08,19:45:17,Medium,Closed,57,Other
FIR03573,Kidnapping,BTM Layout,12.918726,77.609094,2024-11-28,15:43:27,High,Open,31,Other
FIR03574,Domestic Violence,Marathahalli,12.957971,77.693362,2025-08-10,18:58:55,Medium,Open,41,Male
FIR03575,Murder,Jayanagar,12.928074,77.597689,2026-07-05,18:09:35,High,Closed,53,Other
FIR03576,Domestic Violence,Koramangala,12.934752,77.620982,2026-07-18,19:59:09,Medium,Under Investigation,36,Male
FIR03577,Domestic Violence,Indiranagar,12.974466,77.641619,2026-06-30,16:10:48,Medium,Open,49,Male
FIR03578,Drug Offense,Indiranagar,12.97711,77.638322,2024-08-19,18:29:03,Medium,Closed,40,Other
FIR03579,Robbery,HSR Layout,12.906705,77.644459,2026-01-13,02:54:58,High,Under Investigation,66,Female
FIR03580,Assault,Marathahalli,12.963608,77.693218,2025-04-08,13:21:22,Medium,Under Investigation,38,Male
FIR03581,Robbery,Indiranagar,12.979065,77.645454,2026-02-05,05:40:43,High,Open,51,Other
FIR03582,Robbery,Electronic City,12.836031,77.680853,2025-08-10,06:38:54,High,Closed,28,Other
FIR03583,Cyber Crime,Jayanagar,12.920869,77.591723,2026-03-27,05:49:05,Medium,Open,39,Female
FIR03584,Drug Offense,Banashankari,12.91524,77.570404,2026-01-06,23:41:40,Medium,Open,18,Other
FIR03585,Vehicle Theft,Jayanagar,12.926737,77.598626,2024-09-17,07:46:59,Low,Under Investigation,67,Other
FIR03586,Theft,Indiranagar,12.975603,77.640385,2025-07-02,06:05:37,Low,Closed,29,Other
FIR03587,Cyber Crime,Koramangala,12.933973,77.620522,2025-08-28,16:17:13,Medium,Closed,23,Female
FIR03588,Theft,Marathahalli,12.956671,77.70127,2024-11-09,05:31:58,Low,Closed,58,Male
FIR03589,Cyber Crime,BTM Layout,12.920337,77.610599,2024-10-06,00:58:08,Medium,Closed,67,Other
FIR03590,Cyber Crime,Jayanagar,12.924308,77.588942,2025-10-11,12:44:13,Medium,Under Investigation,59,Male
FIR03591,Cyber Crime,Whitefield,12.966664,77.753729,2026-02-24,00:45:02,Medium,Closed,39,Male
FIR03592,Robbery,BTM Layout,12.916047,77.606053,2025-08-01,14:44:34,High,Under Investigation,61,Male
FIR03593,Theft,HSR Layout,12.915494,77.643891,2026-04-22,18:41:44,Low,Open,44,Male
FIR03594,Vehicle Theft,Yelahanka,13.096556,77.592776,2025-01-16,09:04:13,Low,Open,18,Male
FIR03595,Murder,HSR Layout,12.913935,77.65159,2024-11-13,06:37:24,High,Closed,41,Female
FIR03596,Assault,MG Road,12.97465,77.606891,2026-02-13,16:14:31,Medium,Under Investigation,61,Female
FIR03597,Kidnapping,BTM Layout,12.919004,77.606757,2026-05-27,21:08:09,High,Closed,44,Male
FIR03598,Domestic Violence,MG Road,12.980148,77.606372,2025-12-05,16:10:40,Medium,Under Investigation,67,Male
FIR03599,Assault,Whitefield,12.97224,77.750101,2026-05-10,05:12:23,Medium,Under Investigation,44,Female
FIR03600,Kidnapping,Malleshwaram,12.999204,77.57164,2025-02-17,13:06:52,High,Open,48,Female
FIR03601,Theft,Koramangala,12.931085,77.624471,2025-11-04,18:45:19,Low,Open,63,Male
FIR03602,Drug Offense,Electronic City,12.835562,77.681869,2026-04-17,15:43:57,Medium,Closed,64,Male
FIR03603,Vehicle Theft,Malleshwaram,13.001793,77.566758,2025-07-28,11:59:13,Low,Closed,18,Male
FIR03604,Vehicle Theft,Bellandur,12.926001,77.679408,2025-12-12,04:55:04,Low,Open,48,Male
FIR03605,Cyber Crime,Yelahanka,13.10224,77.596283,2025-10-20,20:50:15,Medium,Open,50,Male
FIR03606,Murder,Electronic City,12.83796,77.674449,2025-08-21,21:33:02,High,Closed,41,Male
FIR03607,Robbery,Indiranagar,12.982606,77.643302,2026-06-27,13:36:45,High,Under Investigation,70,Other
FIR03608,Kidnapping,Electronic City,12.840694,77.680435,2025-06-04,06:02:05,High,Closed,18,Other
FIR03609,Domestic Violence,Rajajinagar,12.996263,77.552094,2026-06-05,14:50:17,Medium,Closed,44,Male
FIR03610,Assault,Hebbal,13.033881,77.594124,2025-10-22,23:06:00,Medium,Closed,66,Other
FIR03611,Fraud,Banashankari,12.914009,77.578078,2026-01-31,16:25:28,Medium,Open,49,Male
FIR03612,Cyber Crime,Bellandur,12.926187,77.673919,2025-11-30,05:06:57,Medium,Closed,56,Male
FIR03613,Murder,Malleshwaram,13.002437,77.568372,2025-01-24,03:38:31,High,Open,60,Female
FIR03614,Theft,Marathahalli,12.961171,77.693704,2024-12-18,05:05:08,Low,Open,48,Other
FIR03615,Drug Offense,Banashankari,12.923045,77.569944,2026-05-30,15:28:10,Medium,Open,49,Other
FIR03616,Domestic Violence,Koramangala,12.931297,77.621463,2026-02-17,12:09:38,Medium,Under Investigation,24,Male
FIR03617,Assault,Malleshwaram,13.003906,77.56884,2025-02-28,13:33:47,Medium,Closed,50,Female
FIR03618,Fraud,HSR Layout,12.913756,77.65084,2025-12-09,08:53:30,Medium,Open,50,Other
FIR03619,Drug Offense,Hebbal,13.032809,77.599729,2025-02-24,18:20:27,Medium,Open,68,Other
FIR03620,Assault,Malleshwaram,13.006566,77.567082,2026-05-13,18:17:14,Medium,Open,51,Other
FIR03621,Murder,Yelahanka,13.101491,77.598045,2026-03-20,04:53:50,High,Closed,53,Female
FIR03622,Murder,Marathahalli,12.95921,77.701469,2025-10-20,07:27:55,High,Open,23,Male
FIR03623,Domestic Violence,Electronic City,12.840718,77.674292,2026-02-03,13:57:58,Medium,Under Investigation,53,Female
FIR03624,Fraud,Malleshwaram,13.007226,77.568553,2024-09-03,08:35:40,Medium,Closed,56,Male
FIR03625,Theft,MG Road,12.972491,77.603118,2024-10-09,02:14:56,Low,Closed,48,Female
FIR03626,Assault,MG Road,12.973416,77.608256,2024-10-02,01:18:23,Medium,Open,19,Other
FIR03627,Robbery,Jayanagar,12.929793,77.594831,2024-08-28,08:13:58,High,Open,64,Female
FIR03628,Domestic Violence,Banashankari,12.915201,77.571383,2024-08-26,08:13:14,Medium,Open,55,Female
FIR03629,Robbery,Whitefield,12.968344,77.753852,2026-04-30,23:11:17,High,Open,32,Female
FIR03630,Drug Offense,Indiranagar,12.983198,77.638871,2026-04-27,16:20:13,Medium,Under Investigation,54,Female
FIR03631,Theft,Bellandur,12.92481,77.672018,2024-08-02,10:45:34,Low,Open,34,Other
FIR03632,Robbery,HSR Layout,12.911507,77.648076,2026-05-19,00:20:41,High,Under Investigation,50,Female
FIR03633,Domestic Violence,Marathahalli,12.957487,77.69485,2026-05-11,19:17:40,Medium,Under Investigation,67,Other
FIR03634,Theft,Banashankari,12.921378,77.576445,2024-10-11,22:56:01,Low,Under Investigation,46,Female
FIR03635,Murder,Rajajinagar,12.995409,77.557848,2025-03-02,04:18:52,High,Open,58,Female
FIR03636,Fraud,BTM Layout,12.918107,77.605203,2025-03-22,23:28:31,Medium,Under Investigation,18,Other
FIR03637,Cyber Crime,BTM Layout,12.913993,77.606325,2025-11-11,17:53:48,Medium,Closed,60,Other
FIR03638,Murder,BTM Layout,12.911731,77.606259,2025-06-16,20:48:34,High,Under Investigation,19,Male
FIR03639,Theft,Malleshwaram,13.005635,77.572265,2025-10-19,14:18:22,Low,Closed,44,Female
FIR03640,Robbery,Koramangala,12.932569,77.621467,2024-08-29,15:26:53,High,Closed,41,Other
FIR03641,Vehicle Theft,Hebbal,13.039043,77.594946,2024-11-16,07:26:48,Low,Closed,51,Other
FIR03642,Vehicle Theft,Whitefield,12.973441,77.749492,2025-08-02,19:43:25,Low,Under Investigation,44,Female
FIR03643,Vehicle Theft,Banashankari,12.917106,77.576636,2025-08-12,20:04:34,Low,Closed,59,Male
FIR03644,Vehicle Theft,Whitefield,12.96586,77.746992,2025-02-13,06:30:45,Low,Closed,27,Male
FIR03645,Assault,Hebbal,13.035711,77.597952,2025-10-05,11:45:03,Medium,Under Investigation,52,Other
FIR03646,Murder,Whitefield,12.966882,77.747492,2026-03-25,13:34:23,High,Under Investigation,42,Female
FIR03647,Domestic Violence,Electronic City,12.836718,77.681781,2025-01-18,09:44:05,Medium,Closed,59,Female
FIR03648,Fraud,Malleshwaram,13.003099,77.566702,2025-09-06,23:56:22,Medium,Closed,23,Male
FIR03649,Assault,Koramangala,12.931275,77.621602,2026-06-02,23:03:48,Medium,Under Investigation,65,Male
FIR03650,Domestic Violence,Jayanagar,12.926905,77.594349,2025-02-28,21:11:42,Medium,Open,47,Male
FIR03651,Robbery,Marathahalli,12.955729,77.697969,2026-06-21,08:24:29,High,Under Investigation,56,Female
FIR03652,Robbery,Jayanagar,12.929554,77.597882,2025-06-01,04:19:49,High,Under Investigation,36,Male
FIR03653,Robbery,Whitefield,12.974125,77.746825,2026-06-14,23:47:10,High,Under Investigation,42,Female
FIR03654,Assault,Malleshwaram,13.002816,77.57016,2024-10-28,14:29:51,Medium,Open,28,Female
FIR03655,Fraud,HSR Layout,12.907214,77.64828,2025-02-01,18:49:58,Medium,Under Investigation,21,Male
FIR03656,Theft,Koramangala,12.931912,77.623825,2025-06-29,20:16:31,Low,Closed,49,Male
FIR03657,Vehicle Theft,Whitefield,12.970717,77.75012,2026-06-29,00:24:56,Low,Closed,63,Male
FIR03658,Vehicle Theft,Jayanagar,12.923446,77.596472,2026-02-10,04:10:34,Low,Open,58,Male
FIR03659,Domestic Violence,Banashankari,12.919797,77.571774,2025-10-31,22:35:04,Medium,Under Investigation,65,Female
FIR03660,Cyber Crime,HSR Layout,12.91322,77.647104,2025-07-16,15:43:52,Medium,Under Investigation,28,Female
FIR03661,Assault,Hebbal,13.033031,77.59374,2024-08-03,06:16:44,Medium,Closed,70,Male
FIR03662,Cyber Crime,MG Road,12.971255,77.603796,2025-06-20,02:45:31,Medium,Closed,67,Female
FIR03663,Drug Offense,Malleshwaram,13.000866,77.569922,2025-05-23,22:05:28,Medium,Open,57,Female
FIR03664,Kidnapping,HSR Layout,12.909384,77.646372,2024-11-01,22:22:44,High,Open,62,Female
FIR03665,Vehicle Theft,Hebbal,13.037937,77.596677,2025-01-26,02:49:19,Low,Closed,59,Female
FIR03666,Murder,Marathahalli,12.963259,77.693436,2026-01-21,20:24:40,High,Under Investigation,51,Other
FIR03667,Theft,BTM Layout,12.919225,77.612613,2026-04-07,06:03:11,Low,Under Investigation,65,Other
FIR03668,Murder,Hebbal,13.031038,77.597826,2026-02-06,10:59:48,High,Under Investigation,56,Female
FIR03669,Robbery,Jayanagar,12.923132,77.595332,2025-04-13,02:51:29,High,Under Investigation,27,Other
FIR03670,Kidnapping,MG Road,12.975687,77.609366,2026-05-13,16:50:19,High,Open,24,Other
FIR03671,Murder,Hebbal,13.039402,77.593257,2024-11-08,10:55:42,High,Open,38,Male
FIR03672,Vehicle Theft,Indiranagar,12.977232,77.644063,2026-03-28,23:03:01,Low,Under Investigation,30,Male
FIR03673,Robbery,Whitefield,12.971246,77.751223,2026-02-06,19:19:47,High,Under Investigation,63,Male
FIR03674,Kidnapping,Whitefield,12.973871,77.749637,2025-11-07,11:51:09,High,Closed,26,Other
FIR03675,Murder,Indiranagar,12.976653,77.643862,2024-12-27,14:36:33,High,Closed,59,Other
FIR03676,Cyber Crime,Marathahalli,12.957492,77.694221,2026-04-18,12:28:31,Medium,Under Investigation,44,Female
FIR03677,Vehicle Theft,Indiranagar,12.980756,77.644641,2025-05-28,10:11:15,Low,Under Investigation,62,Other
FIR03678,Murder,Banashankari,12.918374,77.576166,2024-10-04,11:43:59,High,Closed,32,Female
FIR03679,Domestic Violence,Jayanagar,12.922886,77.595793,2026-05-09,10:05:05,Medium,Open,53,Male
FIR03680,Fraud,Yelahanka,13.105157,77.597123,2026-06-02,07:20:24,Medium,Closed,58,Male
FIR03681,Assault,Hebbal,13.038341,77.592183,2024-12-24,04:30:50,Medium,Under Investigation,24,Other
FIR03682,Cyber Crime,Yelahanka,13.100075,77.593062,2025-01-14,15:37:33,Medium,Open,64,Female
FIR03683,Kidnapping,Electronic City,12.843502,77.674619,2025-01-27,09:06:55,High,Open,35,Male
FIR03684,Kidnapping,Koramangala,12.932115,77.625495,2024-11-05,16:41:32,High,Closed,38,Male
FIR03685,Murder,MG Road,12.979871,77.604076,2025-06-10,13:57:06,High,Under Investigation,25,Female
FIR03686,Murder,Electronic City,12.83976,77.679633,2024-11-24,07:10:51,High,Under Investigation,58,Other
FIR03687,Fraud,Indiranagar,12.974803,77.641162,2025-04-17,02:10:36,Medium,Closed,20,Male
FIR03688,Domestic Violence,HSR Layout,12.909194,77.644159,2025-01-23,08:19:39,Medium,Under Investigation,29,Other
FIR03689,Cyber Crime,Indiranagar,12.98005,77.637204,2026-06-18,18:06:32,Medium,Open,52,Other
FIR03690,Murder,BTM Layout,12.914449,77.611308,2025-09-20,05:00:00,High,Under Investigation,31,Other
FIR03691,Robbery,Whitefield,12.971604,77.748718,2026-06-21,12:52:41,High,Closed,35,Male
FIR03692,Robbery,Banashankari,12.918962,77.57107,2025-07-20,01:12:22,High,Under Investigation,28,Female
FIR03693,Kidnapping,Koramangala,12.933045,77.624746,2024-08-10,15:46:47,High,Under Investigation,36,Male
FIR03694,Cyber Crime,Electronic City,12.838565,77.674832,2026-04-05,11:30:33,Medium,Open,68,Other
FIR03695,Assault,Jayanagar,12.922275,77.592587,2025-07-03,21:11:39,Medium,Closed,61,Male
FIR03696,Murder,Yelahanka,13.104785,77.600649,2025-01-05,14:11:01,High,Open,50,Female
FIR03697,Assault,Malleshwaram,13.000608,77.569708,2025-03-19,14:29:20,Medium,Closed,49,Male
FIR03698,Kidnapping,Koramangala,12.938826,77.628522,2024-11-08,06:13:02,High,Open,56,Male
FIR03699,Drug Offense,BTM Layout,12.91251,77.613313,2025-05-16,14:43:10,Medium,Closed,30,Other
FIR03700,Vehicle Theft,HSR Layout,12.915887,77.648045,2026-06-22,18:22:23,Low,Open,53,Male
FIR03701,Drug Offense,Yelahanka,13.099526,77.595054,2024-12-19,07:08:27,Medium,Under Investigation,61,Male
FIR03702,Drug Offense,Whitefield,12.965244,77.747151,2025-05-26,04:17:28,Medium,Open,59,Female
FIR03703,Murder,Banashankari,12.921508,77.571714,2026-06-04,22:50:24,High,Closed,64,Other
FIR03704,Fraud,Jayanagar,12.927097,77.589093,2026-07-22,10:41:00,Medium,Closed,34,Female
FIR03705,Theft,Electronic City,12.839923,77.673438,2025-06-30,15:50:38,Low,Under Investigation,58,Female
FIR03706,Fraud,Rajajinagar,12.988278,77.556219,2026-03-13,03:29:13,Medium,Open,55,Female
FIR03707,Drug Offense,Electronic City,12.835605,77.680955,2026-01-10,11:17:17,Medium,Closed,53,Female
FIR03708,Fraud,HSR Layout,12.914769,77.650868,2025-12-29,13:00:16,Medium,Open,23,Female
FIR03709,Fraud,Indiranagar,12.974828,77.644603,2026-06-21,18:41:12,Medium,Under Investigation,36,Other
FIR03710,Cyber Crime,Rajajinagar,12.992114,77.554271,2026-02-22,03:44:18,Medium,Open,38,Female
FIR03711,Drug Offense,Jayanagar,12.92916,77.589575,2025-07-26,10:23:08,Medium,Closed,39,Female
FIR03712,Robbery,Marathahalli,12.962698,77.701812,2025-01-29,07:52:42,High,Under Investigation,44,Male
FIR03713,Domestic Violence,HSR Layout,12.908322,77.645289,2025-07-31,20:55:35,Medium,Open,52,Female
FIR03714,Assault,Electronic City,12.841317,77.678678,2024-12-31,08:10:35,Medium,Closed,18,Female
FIR03715,Murder,Banashankari,12.921135,77.574767,2025-07-21,19:14:51,High,Closed,22,Male
FIR03716,Assault,Marathahalli,12.955105,77.700919,2024-10-06,07:45:25,Medium,Closed,26,Male
FIR03717,Theft,Banashankari,12.922245,77.570748,2026-05-31,11:57:09,Low,Open,46,Other
FIR03718,Assault,Whitefield,12.965293,77.745706,2025-02-24,02:31:51,Medium,Under Investigation,51,Other
FIR03719,Assault,HSR Layout,12.914255,77.645591,2026-04-26,19:07:11,Medium,Under Investigation,37,Male
FIR03720,Robbery,Banashankari,12.917486,77.572263,2025-07-25,01:58:04,High,Open,25,Other
FIR03721,Domestic Violence,HSR Layout,12.915453,77.649092,2025-09-20,21:50:12,Medium,Open,26,Male
FIR03722,Drug Offense,Electronic City,12.842259,77.675905,2025-09-27,11:53:24,Medium,Closed,35,Male
FIR03723,Domestic Violence,Marathahalli,12.959723,77.697631,2024-11-25,20:24:30,Medium,Open,68,Male
FIR03724,Vehicle Theft,Koramangala,12.933263,77.628472,2024-12-07,16:57:06,Low,Under Investigation,64,Male
FIR03725,Vehicle Theft,BTM Layout,12.920219,77.608878,2025-06-13,23:08:13,Low,Closed,56,Male
FIR03726,Cyber Crime,BTM Layout,12.918913,77.606262,2025-12-04,09:17:57,Medium,Closed,59,Male
FIR03727,Theft,Banashankari,12.921758,77.578443,2026-06-23,07:09:16,Low,Open,24,Male
FIR03728,Assault,Koramangala,12.932377,77.622895,2025-03-02,16:55:46,Medium,Under Investigation,46,Female
FIR03729,Murder,Koramangala,12.932702,77.623929,2026-04-19,01:14:05,High,Under Investigation,41,Male
FIR03730,Murder,Whitefield,12.972769,77.754357,2025-04-21,20:39:05,High,Open,70,Male
FIR03731,Drug Offense,Jayanagar,12.927127,77.59752,2026-06-16,01:37:11,Medium,Under Investigation,51,Male
FIR03732,Fraud,HSR Layout,12.908176,77.649371,2026-04-19,16:37:59,Medium,Open,60,Other
FIR03733,Vehicle Theft,BTM Layout,12.916759,77.614532,2025-06-18,10:57:49,Low,Under Investigation,59,Male
FIR03734,Kidnapping,MG Road,12.977393,77.601906,2024-10-30,17:10:21,High,Open,57,Female
FIR03735,Assault,Banashankari,12.91995,77.577174,2024-07-28,21:11:00,Medium,Open,49,Other
FIR03736,Assault,Marathahalli,12.956873,77.698075,2026-07-04,03:57:03,Medium,Closed,55,Female
FIR03737,Vehicle Theft,Yelahanka,13.099778,77.592419,2026-02-04,01:42:56,Low,Closed,67,Male
FIR03738,Assault,Malleshwaram,13.00547,77.572556,2025-03-11,11:34:52,Medium,Closed,21,Male
FIR03739,Fraud,MG Road,12.976734,77.604505,2026-02-25,23:21:28,Medium,Open,65,Male
FIR03740,Assault,Malleshwaram,13.00554,77.575398,2025-04-03,01:06:56,Medium,Open,28,Other
FIR03741,Robbery,Jayanagar,12.929741,77.589652,2026-03-07,15:55:11,High,Closed,40,Female
FIR03742,Kidnapping,Malleshwaram,13.00296,77.572061,2025-06-27,21:14:47,High,Closed,27,Other
FIR03743,Vehicle Theft,Whitefield,12.969592,77.75148,2024-08-04,01:28:19,Low,Open,57,Female
FIR03744,Murder,Koramangala,12.936171,77.620458,2025-05-23,00:30:22,High,Under Investigation,36,Female
FIR03745,Robbery,Indiranagar,12.974053,77.640517,2025-07-20,06:28:45,High,Closed,36,Other
FIR03746,Murder,Bellandur,12.932618,77.675117,2026-02-01,02:15:46,High,Closed,28,Other
FIR03747,Vehicle Theft,BTM Layout,12.920349,77.613189,2025-02-19,18:27:49,Low,Closed,51,Male
FIR03748,Kidnapping,Malleshwaram,13.008149,77.567841,2025-06-28,05:49:12,High,Open,46,Male
FIR03749,Murder,Banashankari,12.91376,77.569665,2026-03-04,15:03:26,High,Open,28,Male
FIR03750,Murder,Bellandur,12.923739,77.673091,2026-05-10,19:41:53,High,Open,46,Other
FIR03751,Assault,Hebbal,13.032639,77.600965,2025-08-10,10:30:51,Medium,Closed,19,Male
FIR03752,Murder,Marathahalli,12.96303,77.697652,2024-09-20,22:23:41,High,Open,50,Male
FIR03753,Kidnapping,Electronic City,12.840993,77.67739,2025-06-08,05:05:38,High,Under Investigation,30,Male
FIR03754,Domestic Violence,Electronic City,12.835655,77.680531,2024-10-10,20:31:45,Medium,Closed,24,Female
FIR03755,Theft,Indiranagar,12.980238,77.644752,2026-07-02,03:33:58,Low,Open,56,Male
FIR03756,Fraud,Banashankari,12.923014,77.574721,2026-03-20,00:41:31,Medium,Open,33,Male
FIR03757,Drug Offense,HSR Layout,12.909208,77.644944,2026-02-12,18:15:34,Medium,Open,66,Male
FIR03758,Drug Offense,Rajajinagar,12.994908,77.559234,2026-01-02,15:19:10,Medium,Closed,41,Other
FIR03759,Kidnapping,MG Road,12.977114,77.608616,2026-05-16,13:32:37,High,Under Investigation,36,Other
FIR03760,Cyber Crime,Malleshwaram,13.000952,77.56763,2024-08-23,18:52:43,Medium,Closed,67,Male
FIR03761,Robbery,HSR Layout,12.91164,77.651694,2024-08-18,17:01:34,High,Closed,25,Female
FIR03762,Cyber Crime,HSR Layout,12.910606,77.648829,2025-05-14,05:28:23,Medium,Closed,34,Female
FIR03763,Fraud,Marathahalli,12.956863,77.698319,2026-04-03,10:59:55,Medium,Open,46,Female
FIR03764,Domestic Violence,Bellandur,12.927394,77.675783,2024-10-04,07:32:34,Medium,Closed,30,Female
FIR03765,Vehicle Theft,Jayanagar,12.920754,77.595243,2024-10-26,23:04:45,Low,Closed,18,Male
FIR03766,Kidnapping,Indiranagar,12.9758,77.643271,2026-05-22,03:50:08,High,Open,20,Female
FIR03767,Vehicle Theft,Rajajinagar,12.995907,77.557938,2025-07-09,16:47:14,Low,Closed,63,Female
FIR03768,Cyber Crime,Malleshwaram,13.003527,77.573386,2024-09-25,21:24:10,Medium,Open,22,Male
FIR03769,Domestic Violence,Bellandur,12.928155,77.677059,2025-12-04,01:12:02,Medium,Under Investigation,33,Female
FIR03770,Drug Offense,Hebbal,13.038894,77.597511,2026-05-25,00:54:51,Medium,Under Investigation,69,Female
FIR03771,Theft,Jayanagar,12.927362,77.589649,2026-05-26,00:29:50,Low,Under Investigation,18,Male
FIR03772,Vehicle Theft,Bellandur,12.925617,77.672347,2025-09-04,11:35:08,Low,Closed,19,Female
FIR03773,Robbery,Hebbal,13.033344,77.593892,2025-12-18,05:28:35,High,Closed,44,Other
FIR03774,Domestic Violence,Bellandur,12.929746,77.671499,2025-11-22,04:26:14,Medium,Closed,42,Other
FIR03775,Kidnapping,Bellandur,12.923124,77.673097,2024-08-31,04:21:23,High,Closed,37,Male
FIR03776,Murder,Indiranagar,12.975228,77.63804,2025-03-25,06:06:41,High,Open,33,Female
FIR03777,Theft,Malleshwaram,13.000026,77.571061,2025-02-24,22:05:24,Low,Open,38,Male
FIR03778,Vehicle Theft,Marathahalli,12.954378,77.692927,2026-04-05,06:59:06,Low,Closed,57,Other
FIR03779,Domestic Violence,Marathahalli,12.958958,77.700901,2025-12-31,16:06:31,Medium,Open,26,Other
FIR03780,Drug Offense,Banashankari,12.916574,77.575545,2025-07-08,00:04:34,Medium,Closed,57,Female
FIR03781,Cyber Crime,Bellandur,12.931701,77.681063,2026-02-05,23:05:49,Medium,Closed,70,Female
FIR03782,Theft,MG Road,12.970949,77.6041,2025-01-20,21:50:08,Low,Under Investigation,65,Other
FIR03783,Fraud,Banashankari,12.914096,77.575898,2024-10-06,00:46:36,Medium,Open,20,Female
FIR03784,Vehicle Theft,Electronic City,12.836124,77.680695,2025-08-24,09:35:13,Low,Closed,43,Other
FIR03785,Fraud,Indiranagar,12.980221,77.64022,2025-02-28,20:55:27,Medium,Under Investigation,31,Male
FIR03786,Assault,Banashankari,12.915775,77.576045,2026-02-13,13:33:05,Medium,Under Investigation,50,Other
FIR03787,Murder,Malleshwaram,13.001577,77.570008,2024-10-29,09:44:57,High,Open,43,Other
FIR03788,Assault,Hebbal,13.031915,77.600416,2025-04-22,11:16:46,Medium,Open,53,Male
FIR03789,Murder,Hebbal,13.036392,77.595841,2025-06-23,12:46:37,High,Open,37,Other
FIR03790,Drug Offense,Marathahalli,12.955222,77.698955,2024-11-12,03:11:34,Medium,Open,44,Female
FIR03791,Assault,Bellandur,12.932711,77.679629,2025-06-21,07:13:15,Medium,Closed,36,Other
FIR03792,Theft,Jayanagar,12.924958,77.590684,2025-03-13,21:43:22,Low,Open,42,Male
FIR03793,Fraud,MG Road,12.975377,77.609872,2026-06-26,20:21:19,Medium,Open,18,Female
FIR03794,Theft,HSR Layout,12.910572,77.646161,2026-05-21,13:42:38,Low,Under Investigation,55,Female
FIR03795,Robbery,Bellandur,12.924402,77.677741,2025-06-08,08:23:03,High,Under Investigation,45,Male
FIR03796,Domestic Violence,Banashankari,12.913703,77.571056,2026-03-06,14:00:14,Medium,Under Investigation,68,Male
FIR03797,Kidnapping,Jayanagar,12.922939,77.59591,2026-06-23,18:56:28,High,Open,32,Female
FIR03798,Murder,Rajajinagar,12.99191,77.550241,2026-06-28,17:15:54,High,Under Investigation,43,Male
FIR03799,Drug Offense,BTM Layout,12.913729,77.612586,2026-07-22,22:01:10,Medium,Open,52,Other
FIR03800,Murder,Koramangala,12.932203,77.625401,2026-05-31,04:19:06,High,Closed,48,Male
FIR03801,Kidnapping,Koramangala,12.930615,77.621895,2026-07-05,03:23:08,High,Closed,21,Female
FIR03802,Domestic Violence,Bellandur,12.930046,77.678768,2024-09-08,13:07:18,Medium,Closed,22,Other
FIR03803,Assault,Whitefield,12.968431,77.744965,2026-03-27,23:52:43,Medium,Open,55,Male
FIR03804,Cyber Crime,Hebbal,13.032987,77.594886,2024-11-10,21:17:19,Medium,Under Investigation,67,Female
FIR03805,Drug Offense,Bellandur,12.924121,77.679981,2026-07-11,06:15:57,Medium,Closed,70,Other
FIR03806,Cyber Crime,Jayanagar,12.924777,77.59433,2025-03-08,01:20:14,Medium,Open,40,Other
FIR03807,Vehicle Theft,Malleshwaram,12.998628,77.566482,2025-07-02,15:42:01,Low,Open,28,Female
FIR03808,Vehicle Theft,BTM Layout,12.913745,77.613395,2025-07-10,05:43:53,Low,Closed,39,Other
FIR03809,Cyber Crime,MG Road,12.977896,77.602059,2024-11-28,04:41:24,Medium,Closed,69,Other
FIR03810,Domestic Violence,Marathahalli,12.955385,77.695365,2024-08-09,06:15:45,Medium,Closed,39,Other
FIR03811,Vehicle Theft,Electronic City,12.844348,77.67644,2024-10-08,16:42:36,Low,Under Investigation,49,Other
FIR03812,Assault,BTM Layout,12.912918,77.611889,2024-10-07,10:01:51,Medium,Under Investigation,55,Female
FIR03813,Domestic Violence,BTM Layout,12.917819,77.605265,2025-07-13,10:40:46,Medium,Under Investigation,50,Female
FIR03814,Robbery,HSR Layout,12.910987,77.649106,2026-02-03,10:40:11,High,Open,63,Female
FIR03815,Fraud,Hebbal,13.034291,77.599733,2025-01-29,13:15:06,Medium,Closed,29,Other
FIR03816,Cyber Crime,Rajajinagar,12.988245,77.55795,2025-12-25,23:37:40,Medium,Open,68,Other
FIR03817,Cyber Crime,HSR Layout,12.907094,77.64911,2026-01-23,09:11:06,Medium,Under Investigation,45,Other
FIR03818,Kidnapping,Hebbal,13.033433,77.59437,2025-03-06,01:40:08,High,Open,26,Male
FIR03819,Drug Offense,Koramangala,12.934033,77.625642,2026-02-28,11:54:59,Medium,Closed,42,Male
FIR03820,Robbery,Marathahalli,12.959256,77.695902,2024-08-17,20:13:04,High,Closed,29,Other
FIR03821,Domestic Violence,Bellandur,12.931962,77.675169,2026-01-31,18:02:08,Medium,Closed,43,Other
FIR03822,Cyber Crime,Malleshwaram,13.004965,77.567645,2026-07-08,02:25:18,Medium,Under Investigation,48,Female
FIR03823,Assault,Rajajinagar,12.995693,77.551018,2024-12-23,12:20:29,Medium,Closed,52,Male
FIR03824,Assault,Jayanagar,12.922645,77.593296,2025-05-20,06:55:15,Medium,Closed,44,Other
FIR03825,Cyber Crime,Jayanagar,12.922551,77.592019,2026-07-14,05:06:36,Medium,Open,31,Female
FIR03826,Theft,Yelahanka,13.099557,77.600517,2024-12-28,16:23:40,Low,Under Investigation,18,Other
FIR03827,Robbery,Marathahalli,12.955705,77.693236,2025-12-12,09:10:59,High,Under Investigation,63,Female
FIR03828,Vehicle Theft,Jayanagar,12.926055,77.596807,2025-01-08,09:20:40,Low,Under Investigation,29,Male
FIR03829,Fraud,Banashankari,12.922042,77.577894,2025-10-18,16:46:08,Medium,Closed,41,Other
FIR03830,Domestic Violence,MG Road,12.975931,77.601419,2025-11-21,18:26:19,Medium,Closed,34,Other
FIR03831,Murder,Whitefield,12.968752,77.749645,2024-08-31,13:12:10,High,Open,62,Other
FIR03832,Assault,Electronic City,12.839325,77.673595,2024-09-11,10:03:33,Medium,Closed,67,Female
FIR03833,Domestic Violence,Yelahanka,13.095812,77.591727,2025-03-18,03:40:56,Medium,Under Investigation,22,Female
FIR03834,Robbery,Marathahalli,12.961317,77.693983,2026-02-05,20:45:57,High,Under Investigation,58,Other
FIR03835,Kidnapping,Marathahalli,12.963184,77.69365,2025-04-18,10:46:11,High,Closed,59,Female
FIR03836,Domestic Violence,Rajajinagar,12.992603,77.550142,2025-05-29,22:28:48,Medium,Under Investigation,57,Other
FIR03837,Cyber Crime,Bellandur,12.927924,77.673984,2025-12-11,16:03:09,Medium,Open,60,Other
FIR03838,Murder,Banashankari,12.920651,77.574205,2025-03-21,06:03:23,High,Open,20,Female
FIR03839,Domestic Violence,Malleshwaram,13.006499,77.572242,2025-12-12,22:45:47,Medium,Open,51,Male
FIR03840,Assault,Hebbal,13.040725,77.593839,2025-04-16,20:21:18,Medium,Closed,44,Male
FIR03841,Vehicle Theft,Koramangala,12.936038,77.628263,2026-07-09,05:34:43,Low,Under Investigation,51,Other
FIR03842,Cyber Crime,BTM Layout,12.919666,77.6072,2024-09-08,14:03:04,Medium,Open,38,Other
FIR03843,Drug Offense,Marathahalli,12.958322,77.69309,2025-08-06,23:09:45,Medium,Closed,27,Female
FIR03844,Kidnapping,Bellandur,12.925456,77.675275,2024-07-25,05:53:55,High,Closed,34,Female
FIR03845,Drug Offense,Whitefield,12.969716,77.75095,2025-06-05,12:53:58,Medium,Open,40,Female
FIR03846,Domestic Violence,Bellandur,12.924202,77.671817,2024-11-05,08:41:27,Medium,Closed,40,Male
FIR03847,Theft,Hebbal,13.035337,77.601132,2024-11-03,19:01:39,Low,Closed,25,Male
FIR03848,Vehicle Theft,MG Road,12.974969,77.608712,2025-04-05,17:59:58,Low,Open,68,Other
FIR03849,Robbery,Jayanagar,12.926381,77.592262,2024-11-25,04:08:57,High,Under Investigation,44,Female
FIR03850,Drug Offense,Koramangala,12.932209,77.629283,2024-11-26,07:57:59,Medium,Open,67,Male
FIR03851,Robbery,Jayanagar,12.925285,77.596411,2025-07-07,22:49:13,High,Open,61,Other
FIR03852,Robbery,MG Road,12.980575,77.606699,2026-02-05,09:03:04,High,Open,32,Female
FIR03853,Drug Offense,Rajajinagar,12.986877,77.55834,2025-09-27,07:03:15,Medium,Closed,53,Other
FIR03854,Assault,HSR Layout,12.909858,77.643934,2025-02-07,10:21:51,Medium,Closed,30,Female
FIR03855,Cyber Crime,Yelahanka,13.096533,77.591461,2026-03-26,12:46:26,Medium,Under Investigation,53,Female
FIR03856,Assault,Bellandur,12.925422,77.674663,2024-11-30,16:16:48,Medium,Under Investigation,49,Other
FIR03857,Vehicle Theft,Hebbal,13.040249,77.594199,2025-04-30,13:39:18,Low,Under Investigation,48,Male
FIR03858,Assault,HSR Layout,12.911151,77.649123,2026-06-06,20:37:14,Medium,Open,50,Female
FIR03859,Vehicle Theft,Hebbal,13.036583,77.595532,2025-04-13,19:50:36,Low,Under Investigation,58,Male
FIR03860,Drug Offense,Banashankari,12.919689,77.569979,2025-04-07,09:04:25,Medium,Under Investigation,69,Female
FIR03861,Murder,Whitefield,12.970892,77.745494,2024-09-20,15:13:47,High,Under Investigation,68,Other
FIR03862,Robbery,Whitefield,12.968759,77.749724,2026-03-31,13:38:02,High,Under Investigation,50,Male
FIR03863,Assault,Yelahanka,13.097554,77.595455,2025-05-13,01:53:14,Medium,Open,49,Female
FIR03864,Assault,Yelahanka,13.102284,77.594031,2025-09-01,16:18:31,Medium,Open,23,Other
FIR03865,Kidnapping,Yelahanka,13.097745,77.595525,2025-05-28,17:10:08,High,Open,37,Female
FIR03866,Cyber Crime,Whitefield,12.97476,77.747325,2026-04-03,05:02:13,Medium,Closed,21,Other
FIR03867,Theft,BTM Layout,12.914082,77.610554,2024-08-19,19:57:27,Low,Closed,66,Female
FIR03868,Kidnapping,Whitefield,12.96777,77.752097,2026-06-28,20:45:45,High,Under Investigation,35,Other
FIR03869,Fraud,Electronic City,12.844102,77.681353,2024-11-18,09:05:31,Medium,Open,48,Other
FIR03870,Domestic Violence,Koramangala,12.936603,77.623447,2024-11-16,21:11:37,Medium,Open,35,Other
FIR03871,Kidnapping,MG Road,12.971983,77.602891,2025-05-13,17:42:30,High,Under Investigation,35,Male
FIR03872,Fraud,Malleshwaram,13.004579,77.574687,2026-06-19,15:44:22,Medium,Closed,33,Male
FIR03873,Assault,Whitefield,12.971229,77.748536,2024-07-23,15:52:54,Medium,Open,37,Female
FIR03874,Murder,MG Road,12.973283,77.600389,2025-11-08,19:32:38,High,Under Investigation,38,Male
FIR03875,Domestic Violence,Malleshwaram,13.001771,77.571369,2025-12-01,16:18:39,Medium,Under Investigation,48,Male
FIR03876,Cyber Crime,Indiranagar,12.97503,77.642881,2026-02-22,14:01:16,Medium,Open,19,Male
FIR03877,Drug Offense,BTM Layout,12.915053,77.606087,2024-10-05,12:24:47,Medium,Under Investigation,47,Female
FIR03878,Domestic Violence,Marathahalli,12.958882,77.699467,2026-04-09,02:38:22,Medium,Under Investigation,43,Other
FIR03879,Robbery,Banashankari,12.918324,77.575942,2025-02-20,22:12:30,High,Closed,31,Male
FIR03880,Domestic Violence,Marathahalli,12.959117,77.700301,2024-10-04,02:40:52,Medium,Closed,32,Female
FIR03881,Robbery,Malleshwaram,13.004219,77.573284,2024-11-04,08:17:43,High,Under Investigation,43,Other
FIR03882,Vehicle Theft,Koramangala,12.934557,77.62795,2026-04-12,15:08:15,Low,Closed,66,Female
FIR03883,Cyber Crime,MG Road,12.973847,77.607666,2026-07-08,22:33:50,Medium,Under Investigation,18,Male
FIR03884,Assault,Koramangala,12.936624,77.622311,2024-12-10,17:07:14,Medium,Under Investigation,19,Other
FIR03885,Theft,HSR Layout,12.91506,77.652,2025-03-03,07:18:02,Low,Open,29,Female
FIR03886,Kidnapping,Bellandur,12.923327,77.674868,2025-11-22,03:02:38,High,Closed,34,Male
FIR03887,Assault,Yelahanka,13.105435,77.597527,2024-10-02,15:02:24,Medium,Under Investigation,42,Female
FIR03888,Fraud,Banashankari,12.915454,77.573188,2026-02-26,09:37:48,Medium,Under Investigation,26,Other
FIR03889,Drug Offense,Yelahanka,13.099915,77.593793,2024-11-15,09:21:37,Medium,Closed,60,Female
FIR03890,Theft,Banashankari,12.915895,77.572681,2025-03-06,13:31:46,Low,Under Investigation,69,Female
FIR03891,Drug Offense,BTM Layout,12.918671,77.608281,2026-06-18,09:32:29,Medium,Open,37,Male
FIR03892,Drug Offense,Yelahanka,13.095905,77.59374,2026-04-28,12:12:28,Medium,Under Investigation,29,Female
FIR03893,Vehicle Theft,Yelahanka,13.10188,77.597016,2025-06-01,05:46:29,Low,Open,46,Other
FIR03894,Murder,HSR Layout,12.915644,77.649893,2025-03-08,22:17:21,High,Open,27,Male
FIR03895,Cyber Crime,Jayanagar,12.92457,77.598747,2025-06-19,15:34:45,Medium,Under Investigation,50,Other
FIR03896,Drug Offense,Rajajinagar,12.992339,77.549917,2024-07-27,01:23:02,Medium,Under Investigation,32,Female
FIR03897,Fraud,Banashankari,12.920919,77.574258,2026-01-27,00:35:51,Medium,Under Investigation,52,Female
FIR03898,Assault,Yelahanka,13.101802,77.592999,2025-04-21,03:03:58,Medium,Under Investigation,40,Female
FIR03899,Assault,HSR Layout,12.914736,77.652344,2024-09-12,10:42:51,Medium,Under Investigation,29,Other
FIR03900,Fraud,Banashankari,12.921435,77.572041,2025-06-03,18:47:59,Medium,Closed,38,Other
FIR03901,Drug Offense,Indiranagar,12.977785,77.643845,2026-07-15,17:43:06,Medium,Closed,57,Female
FIR03902,Theft,Rajajinagar,12.991462,77.550308,2024-09-17,00:25:34,Low,Open,44,Other
FIR03903,Drug Offense,Electronic City,12.835227,77.674212,2025-09-18,23:58:54,Medium,Under Investigation,45,Other
FIR03904,Drug Offense,Malleshwaram,13.000583,77.571553,2025-02-19,16:54:59,Medium,Closed,35,Female
FIR03905,Fraud,Malleshwaram,12.998518,77.570554,2026-02-18,09:07:54,Medium,Closed,27,Male
FIR03906,Theft,Whitefield,12.969211,77.749331,2025-04-22,01:02:22,Low,Closed,60,Female
FIR03907,Assault,Banashankari,12.919428,77.571166,2025-10-24,23:05:09,Medium,Open,23,Other
FIR03908,Drug Offense,Jayanagar,12.928177,77.594823,2026-04-30,10:45:22,Medium,Under Investigation,44,Other
FIR03909,Kidnapping,Electronic City,12.839272,77.678485,2026-06-25,05:33:37,High,Closed,45,Female
FIR03910,Robbery,BTM Layout,12.912421,77.60989,2025-08-25,08:35:48,High,Open,24,Female
FIR03911,Domestic Violence,Jayanagar,12.926483,77.594109,2024-09-06,03:35:46,Medium,Closed,21,Male
FIR03912,Theft,Marathahalli,12.959134,77.696892,2026-06-10,02:11:41,Low,Under Investigation,21,Other
FIR03913,Vehicle Theft,Bellandur,12.928889,77.680904,2024-09-02,00:42:59,Low,Open,67,Male
FIR03914,Domestic Violence,Indiranagar,12.973927,77.636928,2025-11-19,16:53:50,Medium,Open,37,Other
FIR03915,Murder,MG Road,12.979992,77.600143,2025-10-01,08:57:55,High,Open,39,Other
FIR03916,Fraud,Rajajinagar,12.987479,77.556909,2025-05-23,05:09:47,Medium,Under Investigation,53,Male
FIR03917,Vehicle Theft,Indiranagar,12.976303,77.642948,2025-01-12,23:42:09,Low,Open,52,Male
FIR03918,Fraud,Electronic City,12.841148,77.672487,2024-11-12,14:10:26,Medium,Under Investigation,25,Male
FIR03919,Domestic Violence,Electronic City,12.839774,77.673912,2025-03-12,23:33:38,Medium,Under Investigation,19,Other
FIR03920,Fraud,Koramangala,12.934281,77.626763,2025-12-30,15:49:48,Medium,Closed,57,Female
FIR03921,Cyber Crime,Bellandur,12.926919,77.67931,2025-06-04,16:24:09,Medium,Under Investigation,63,Male
FIR03922,Vehicle Theft,Jayanagar,12.921853,77.589013,2026-07-15,08:47:12,Low,Under Investigation,65,Female
FIR03923,Murder,Hebbal,13.03168,77.600024,2025-05-12,20:26:30,High,Open,25,Other
FIR03924,Murder,Koramangala,12.931833,77.621928,2025-07-17,20:22:28,High,Closed,54,Male
FIR03925,Robbery,Malleshwaram,13.006193,77.568854,2025-03-26,10:16:55,High,Closed,21,Male
FIR03926,Theft,Jayanagar,12.928439,77.59864,2025-09-19,13:23:09,Low,Open,19,Female
FIR03927,Theft,Whitefield,12.973865,77.754725,2025-03-02,23:25:59,Low,Closed,48,Other
FIR03928,Assault,Koramangala,12.933424,77.626726,2025-08-24,18:36:52,Medium,Closed,47,Other
FIR03929,Murder,Indiranagar,12.98134,77.642364,2026-02-02,08:42:15,High,Under Investigation,34,Male
FIR03930,Drug Offense,Rajajinagar,12.988875,77.557703,2025-08-02,15:21:44,Medium,Closed,58,Male
FIR03931,Murder,MG Road,12.976106,77.60523,2026-02-11,16:58:57,High,Closed,60,Other
FIR03932,Murder,Rajajinagar,12.994832,77.555324,2026-03-29,14:13:16,High,Open,61,Other
FIR03933,Kidnapping,Rajajinagar,12.988098,77.550302,2026-04-24,07:42:01,High,Open,30,Other
FIR03934,Theft,Marathahalli,12.96145,77.695753,2026-03-13,19:46:47,Low,Under Investigation,44,Female
FIR03935,Cyber Crime,HSR Layout,12.910642,77.644473,2026-05-05,23:35:11,Medium,Closed,57,Other
FIR03936,Cyber Crime,Malleshwaram,13.007164,77.573818,2024-09-20,09:49:14,Medium,Under Investigation,40,Other
FIR03937,Kidnapping,Malleshwaram,13.0071,77.565873,2026-01-17,14:07:53,High,Under Investigation,47,Other
FIR03938,Kidnapping,Koramangala,12.93572,77.623292,2026-01-10,05:07:37,High,Under Investigation,46,Other
FIR03939,Murder,MG Road,12.978089,77.602196,2025-04-01,05:56:17,High,Open,35,Male
FIR03940,Murder,Koramangala,12.933484,77.623758,2025-02-09,21:03:17,High,Closed,21,Female
FIR03941,Fraud,Rajajinagar,12.994708,77.554911,2026-03-25,11:14:33,Medium,Under Investigation,56,Male
FIR03942,Cyber Crime,Jayanagar,12.923519,77.590432,2024-08-03,08:09:44,Medium,Under Investigation,35,Other
FIR03943,Cyber Crime,Yelahanka,13.099664,77.596202,2026-02-12,06:51:45,Medium,Open,37,Other
FIR03944,Robbery,HSR Layout,12.911501,77.643143,2026-03-30,01:24:40,High,Under Investigation,40,Female
FIR03945,Fraud,MG Road,12.970711,77.605282,2025-08-08,07:43:58,Medium,Under Investigation,36,Male
FIR03946,Domestic Violence,Whitefield,12.974698,77.745011,2025-12-22,18:16:40,Medium,Open,46,Male
FIR03947,Fraud,Banashankari,12.92227,77.572072,2025-09-21,04:18:47,Medium,Closed,53,Female
FIR03948,Assault,Banashankari,12.919386,77.574255,2025-09-09,14:55:12,Medium,Open,41,Female
FIR03949,Drug Offense,Hebbal,13.035355,77.599717,2024-08-26,10:53:47,Medium,Closed,20,Female
FIR03950,Assault,Yelahanka,13.103281,77.597964,2025-05-09,18:03:18,Medium,Under Investigation,40,Other
FIR03951,Vehicle Theft,BTM Layout,12.917377,77.60838,2025-06-17,16:01:45,Low,Closed,37,Male
FIR03952,Murder,Yelahanka,13.101115,77.597274,2025-02-04,04:58:38,High,Closed,65,Male
FIR03953,Domestic Violence,Jayanagar,12.926224,77.590702,2026-07-05,16:26:36,Medium,Closed,29,Other
FIR03954,Assault,Whitefield,12.970607,77.746117,2024-12-25,11:08:47,Medium,Open,53,Other
FIR03955,Vehicle Theft,Hebbal,13.031554,77.599736,2025-11-11,09:03:47,Low,Open,61,Other
FIR03956,Assault,Yelahanka,13.095915,77.592424,2025-03-02,05:00:24,Medium,Open,31,Male
FIR03957,Drug Offense,Yelahanka,13.101896,77.59626,2026-02-11,23:22:57,Medium,Closed,36,Female
FIR03958,Domestic Violence,MG Road,12.977701,77.605816,2025-06-15,10:11:17,Medium,Closed,65,Female
FIR03959,Murder,Marathahalli,12.959666,77.692824,2025-12-10,16:46:58,High,Closed,20,Other
FIR03960,Kidnapping,Whitefield,12.970466,77.747815,2026-05-16,15:06:04,High,Under Investigation,64,Female
FIR03961,Robbery,Jayanagar,12.920961,77.595701,2024-12-25,02:21:13,High,Under Investigation,41,Male
FIR03962,Vehicle Theft,BTM Layout,12.91466,77.605685,2025-06-09,17:36:58,Low,Under Investigation,56,Female
FIR03963,Kidnapping,Banashankari,12.919514,77.578292,2025-09-11,02:09:49,High,Open,24,Male
FIR03964,Assault,Electronic City,12.842589,77.679715,2024-08-13,15:40:26,Medium,Open,41,Other
FIR03965,Cyber Crime,Yelahanka,13.095789,77.594361,2026-05-23,05:22:01,Medium,Open,33,Other
FIR03966,Kidnapping,Banashankari,12.914946,77.575115,2025-02-27,11:26:04,High,Under Investigation,61,Female
FIR03967,Domestic Violence,MG Road,12.980388,77.60422,2024-09-06,21:34:43,Medium,Open,70,Female
FIR03968,Vehicle Theft,HSR Layout,12.908441,77.648055,2025-04-22,04:12:03,Low,Open,35,Other
FIR03969,Vehicle Theft,MG Road,12.980569,77.608661,2024-08-31,09:34:07,Low,Under Investigation,69,Male
FIR03970,Assault,Bellandur,12.930949,77.676213,2025-05-31,12:38:05,Medium,Under Investigation,19,Other
FIR03971,Theft,Bellandur,12.927174,77.671846,2025-12-13,11:28:34,Low,Open,62,Male
FIR03972,Cyber Crime,Jayanagar,12.926248,77.596046,2026-06-20,11:42:21,Medium,Under Investigation,20,Male
FIR03973,Robbery,Malleshwaram,13.007027,77.572896,2024-10-26,01:01:19,High,Under Investigation,70,Male
FIR03974,Vehicle Theft,Marathahalli,12.962466,77.697963,2024-09-19,17:57:08,Low,Under Investigation,31,Other
FIR03975,Kidnapping,Jayanagar,12.922446,77.598105,2025-07-27,00:00:41,High,Under Investigation,60,Other
FIR03976,Kidnapping,Rajajinagar,12.99328,77.557282,2025-05-19,18:35:05,High,Open,46,Male
FIR03977,Drug Offense,Yelahanka,13.096132,77.593889,2025-09-08,19:37:41,Medium,Under Investigation,27,Female
FIR03978,Murder,BTM Layout,12.919233,77.607629,2026-02-13,03:50:21,High,Closed,56,Other
FIR03979,Kidnapping,HSR Layout,12.916222,77.645309,2025-10-15,13:49:50,High,Open,28,Male
FIR03980,Drug Offense,Yelahanka,13.103164,77.598312,2026-05-02,04:49:37,Medium,Open,18,Other
FIR03981,Drug Offense,Hebbal,13.035086,77.597503,2024-09-19,16:01:43,Medium,Closed,58,Male
FIR03982,Murder,Yelahanka,13.100039,77.593797,2026-01-22,05:57:54,High,Closed,56,Male
FIR03983,Cyber Crime,Jayanagar,12.92118,77.590199,2025-02-25,05:24:34,Medium,Open,54,Male
FIR03984,Vehicle Theft,Hebbal,13.032652,77.60061,2025-10-16,09:47:00,Low,Closed,53,Female
FIR03985,Theft,HSR Layout,12.910964,77.652335,2025-10-08,15:15:49,Low,Under Investigation,44,Other
FIR03986,Vehicle Theft,HSR Layout,12.907303,77.64831,2025-08-15,19:15:51,Low,Closed,70,Male
FIR03987,Domestic Violence,HSR Layout,12.910533,77.648463,2025-03-30,06:52:02,Medium,Closed,36,Male
FIR03988,Murder,Bellandur,12.930303,77.672182,2025-03-08,11:14:17,High,Open,22,Other
FIR03989,Cyber Crime,Koramangala,12.936119,77.619529,2026-06-15,02:51:36,Medium,Under Investigation,54,Male
FIR03990,Murder,Hebbal,13.035032,77.593106,2025-03-26,18:06:37,High,Open,49,Female
FIR03991,Murder,Yelahanka,13.098004,77.59793,2024-08-30,01:39:25,High,Under Investigation,41,Female
FIR03992,Fraud,Malleshwaram,12.999458,77.565638,2024-08-06,01:50:13,Medium,Closed,62,Other
FIR03993,Vehicle Theft,Bellandur,12.925919,77.677925,2024-11-17,01:26:30,Low,Under Investigation,64,Female
FIR03994,Drug Offense,Marathahalli,12.960973,77.700324,2025-11-06,05:40:54,Medium,Closed,45,Other
FIR03995,Vehicle Theft,Jayanagar,12.926076,77.594625,2025-02-27,20:24:55,Low,Closed,21,Male
FIR03996,Drug Offense,Whitefield,12.969033,77.753799,2025-02-14,02:21:18,Medium,Under Investigation,25,Male
FIR03997,Drug Offense,Banashankari,12.91788,77.571136,2025-02-20,14:40:38,Medium,Under Investigation,25,Male
FIR03998,Drug Offense,Yelahanka,13.097784,77.591783,2026-04-09,08:03:49,Medium,Open,52,Male
FIR03999,Vehicle Theft,Rajajinagar,12.993132,77.558237,2026-03-11,15:02:31,Low,Under Investigation,70,Other
FIR04000,Cyber Crime,MG Road,12.976989,77.602494,2024-08-17,12:08:23,Medium,Open,19,Other
FIR04001,Domestic Violence,BTM Layout,12.913263,77.612659,2026-05-11,02:54:14,Medium,Under Investigation,57,Female
FIR04002,Kidnapping,Whitefield,12.970203,77.754203,2026-07-21,20:15:37,High,Under Investigation,52,Male
FIR04003,Domestic Violence,Hebbal,13.033845,77.595397,2025-08-19,18:00:53,Medium,Open,28,Male
FIR04004,Murder,BTM Layout,12.913391,77.608336,2026-04-19,08:12:16,High,Under Investigation,49,Other
FIR04005,Drug Offense,Malleshwaram,12.998689,77.568669,2025-02-25,21:10:15,Medium,Under Investigation,38,Male
FIR04006,Robbery,HSR Layout,12.909806,77.649141,2026-02-10,17:30:16,High,Closed,24,Other
FIR04007,Theft,Indiranagar,12.979641,77.641867,2026-06-16,09:32:26,Low,Under Investigation,26,Other
FIR04008,Cyber Crime,HSR Layout,12.909954,77.643329,2026-04-18,19:20:00,Medium,Open,60,Other
FIR04009,Vehicle Theft,HSR Layout,12.913504,77.645953,2025-01-16,06:41:25,Low,Closed,26,Female
FIR04010,Domestic Violence,BTM Layout,12.913262,77.61461,2025-09-07,14:07:34,Medium,Closed,23,Other
FIR04011,Cyber Crime,Bellandur,12.930434,77.676308,2026-07-12,12:20:08,Medium,Under Investigation,30,Male
FIR04012,Vehicle Theft,Hebbal,13.038328,77.597965,2025-11-06,13:00:37,Low,Under Investigation,32,Female
FIR04013,Assault,Banashankari,12.920095,77.574879,2025-05-22,13:00:29,Medium,Under Investigation,60,Male
FIR04014,Drug Offense,Yelahanka,13.096932,77.593806,2026-01-03,17:00:44,Medium,Open,39,Male
FIR04015,Kidnapping,Banashankari,12.919155,77.572316,2025-04-09,13:12:17,High,Under Investigation,54,Male
FIR04016,Fraud,Banashankari,12.91577,77.570247,2024-08-22,15:21:54,Medium,Open,24,Other
FIR04017,Domestic Violence,MG Road,12.970955,77.609509,2024-12-17,18:02:58,Medium,Under Investigation,57,Female
FIR04018,Kidnapping,Yelahanka,13.098265,77.591316,2024-10-26,19:46:54,High,Closed,41,Male
FIR04019,Cyber Crime,Rajajinagar,12.995973,77.554957,2025-06-01,11:30:36,Medium,Open,57,Other
FIR04020,Fraud,Hebbal,13.035185,77.597852,2026-02-13,05:25:52,Medium,Open,31,Other
FIR04021,Cyber Crime,Malleshwaram,13.00794,77.572847,2025-04-23,02:34:09,Medium,Under Investigation,64,Other
FIR04022,Cyber Crime,Yelahanka,13.102313,77.595735,2024-09-24,22:30:48,Medium,Open,19,Female
FIR04023,Domestic Violence,BTM Layout,12.912417,77.612013,2025-01-03,15:06:24,Medium,Open,42,Male
FIR04024,Murder,Marathahalli,12.958391,77.693433,2026-03-08,13:25:47,High,Under Investigation,63,Other
FIR04025,Vehicle Theft,Malleshwaram,13.00616,77.568529,2026-02-19,18:12:17,Low,Open,22,Other
FIR04026,Vehicle Theft,Koramangala,12.939288,77.62047,2025-03-11,13:40:38,Low,Open,55,Other
FIR04027,Domestic Violence,Koramangala,12.936963,77.626153,2024-12-15,17:01:19,Medium,Closed,36,Female
FIR04028,Domestic Violence,Hebbal,13.031465,77.593104,2025-10-11,11:18:02,Medium,Open,53,Female
FIR04029,Assault,HSR Layout,12.906717,77.646948,2025-01-20,21:42:32,Medium,Under Investigation,18,Male
FIR04030,Assault,Bellandur,12.925112,77.678601,2024-09-23,07:16:26,Medium,Under Investigation,68,Other
FIR04031,Cyber Crime,Banashankari,12.914307,77.570414,2025-08-01,12:14:49,Medium,Open,38,Female
FIR04032,Cyber Crime,Electronic City,12.844294,77.675019,2025-01-30,04:21:33,Medium,Open,63,Other
FIR04033,Assault,BTM Layout,12.913814,77.605348,2025-03-08,06:20:12,Medium,Open,41,Male
FIR04034,Theft,Whitefield,12.969364,77.75007,2024-10-11,19:34:54,Low,Under Investigation,34,Other
FIR04035,Theft,Indiranagar,12.981382,77.640254,2024-08-22,05:19:28,Low,Under Investigation,22,Other
FIR04036,Fraud,Electronic City,12.843202,77.678809,2024-08-10,02:52:55,Medium,Under Investigation,37,Other
FIR04037,Cyber Crime,Whitefield,12.969821,77.747666,2026-02-12,21:53:41,Medium,Open,52,Other
FIR04038,Drug Offense,BTM Layout,12.915951,77.613463,2024-09-22,22:28:10,Medium,Open,45,Female
FIR04039,Domestic Violence,Malleshwaram,13.006998,77.568698,2025-01-04,21:57:19,Medium,Closed,59,Male
FIR04040,Domestic Violence,Jayanagar,12.924199,77.590726,2026-02-20,09:11:55,Medium,Open,27,Female
FIR04041,Domestic Violence,Banashankari,12.915692,77.572116,2024-12-28,05:33:14,Medium,Under Investigation,21,Male
FIR04042,Robbery,Koramangala,12.936987,77.621161,2025-09-04,22:49:25,High,Closed,63,Male
FIR04043,Robbery,Koramangala,12.937678,77.622058,2025-09-18,05:45:34,High,Closed,53,Other
FIR04044,Cyber Crime,Jayanagar,12.928192,77.598102,2024-11-26,12:03:07,Medium,Open,51,Other
FIR04045,Robbery,Bellandur,12.932068,77.6779,2025-03-26,04:00:52,High,Open,52,Female
FIR04046,Murder,Hebbal,13.033108,77.598803,2026-06-08,15:15:17,High,Open,44,Female
FIR04047,Drug Offense,Yelahanka,13.103698,77.598692,2026-04-26,08:11:11,Medium,Open,42,Other
FIR04048,Domestic Violence,Yelahanka,13.100317,77.594237,2025-01-05,08:57:53,Medium,Under Investigation,38,Other
FIR04049,Murder,Indiranagar,12.975939,77.644256,2026-07-06,18:44:47,High,Open,43,Other
FIR04050,Fraud,Yelahanka,13.099245,77.593712,2025-08-15,17:39:14,Medium,Under Investigation,70,Female
FIR04051,Drug Offense,Indiranagar,12.975293,77.640745,2024-08-16,11:55:32,Medium,Closed,63,Other
FIR04052,Theft,Whitefield,12.968071,77.752644,2025-06-27,01:03:47,Low,Closed,31,Male
FIR04053,Theft,Koramangala,12.934621,77.627716,2026-02-19,17:32:35,Low,Closed,38,Other
FIR04054,Assault,Marathahalli,12.963088,77.698412,2025-07-23,07:56:41,Medium,Open,69,Male
FIR04055,Assault,Yelahanka,13.095874,77.596946,2025-04-22,06:14:48,Medium,Closed,25,Male
FIR04056,Assault,HSR Layout,12.907253,77.647372,2025-02-05,03:46:02,Medium,Closed,52,Male
FIR04057,Kidnapping,Yelahanka,13.102229,77.591854,2025-09-08,12:09:52,High,Closed,44,Female
FIR04058,Robbery,BTM Layout,12.920716,77.610549,2026-06-26,01:25:50,High,Closed,23,Female
FIR04059,Assault,Hebbal,13.035346,77.599838,2025-06-23,04:51:14,Medium,Open,63,Other
FIR04060,Fraud,Marathahalli,12.955541,77.701753,2025-09-03,03:50:10,Medium,Under Investigation,32,Other
FIR04061,Murder,Jayanagar,12.921915,77.596105,2026-01-03,23:48:24,High,Open,30,Male
FIR04062,Robbery,Yelahanka,13.104697,77.59169,2024-12-26,17:24:42,High,Closed,70,Male
FIR04063,Assault,Banashankari,12.918409,77.574115,2025-05-23,04:13:37,Medium,Closed,38,Other
FIR04064,Domestic Violence,Rajajinagar,12.995909,77.553311,2024-10-10,16:45:43,Medium,Under Investigation,60,Other
FIR04065,Fraud,Rajajinagar,12.995427,77.555741,2026-01-13,18:18:52,Medium,Closed,47,Other
FIR04066,Domestic Violence,MG Road,12.976362,77.609217,2025-07-31,03:14:56,Medium,Under Investigation,46,Female
FIR04067,Kidnapping,Bellandur,12.932804,77.671656,2026-02-04,20:13:09,High,Open,37,Male
FIR04068,Theft,Bellandur,12.924159,77.679474,2026-02-05,21:01:43,Low,Closed,18,Male
FIR04069,Kidnapping,Banashankari,12.920607,77.56852,2026-05-23,23:02:36,High,Closed,40,Female
FIR04070,Vehicle Theft,Whitefield,12.969039,77.745128,2025-08-20,21:25:03,Low,Under Investigation,31,Other
FIR04071,Assault,MG Road,12.977861,77.609653,2025-03-15,09:31:55,Medium,Under Investigation,50,Female
FIR04072,Drug Offense,Rajajinagar,12.987193,77.557252,2026-05-21,20:22:28,Medium,Open,30,Other
FIR04073,Assault,HSR Layout,12.916076,77.64321,2024-09-20,13:55:45,Medium,Open,62,Female
FIR04074,Cyber Crime,Whitefield,12.96599,77.754344,2025-09-22,16:17:02,Medium,Open,30,Other
FIR04075,Cyber Crime,Banashankari,12.922634,77.576386,2026-06-01,16:38:29,Medium,Closed,33,Other
FIR04076,Fraud,Banashankari,12.918038,77.571687,2026-03-24,21:07:58,Medium,Open,51,Male
FIR04077,Murder,Koramangala,12.936921,77.624206,2026-07-13,23:34:59,High,Under Investigation,22,Male
FIR04078,Kidnapping,Electronic City,12.84338,77.673403,2024-11-18,23:42:00,High,Closed,65,Female
FIR04079,Murder,Whitefield,12.96983,77.75274,2026-01-02,21:55:16,High,Under Investigation,38,Female
FIR04080,Domestic Violence,Marathahalli,12.954132,77.697901,2025-05-01,05:23:10,Medium,Under Investigation,69,Other
FIR04081,Drug Offense,Koramangala,12.940199,77.621778,2024-10-17,11:34:38,Medium,Under Investigation,45,Female
FIR04082,Domestic Violence,Yelahanka,13.101713,77.596516,2025-05-20,21:22:18,Medium,Open,70,Other
FIR04083,Cyber Crime,Banashankari,12.915595,77.570704,2025-05-19,18:16:52,Medium,Open,66,Female
FIR04084,Robbery,Electronic City,12.843275,77.680782,2025-02-19,20:25:01,High,Open,40,Male
FIR04085,Domestic Violence,Marathahalli,12.961945,77.700718,2026-05-14,11:40:39,Medium,Under Investigation,68,Female
FIR04086,Domestic Violence,Rajajinagar,12.995928,77.558718,2025-07-22,03:25:48,Medium,Open,51,Other
FIR04087,Assault,HSR Layout,12.913332,77.6483,2026-04-09,18:25:45,Medium,Open,61,Female
FIR04088,Robbery,BTM Layout,12.917875,77.609713,2024-08-08,20:07:52,High,Closed,64,Other
FIR04089,Murder,BTM Layout,12.915122,77.609419,2025-08-03,16:45:59,High,Open,32,Female
FIR04090,Vehicle Theft,Jayanagar,12.926316,77.596249,2026-02-04,20:32:53,Low,Open,27,Other
FIR04091,Theft,Whitefield,12.967521,77.745993,2025-10-08,02:24:23,Low,Under Investigation,57,Female
FIR04092,Drug Offense,Hebbal,13.038809,77.598709,2025-02-07,19:02:15,Medium,Closed,60,Female
FIR04093,Assault,Banashankari,12.922376,77.573891,2025-07-25,19:06:01,Medium,Under Investigation,55,Male
FIR04094,Vehicle Theft,Rajajinagar,12.987752,77.551049,2025-06-23,04:01:57,Low,Open,22,Female
FIR04095,Robbery,Bellandur,12.930081,77.677731,2025-03-13,01:14:29,High,Open,26,Male
FIR04096,Drug Offense,Jayanagar,12.928106,77.589315,2025-02-04,23:38:08,Medium,Under Investigation,55,Female
FIR04097,Robbery,Yelahanka,13.096313,77.601241,2025-06-17,05:46:21,High,Open,25,Male
FIR04098,Fraud,Indiranagar,12.974809,77.64296,2026-02-06,02:16:39,Medium,Under Investigation,36,Female
FIR04099,Vehicle Theft,HSR Layout,12.907261,77.648333,2024-09-03,16:43:48,Low,Open,65,Female
FIR04100,Kidnapping,Marathahalli,12.960925,77.694769,2026-01-15,12:05:20,High,Open,58,Male
FIR04101,Fraud,Indiranagar,12.980311,77.638853,2024-12-23,06:53:41,Medium,Closed,49,Other
FIR04102,Kidnapping,Hebbal,13.039852,77.597349,2026-04-25,05:27:40,High,Closed,59,Male
FIR04103,Theft,Hebbal,13.040331,77.596962,2025-09-03,07:01:51,Low,Open,54,Female
FIR04104,Kidnapping,Hebbal,13.039184,77.598788,2025-02-27,12:10:11,High,Under Investigation,46,Male
FIR04105,Vehicle Theft,Jayanagar,12.927061,77.594461,2025-05-23,01:45:57,Low,Closed,33,Female
FIR04106,Murder,BTM Layout,12.918747,77.607416,2026-06-15,11:07:08,High,Under Investigation,25,Other
FIR04107,Fraud,Banashankari,12.91527,77.57564,2024-08-16,12:56:56,Medium,Open,53,Male
FIR04108,Murder,Electronic City,12.837886,77.672094,2026-05-05,15:36:38,High,Open,19,Other
FIR04109,Robbery,Jayanagar,12.929417,77.589393,2025-03-03,16:12:20,High,Open,27,Male
FIR04110,Domestic Violence,Hebbal,13.038313,77.598333,2026-05-07,04:02:28,Medium,Open,48,Female
FIR04111,Cyber Crime,BTM Layout,12.914574,77.605184,2025-01-05,20:39:52,Medium,Closed,41,Male
FIR04112,Theft,Malleshwaram,13.001655,77.571504,2025-10-25,05:34:16,Low,Open,60,Female
FIR04113,Kidnapping,MG Road,12.971475,77.600376,2025-09-03,03:58:51,High,Under Investigation,60,Other
FIR04114,Cyber Crime,Electronic City,12.844088,77.676836,2025-01-03,08:51:03,Medium,Open,44,Female
FIR04115,Assault,Banashankari,12.91933,77.570888,2025-04-27,06:08:19,Medium,Under Investigation,62,Male
FIR04116,Robbery,Malleshwaram,13.001708,77.573093,2026-03-18,18:51:02,High,Under Investigation,31,Male
FIR04117,Fraud,Indiranagar,12.973937,77.642812,2025-10-18,13:37:34,Medium,Closed,39,Female
FIR04118,Kidnapping,Bellandur,12.932674,77.673332,2025-09-23,20:59:44,High,Open,46,Male
FIR04119,Fraud,Jayanagar,12.922659,77.590206,2025-04-20,14:26:55,Medium,Open,51,Female
FIR04120,Theft,Marathahalli,12.95437,77.698159,2025-01-04,22:18:21,Low,Open,27,Male
FIR04121,Assault,Marathahalli,12.962003,77.69253,2024-11-11,22:19:20,Medium,Open,28,Other
FIR04122,Vehicle Theft,HSR Layout,12.916489,77.644987,2024-08-10,17:28:00,Low,Closed,53,Other
FIR04123,Cyber Crime,HSR Layout,12.912929,77.64767,2024-12-21,10:47:47,Medium,Under Investigation,39,Other
FIR04124,Murder,Yelahanka,13.102961,77.595549,2024-10-20,21:39:05,High,Under Investigation,53,Other
FIR04125,Theft,Hebbal,13.034183,77.595803,2026-01-16,02:54:57,Low,Open,51,Male
FIR04126,Murder,MG Road,12.976112,77.604482,2026-07-23,17:46:44,High,Open,18,Male
FIR04127,Drug Offense,Bellandur,12.924941,77.673014,2024-09-10,18:16:29,Medium,Closed,38,Male
FIR04128,Murder,Hebbal,13.03366,77.593931,2025-12-28,13:59:57,High,Closed,32,Male
FIR04129,Drug Offense,Koramangala,12.936563,77.621079,2024-09-11,23:28:08,Medium,Open,49,Other
FIR04130,Fraud,Rajajinagar,12.989031,77.554663,2025-04-23,02:37:13,Medium,Closed,34,Other
FIR04131,Murder,Jayanagar,12.925997,77.597687,2024-12-07,05:28:26,High,Under Investigation,39,Male
FIR04132,Murder,Koramangala,12.933526,77.627727,2024-08-04,20:46:43,High,Closed,67,Other
FIR04133,Fraud,Bellandur,12.924757,77.674942,2025-10-31,04:15:52,Medium,Under Investigation,67,Other
FIR04134,Robbery,Electronic City,12.843538,77.680942,2025-10-17,04:53:02,High,Closed,37,Female
FIR04135,Vehicle Theft,Indiranagar,12.981579,77.64133,2024-10-24,06:18:10,Low,Open,44,Other
FIR04136,Theft,Marathahalli,12.95541,77.695463,2026-06-15,21:12:51,Low,Closed,43,Other
FIR04137,Theft,BTM Layout,12.913157,77.611153,2026-05-23,16:01:47,Low,Closed,48,Male
FIR04138,Drug Offense,Yelahanka,13.099676,77.595474,2025-02-26,08:42:49,Medium,Under Investigation,41,Female
FIR04139,Robbery,Banashankari,12.916715,77.574507,2025-05-18,07:28:45,High,Open,47,Male
FIR04140,Theft,Rajajinagar,12.990278,77.553946,2026-02-19,12:28:34,Low,Closed,69,Male
FIR04141,Fraud,BTM Layout,12.91793,77.610192,2025-03-24,13:46:42,Medium,Under Investigation,24,Male
FIR04142,Vehicle Theft,BTM Layout,12.913151,77.606698,2025-10-30,12:59:58,Low,Open,66,Female
FIR04143,Robbery,Yelahanka,13.101957,77.594067,2025-04-16,18:48:55,High,Under Investigation,34,Other
FIR04144,Fraud,Whitefield,12.973751,77.748906,2026-01-19,01:45:59,Medium,Open,49,Female
FIR04145,Assault,BTM Layout,12.917456,77.607126,2025-01-21,23:25:02,Medium,Open,35,Female
FIR04146,Kidnapping,HSR Layout,12.907118,77.649141,2025-10-06,08:16:01,High,Under Investigation,63,Male
FIR04147,Fraud,Bellandur,12.92529,77.673422,2025-04-03,12:09:36,Medium,Closed,35,Other
FIR04148,Fraud,MG Road,12.979775,77.603844,2024-12-04,01:06:54,Medium,Open,34,Male
FIR04149,Vehicle Theft,Rajajinagar,12.989544,77.553484,2026-01-26,23:04:15,Low,Open,70,Female
FIR04150,Robbery,BTM Layout,12.916504,77.605147,2025-05-18,16:50:39,High,Open,50,Male
FIR04151,Murder,Jayanagar,12.924024,77.589069,2025-02-02,13:03:33,High,Closed,66,Female
FIR04152,Fraud,HSR Layout,12.909018,77.646593,2025-03-24,20:28:14,Medium,Open,19,Male
FIR04153,Drug Offense,Indiranagar,12.975148,77.638505,2025-09-30,00:38:57,Medium,Under Investigation,41,Female
FIR04154,Murder,Yelahanka,13.100281,77.596462,2025-11-17,01:35:50,High,Closed,56,Female
FIR04155,Cyber Crime,Whitefield,12.97469,77.745022,2025-08-27,07:36:16,Medium,Closed,21,Female
FIR04156,Domestic Violence,Bellandur,12.925945,77.672673,2025-09-24,16:23:07,Medium,Closed,39,Male
FIR04157,Domestic Violence,Yelahanka,13.100325,77.596819,2025-08-19,04:28:19,Medium,Closed,37,Other
FIR04158,Domestic Violence,Koramangala,12.936495,77.628168,2025-05-09,12:22:34,Medium,Under Investigation,41,Female
FIR04159,Domestic Violence,Rajajinagar,12.990597,77.556833,2026-06-04,15:49:09,Medium,Closed,23,Female
FIR04160,Vehicle Theft,HSR Layout,12.906608,77.645388,2026-02-05,05:39:54,Low,Under Investigation,50,Male
FIR04161,Fraud,Marathahalli,12.958905,77.696698,2025-12-24,14:37:10,Medium,Under Investigation,56,Other
FIR04162,Assault,Indiranagar,12.979268,77.645035,2025-09-23,03:33:05,Medium,Open,45,Female
FIR04163,Fraud,MG Road,12.974489,77.60912,2024-08-12,10:33:40,Medium,Closed,26,Female
FIR04164,Drug Offense,Hebbal,13.033751,77.600343,2026-01-16,05:09:41,Medium,Closed,38,Female
FIR04165,Vehicle Theft,HSR Layout,12.910674,77.650925,2025-11-11,01:02:37,Low,Closed,43,Male
FIR04166,Robbery,Rajajinagar,12.990307,77.554399,2026-02-08,09:46:01,High,Open,44,Other
FIR04167,Kidnapping,BTM Layout,12.916441,77.612904,2026-05-16,08:32:53,High,Under Investigation,41,Other
FIR04168,Fraud,BTM Layout,12.91358,77.60962,2025-09-07,09:47:04,Medium,Open,20,Female
FIR04169,Assault,Marathahalli,12.958584,77.697931,2026-01-06,03:04:38,Medium,Open,62,Other
FIR04170,Kidnapping,Electronic City,12.837803,77.679174,2026-07-20,02:08:19,High,Under Investigation,57,Male
FIR04171,Robbery,Koramangala,12.938386,77.627203,2025-04-01,13:06:44,High,Open,47,Female
FIR04172,Fraud,HSR Layout,12.908114,77.651763,2024-08-07,11:30:03,Medium,Under Investigation,22,Male
FIR04173,Cyber Crime,Yelahanka,13.099525,77.592976,2025-12-14,17:00:05,Medium,Under Investigation,67,Male
FIR04174,Kidnapping,HSR Layout,12.909576,77.642408,2026-06-14,10:24:05,High,Open,58,Female
FIR04175,Fraud,Indiranagar,12.977646,77.644683,2025-01-13,20:21:42,Medium,Under Investigation,49,Female
FIR04176,Assault,Hebbal,13.039856,77.593965,2025-04-10,14:58:47,Medium,Open,58,Female
FIR04177,Cyber Crime,HSR Layout,12.911739,77.644919,2026-02-27,19:01:56,Medium,Open,34,Female
FIR04178,Assault,Whitefield,12.971016,77.748339,2025-08-21,00:01:41,Medium,Closed,68,Male
FIR04179,Vehicle Theft,MG Road,12.976163,77.600705,2025-05-10,08:03:00,Low,Open,69,Other
FIR04180,Drug Offense,Jayanagar,12.923539,77.590838,2024-12-02,04:30:41,Medium,Open,58,Male
FIR04181,Fraud,Marathahalli,12.957839,77.700455,2024-11-20,18:37:01,Medium,Closed,56,Female
FIR04182,Murder,Marathahalli,12.954727,77.701923,2026-04-25,22:21:53,High,Under Investigation,41,Female
FIR04183,Assault,Marathahalli,12.962062,77.696639,2026-05-22,07:49:43,Medium,Open,25,Female
FIR04184,Assault,HSR Layout,12.908472,77.646016,2025-08-07,05:47:37,Medium,Under Investigation,45,Male
FIR04185,Fraud,HSR Layout,12.912254,77.643767,2025-09-26,02:00:35,Medium,Open,50,Female
FIR04186,Vehicle Theft,Whitefield,12.965348,77.754843,2026-06-30,14:12:25,Low,Closed,40,Other
FIR04187,Kidnapping,Whitefield,12.964896,77.746717,2024-11-21,06:46:24,High,Under Investigation,22,Other
FIR04188,Kidnapping,Rajajinagar,12.987177,77.556718,2025-01-03,06:47:40,High,Under Investigation,18,Other
FIR04189,Cyber Crime,MG Road,12.979161,77.608527,2025-05-17,21:10:36,Medium,Under Investigation,35,Male
FIR04190,Domestic Violence,Banashankari,12.919228,77.572433,2025-12-11,19:43:22,Medium,Under Investigation,40,Male
FIR04191,Fraud,Rajajinagar,12.988104,77.551191,2025-07-20,07:17:44,Medium,Under Investigation,33,Other
FIR04192,Drug Offense,BTM Layout,12.917435,77.608597,2025-11-28,18:49:51,Medium,Open,22,Other
FIR04193,Cyber Crime,Banashankari,12.915769,77.57751,2026-03-30,12:14:22,Medium,Under Investigation,49,Other
FIR04194,Drug Offense,BTM Layout,12.919736,77.606389,2025-02-08,13:21:45,Medium,Closed,19,Male
FIR04195,Robbery,HSR Layout,12.914639,77.650638,2024-12-30,09:30:55,High,Under Investigation,28,Male
FIR04196,Drug Offense,MG Road,12.972016,77.60958,2025-11-05,21:28:27,Medium,Open,49,Female
FIR04197,Fraud,HSR Layout,12.913964,77.652026,2026-07-20,15:40:56,Medium,Open,64,Female
FIR04198,Vehicle Theft,Malleshwaram,13.000985,77.574916,2024-10-30,00:44:47,Low,Open,28,Female
FIR04199,Drug Offense,Banashankari,12.914142,77.573979,2025-08-08,15:23:28,Medium,Under Investigation,37,Female
FIR04200,Assault,Electronic City,12.844264,77.676853,2026-05-13,15:37:13,Medium,Open,32,Other
FIR04201,Domestic Violence,Whitefield,12.974247,77.753767,2024-08-24,16:58:44,Medium,Under Investigation,68,Male
FIR04202,Robbery,Electronic City,12.844899,77.678962,2026-01-08,06:35:20,High,Open,63,Other
FIR04203,Vehicle Theft,HSR Layout,12.912319,77.647345,2025-09-04,07:31:42,Low,Closed,37,Male
FIR04204,Assault,HSR Layout,12.91111,77.643494,2025-04-27,09:58:47,Medium,Open,69,Female
FIR04205,Robbery,BTM Layout,12.911836,77.610928,2025-10-23,01:49:39,High,Under Investigation,20,Other
FIR04206,Theft,Rajajinagar,12.992507,77.553138,2026-04-13,06:01:01,Low,Closed,69,Male
FIR04207,Vehicle Theft,Electronic City,12.839336,77.676018,2024-09-24,12:20:13,Low,Closed,46,Male
FIR04208,Theft,BTM Layout,12.918181,77.605857,2024-08-28,20:43:12,Low,Closed,64,Female
FIR04209,Murder,Yelahanka,13.102644,77.598187,2024-10-03,20:15:57,High,Open,27,Female
FIR04210,Kidnapping,Rajajinagar,12.98987,77.550338,2025-12-10,11:25:08,High,Open,57,Other
FIR04211,Theft,Malleshwaram,13.00545,77.569742,2024-07-26,17:03:34,Low,Open,50,Female
FIR04212,Drug Offense,Malleshwaram,13.005251,77.574604,2026-05-22,16:19:33,Medium,Open,36,Female
FIR04213,Domestic Violence,Jayanagar,12.925714,77.594617,2025-07-25,22:53:08,Medium,Open,24,Male
FIR04214,Theft,Indiranagar,12.979516,77.642156,2026-04-17,06:25:03,Low,Under Investigation,33,Other
FIR04215,Murder,Malleshwaram,13.0039,77.574207,2025-07-27,19:38:32,High,Open,31,Female
FIR04216,Fraud,BTM Layout,12.913271,77.60907,2026-04-01,13:10:16,Medium,Under Investigation,66,Male
FIR04217,Assault,Koramangala,12.934259,77.621514,2025-04-02,22:43:02,Medium,Under Investigation,37,Male
FIR04218,Drug Offense,Indiranagar,12.981027,77.640684,2025-10-05,07:57:39,Medium,Under Investigation,25,Female
FIR04219,Vehicle Theft,Yelahanka,13.096807,77.599495,2025-08-05,20:43:43,Low,Open,43,Other
FIR04220,Robbery,Marathahalli,12.962917,77.694726,2025-02-13,22:10:39,High,Under Investigation,63,Male
FIR04221,Murder,Malleshwaram,13.001976,77.573188,2026-04-03,16:21:45,High,Closed,35,Female
FIR04222,Cyber Crime,Malleshwaram,12.998714,77.572385,2024-12-04,07:18:56,Medium,Under Investigation,65,Other
FIR04223,Theft,Whitefield,12.965967,77.746185,2026-01-24,15:09:20,Low,Closed,63,Female
FIR04224,Theft,Electronic City,12.836595,77.681141,2025-04-08,16:54:40,Low,Closed,26,Other
FIR04225,Domestic Violence,BTM Layout,12.91882,77.612918,2026-02-27,17:13:34,Medium,Open,46,Male
FIR04226,Vehicle Theft,Indiranagar,12.973798,77.640296,2024-11-02,13:45:43,Low,Open,28,Male
FIR04227,Theft,Banashankari,12.922516,77.577964,2025-11-27,17:18:51,Low,Closed,50,Female
FIR04228,Murder,Banashankari,12.914217,77.568709,2025-08-07,05:32:46,High,Under Investigation,28,Other
FIR04229,Vehicle Theft,Malleshwaram,13.001086,77.571368,2026-04-09,15:08:19,Low,Under Investigation,45,Male
FIR04230,Robbery,Koramangala,12.931716,77.623129,2026-05-25,08:33:10,High,Open,53,Male
FIR04231,Drug Offense,MG Road,12.971554,77.600927,2025-09-23,15:15:57,Medium,Open,23,Other
FIR04232,Fraud,Marathahalli,12.961343,77.70025,2025-11-20,14:38:03,Medium,Closed,30,Other
FIR04233,Robbery,MG Road,12.97903,77.607169,2026-05-13,12:57:29,High,Closed,57,Other
FIR04234,Kidnapping,Marathahalli,12.9576,77.693723,2025-03-16,23:53:49,High,Closed,66,Female
FIR04235,Murder,Koramangala,12.931721,77.62359,2026-07-06,05:50:30,High,Under Investigation,30,Female
FIR04236,Assault,Jayanagar,12.927962,77.595654,2025-09-19,06:12:06,Medium,Open,67,Other
FIR04237,Kidnapping,Indiranagar,12.981721,77.643539,2024-12-19,14:04:39,High,Closed,27,Other
FIR04238,Assault,Electronic City,12.843856,77.679946,2024-09-09,20:20:14,Medium,Closed,59,Male
FIR04239,Vehicle Theft,Yelahanka,13.100065,77.594391,2026-07-03,00:28:37,Low,Open,21,Female
FIR04240,Cyber Crime,Koramangala,12.937382,77.621193,2024-10-20,18:52:06,Medium,Closed,66,Female
FIR04241,Robbery,Whitefield,12.969584,77.750928,2025-11-10,15:15:39,High,Open,45,Female
FIR04242,Drug Offense,Whitefield,12.969383,77.749691,2024-10-14,15:12:01,Medium,Closed,51,Female
FIR04243,Robbery,Banashankari,12.920943,77.573762,2026-03-25,19:02:57,High,Closed,44,Male
FIR04244,Domestic Violence,Malleshwaram,13.00607,77.570337,2024-10-20,03:43:18,Medium,Open,38,Male
FIR04245,Kidnapping,Indiranagar,12.977084,77.636992,2025-09-01,01:16:11,High,Under Investigation,67,Male
FIR04246,Vehicle Theft,Malleshwaram,13.003586,77.570375,2024-10-08,06:29:01,Low,Closed,29,Male
FIR04247,Cyber Crime,Bellandur,12.930789,77.680647,2025-06-23,16:15:14,Medium,Open,51,Female
FIR04248,Vehicle Theft,Whitefield,12.965599,77.751623,2024-12-28,20:14:52,Low,Open,43,Other
FIR04249,Cyber Crime,Malleshwaram,13.004622,77.570996,2024-11-25,11:15:34,Medium,Open,58,Male
FIR04250,Fraud,Marathahalli,12.955781,77.698679,2024-12-15,19:43:42,Medium,Open,35,Male
FIR04251,Drug Offense,Electronic City,12.836422,77.679196,2025-04-20,02:36:47,Medium,Under Investigation,63,Female
FIR04252,Vehicle Theft,Rajajinagar,12.994092,77.550463,2026-04-08,00:15:21,Low,Closed,21,Female
FIR04253,Fraud,HSR Layout,12.911102,77.642915,2025-01-17,01:41:37,Medium,Closed,34,Other
FIR04254,Assault,Hebbal,13.036988,77.596778,2026-01-22,01:37:28,Medium,Closed,27,Female
FIR04255,Vehicle Theft,Yelahanka,13.095885,77.601261,2025-05-30,15:41:45,Low,Closed,70,Other
FIR04256,Assault,Malleshwaram,13.006019,77.570757,2026-02-15,17:21:51,Medium,Under Investigation,22,Female
FIR04257,Domestic Violence,Bellandur,12.931197,77.67478,2024-09-25,10:27:30,Medium,Under Investigation,39,Female
FIR04258,Theft,MG Road,12.979124,77.603374,2025-09-25,07:15:28,Low,Open,57,Male
FIR04259,Drug Offense,Banashankari,12.921389,77.569164,2026-05-12,17:40:19,Medium,Closed,18,Male
FIR04260,Kidnapping,Indiranagar,12.980067,77.639488,2025-02-24,01:26:09,High,Open,25,Other
FIR04261,Robbery,Bellandur,12.926172,77.678023,2024-08-22,09:47:44,High,Under Investigation,69,Male
FIR04262,Murder,Koramangala,12.932348,77.629247,2025-05-04,22:34:47,High,Open,61,Male
FIR04263,Domestic Violence,Bellandur,12.923178,77.674735,2025-07-02,10:36:09,Medium,Under Investigation,43,Female
FIR04264,Assault,Indiranagar,12.973438,77.64388,2026-03-31,19:57:58,Medium,Open,58,Female
FIR04265,Vehicle Theft,Marathahalli,12.954474,77.69436,2025-10-06,12:08:16,Low,Closed,26,Male
FIR04266,Cyber Crime,Bellandur,12.928572,77.674808,2024-08-07,14:20:33,Medium,Open,58,Female
FIR04267,Fraud,Whitefield,12.967899,77.746425,2025-11-07,10:20:07,Medium,Open,58,Other
FIR04268,Kidnapping,Banashankari,12.914002,77.573667,2025-12-04,15:38:07,High,Under Investigation,54,Female
FIR04269,Drug Offense,BTM Layout,12.917985,77.614114,2025-05-21,12:17:29,Medium,Closed,20,Male
FIR04270,Kidnapping,Indiranagar,12.982526,77.637882,2025-04-13,03:10:01,High,Under Investigation,53,Male
FIR04271,Kidnapping,Electronic City,12.841946,77.68138,2025-01-16,03:51:03,High,Under Investigation,46,Female
FIR04272,Kidnapping,BTM Layout,12.915977,77.611749,2026-02-08,09:38:06,High,Closed,58,Male
FIR04273,Cyber Crime,HSR Layout,12.916519,77.643705,2025-09-12,16:59:26,Medium,Open,22,Female
FIR04274,Cyber Crime,Electronic City,12.838576,77.679366,2024-11-27,03:05:18,Medium,Open,47,Female
FIR04275,Cyber Crime,Yelahanka,13.095793,77.598082,2024-08-08,08:08:00,Medium,Under Investigation,63,Other
FIR04276,Domestic Violence,Jayanagar,12.921944,77.59493,2025-02-26,13:32:11,Medium,Under Investigation,35,Other
FIR04277,Vehicle Theft,Rajajinagar,12.990929,77.558447,2025-01-08,13:37:11,Low,Closed,70,Female
FIR04278,Theft,Koramangala,12.934259,77.624964,2025-08-04,06:58:40,Low,Open,40,Other
FIR04279,Murder,Malleshwaram,13.002107,77.566322,2025-05-25,02:09:04,High,Closed,21,Female
FIR04280,Theft,HSR Layout,12.914981,77.6501,2026-05-19,04:27:05,Low,Under Investigation,24,Female
FIR04281,Robbery,Hebbal,13.032856,77.600639,2026-05-27,16:40:59,High,Closed,58,Other
FIR04282,Assault,Banashankari,12.918301,77.569007,2024-11-06,06:06:05,Medium,Under Investigation,33,Male
FIR04283,Vehicle Theft,HSR Layout,12.912653,77.646909,2025-11-14,15:22:08,Low,Closed,54,Female
FIR04284,Fraud,Banashankari,12.921126,77.571595,2026-03-24,16:58:04,Medium,Open,47,Female
FIR04285,Assault,Indiranagar,12.98196,77.640148,2026-02-09,06:50:03,Medium,Closed,35,Other
FIR04286,Theft,Indiranagar,12.97819,77.639657,2026-03-15,12:32:58,Low,Closed,63,Male
FIR04287,Robbery,Yelahanka,13.100809,77.598581,2024-10-16,02:19:13,High,Closed,70,Male
FIR04288,Drug Offense,MG Road,12.973931,77.609358,2025-04-02,21:15:05,Medium,Under Investigation,56,Other
FIR04289,Vehicle Theft,Bellandur,12.92506,77.672761,2025-08-22,01:15:55,Low,Open,63,Female
FIR04290,Vehicle Theft,Whitefield,12.967049,77.753739,2024-10-24,20:47:20,Low,Under Investigation,65,Female
FIR04291,Cyber Crime,Rajajinagar,12.995903,77.558216,2024-10-14,06:58:30,Medium,Open,46,Other
FIR04292,Kidnapping,Indiranagar,12.981182,77.639819,2024-12-11,08:34:16,High,Under Investigation,40,Female
FIR04293,Kidnapping,Koramangala,12.935421,77.627227,2024-11-27,11:33:34,High,Closed,62,Female
FIR04294,Robbery,MG Road,12.979311,77.601437,2026-03-29,18:17:06,High,Closed,18,Other
FIR04295,Murder,Electronic City,12.839689,77.677248,2026-06-10,02:03:56,High,Open,40,Female
FIR04296,Cyber Crime,Whitefield,12.964925,77.754369,2026-04-26,02:40:57,Medium,Closed,26,Female
FIR04297,Robbery,Yelahanka,13.09951,77.596892,2025-06-27,01:59:24,High,Under Investigation,68,Male
FIR04298,Assault,Malleshwaram,13.000294,77.567571,2025-10-30,05:15:08,Medium,Open,55,Female
FIR04299,Theft,Whitefield,12.966898,77.754117,2025-06-10,02:38:28,Low,Closed,56,Other
FIR04300,Domestic Violence,Electronic City,12.840682,77.680217,2026-06-19,13:36:56,Medium,Under Investigation,23,Female
FIR04301,Cyber Crime,Yelahanka,13.102922,77.594454,2025-01-08,12:18:09,Medium,Under Investigation,48,Other
FIR04302,Murder,Koramangala,12.930781,77.623696,2024-11-10,07:00:25,High,Closed,26,Female
FIR04303,Cyber Crime,Marathahalli,12.958578,77.698786,2025-04-10,09:43:15,Medium,Under Investigation,43,Male
FIR04304,Domestic Violence,Hebbal,13.03518,77.597561,2025-05-05,03:27:48,Medium,Under Investigation,20,Male
FIR04305,Fraud,HSR Layout,12.912014,77.649844,2026-04-20,04:16:36,Medium,Under Investigation,55,Male
FIR04306,Robbery,Indiranagar,12.977003,77.638535,2024-09-16,00:52:39,High,Closed,54,Male
FIR04307,Kidnapping,Jayanagar,12.927136,77.595333,2025-02-17,23:51:06,High,Closed,50,Female
FIR04308,Theft,Whitefield,12.97083,77.751547,2025-02-13,23:51:48,Low,Open,55,Other
FIR04309,Murder,Banashankari,12.923322,77.570302,2025-08-14,17:29:59,High,Under Investigation,70,Female
FIR04310,Domestic Violence,Rajajinagar,12.987194,77.552802,2024-08-03,08:05:20,Medium,Closed,46,Female
FIR04311,Cyber Crime,BTM Layout,12.913472,77.612115,2026-01-22,00:05:18,Medium,Under Investigation,65,Other
FIR04312,Kidnapping,Indiranagar,12.975814,77.638875,2026-03-01,10:45:48,High,Open,55,Male
FIR04313,Murder,Whitefield,12.97165,77.752954,2026-04-19,04:42:26,High,Closed,45,Female
FIR04314,Domestic Violence,MG Road,12.974745,77.601418,2025-05-07,06:08:42,Medium,Open,55,Female
FIR04315,Domestic Violence,Malleshwaram,13.001083,77.567022,2024-08-15,20:11:55,Medium,Open,61,Female
FIR04316,Cyber Crime,Electronic City,12.842844,77.672816,2025-01-21,07:12:37,Medium,Open,53,Female
FIR04317,Domestic Violence,Bellandur,12.926687,77.677423,2024-09-30,13:15:04,Medium,Closed,61,Female
FIR04318,Cyber Crime,Malleshwaram,13.001165,77.569408,2025-03-13,21:56:06,Medium,Open,30,Male
FIR04319,Theft,Jayanagar,12.924412,77.593005,2025-08-05,07:03:53,Low,Under Investigation,53,Other
FIR04320,Domestic Violence,Bellandur,12.92923,77.676625,2026-01-26,22:38:14,Medium,Closed,22,Female
FIR04321,Assault,Koramangala,12.938079,77.621023,2024-09-01,04:26:56,Medium,Under Investigation,26,Male
FIR04322,Domestic Violence,Malleshwaram,12.999255,77.570721,2026-07-19,04:39:03,Medium,Under Investigation,26,Other
FIR04323,Theft,HSR Layout,12.907075,77.651773,2025-02-08,06:39:02,Low,Open,31,Other
FIR04324,Murder,Koramangala,12.933249,77.61977,2024-11-27,06:29:14,High,Open,46,Female
FIR04325,Robbery,Electronic City,12.835337,77.68138,2025-05-04,03:23:13,High,Open,27,Female
FIR04326,Assault,MG Road,12.972079,77.600014,2025-04-26,05:03:18,Medium,Open,62,Female
FIR04327,Drug Offense,Indiranagar,12.982337,77.64129,2024-08-30,08:32:03,Medium,Open,64,Male
FIR04328,Theft,Whitefield,12.973191,77.754043,2025-03-28,11:07:40,Low,Under Investigation,22,Female
FIR04329,Fraud,Yelahanka,13.099082,77.597891,2025-02-18,04:12:56,Medium,Open,23,Male
FIR04330,Cyber Crime,Yelahanka,13.099877,77.59264,2025-06-01,05:13:46,Medium,Open,62,Male
FIR04331,Fraud,Rajajinagar,12.987094,77.558227,2025-07-01,01:14:33,Medium,Closed,41,Male
FIR04332,Cyber Crime,Marathahalli,12.959318,77.69479,2025-02-03,16:13:29,Medium,Closed,44,Other
FIR04333,Fraud,MG Road,12.973605,77.603007,2024-10-29,05:27:48,Medium,Open,44,Other
FIR04334,Assault,Whitefield,12.970436,77.745251,2025-12-06,14:41:29,Medium,Open,22,Other
FIR04335,Robbery,Whitefield,12.965465,77.751828,2025-07-08,08:57:38,High,Closed,52,Female
FIR04336,Domestic Violence,Koramangala,12.936614,77.62098,2026-06-15,21:18:18,Medium,Under Investigation,36,Female
FIR04337,Vehicle Theft,Jayanagar,12.920617,77.597833,2024-09-09,00:46:17,Low,Open,54,Male
FIR04338,Fraud,Hebbal,13.032249,77.601712,2026-03-12,13:57:15,Medium,Under Investigation,27,Female
FIR04339,Assault,BTM Layout,12.913951,77.608782,2026-06-24,12:03:08,Medium,Closed,39,Other
FIR04340,Robbery,Yelahanka,13.099465,77.597083,2026-05-23,12:43:32,High,Under Investigation,44,Male
FIR04341,Theft,Banashankari,12.922174,77.578378,2025-04-06,06:10:00,Low,Open,53,Female
FIR04342,Kidnapping,Yelahanka,13.103193,77.59153,2025-01-24,13:04:13,High,Open,54,Male
FIR04343,Cyber Crime,Bellandur,12.925265,77.672289,2026-02-26,16:39:37,Medium,Under Investigation,70,Male
FIR04344,Murder,Yelahanka,13.104106,77.596024,2025-06-12,17:34:03,High,Open,69,Male
FIR04345,Kidnapping,Yelahanka,13.096242,77.600272,2024-12-06,16:21:02,High,Under Investigation,57,Other
FIR04346,Cyber Crime,Malleshwaram,13.003425,77.56679,2026-05-30,02:14:02,Medium,Under Investigation,19,Other
FIR04347,Theft,BTM Layout,12.912832,77.605882,2025-03-02,04:32:00,Low,Under Investigation,50,Male
FIR04348,Murder,Indiranagar,12.981427,77.637626,2026-05-01,14:24:11,High,Open,63,Male
FIR04349,Kidnapping,Indiranagar,12.977067,77.640893,2025-03-09,04:26:08,High,Open,63,Male
FIR04350,Robbery,HSR Layout,12.912195,77.645468,2025-12-13,12:01:25,High,Under Investigation,57,Female
FIR04351,Cyber Crime,MG Road,12.976238,77.606108,2026-06-18,01:51:02,Medium,Closed,69,Other
FIR04352,Robbery,Whitefield,12.967835,77.750346,2025-07-10,18:19:08,High,Closed,19,Female
FIR04353,Murder,Marathahalli,12.961056,77.702216,2025-02-19,07:51:58,High,Closed,49,Male
FIR04354,Kidnapping,Malleshwaram,13.006313,77.571443,2025-09-20,01:21:12,High,Under Investigation,56,Female
FIR04355,Fraud,Banashankari,12.915389,77.57398,2024-10-18,08:39:25,Medium,Under Investigation,43,Other
FIR04356,Robbery,Whitefield,12.965478,77.745651,2025-12-28,06:38:01,High,Closed,35,Other
FIR04357,Fraud,Koramangala,12.937468,77.62171,2026-05-16,02:57:47,Medium,Open,33,Female
FIR04358,Fraud,Whitefield,12.970955,77.747523,2025-02-19,03:35:42,Medium,Open,52,Female
FIR04359,Kidnapping,Banashankari,12.917099,77.573625,2024-12-23,17:10:06,High,Closed,57,Female
FIR04360,Vehicle Theft,Hebbal,13.03131,77.601105,2025-03-10,19:25:03,Low,Closed,62,Male
FIR04361,Vehicle Theft,Koramangala,12.933458,77.625356,2024-12-10,17:10:10,Low,Open,56,Other
FIR04362,Robbery,Bellandur,12.930392,77.673641,2026-07-03,16:04:23,High,Closed,58,Female
FIR04363,Domestic Violence,Bellandur,12.931244,77.677866,2026-07-17,21:36:47,Medium,Closed,33,Other
FIR04364,Robbery,Banashankari,12.913558,77.577928,2026-03-25,10:01:38,High,Open,55,Male
FIR04365,Fraud,Koramangala,12.930229,77.625412,2025-09-18,08:34:49,Medium,Under Investigation,68,Other
FIR04366,Assault,Banashankari,12.918207,77.577507,2026-07-20,05:59:26,Medium,Closed,70,Female
FIR04367,Drug Offense,MG Road,12.975029,77.605201,2024-08-06,12:28:03,Medium,Under Investigation,22,Female
FIR04368,Kidnapping,Whitefield,12.97287,77.754849,2025-05-10,18:18:30,High,Open,65,Other
FIR04369,Kidnapping,BTM Layout,12.91515,77.607029,2025-10-31,16:08:23,High,Open,20,Female
FIR04370,Kidnapping,HSR Layout,12.910832,77.647457,2025-09-29,03:45:14,High,Under Investigation,31,Male
FIR04371,Vehicle Theft,Hebbal,13.038655,77.592644,2024-12-09,12:09:14,Low,Closed,54,Male
FIR04372,Theft,Malleshwaram,13.001269,77.566422,2025-04-11,16:31:20,Low,Closed,35,Male
FIR04373,Kidnapping,HSR Layout,12.909067,77.644148,2026-01-23,16:47:28,High,Under Investigation,57,Other
FIR04374,Murder,Hebbal,13.031609,77.594853,2025-02-02,14:30:46,High,Open,24,Other
FIR04375,Theft,Banashankari,12.915438,77.572643,2025-10-06,03:16:50,Low,Open,58,Other
FIR04376,Robbery,MG Road,12.978189,77.602299,2025-01-03,10:53:51,High,Open,70,Other
FIR04377,Robbery,Electronic City,12.839558,77.678931,2026-04-30,07:24:52,High,Open,22,Male
FIR04378,Theft,Banashankari,12.916231,77.577213,2025-01-29,01:49:55,Low,Open,29,Male
FIR04379,Murder,Koramangala,12.932566,77.625716,2025-10-09,07:04:16,High,Closed,53,Other
FIR04380,Drug Offense,Whitefield,12.974618,77.752239,2025-03-07,22:20:47,Medium,Under Investigation,18,Female
FIR04381,Kidnapping,Whitefield,12.970377,77.751111,2025-08-19,23:05:58,High,Closed,54,Other
FIR04382,Domestic Violence,Koramangala,12.9369,77.627416,2025-10-15,20:28:25,Medium,Closed,47,Female
FIR04383,Drug Offense,Malleshwaram,13.002327,77.565601,2026-06-22,09:38:01,Medium,Open,44,Female
FIR04384,Theft,Jayanagar,12.921884,77.597439,2025-11-18,20:42:21,Low,Closed,20,Male
FIR04385,Kidnapping,Electronic City,12.843898,77.679213,2025-04-13,20:42:25,High,Under Investigation,27,Other
FIR04386,Kidnapping,Electronic City,12.842192,77.676448,2026-05-01,22:23:48,High,Open,65,Other
FIR04387,Kidnapping,HSR Layout,12.908532,77.652276,2026-03-18,20:56:30,High,Open,46,Other
FIR04388,Theft,Rajajinagar,12.991672,77.55243,2024-10-11,10:12:04,Low,Open,38,Female
FIR04389,Fraud,Malleshwaram,13.00238,77.566195,2026-05-31,21:12:50,Medium,Under Investigation,61,Other
FIR04390,Fraud,Bellandur,12.931262,77.674849,2026-01-24,17:09:03,Medium,Closed,62,Other
FIR04391,Murder,Hebbal,13.035116,77.599169,2024-11-26,00:41:09,High,Open,40,Male
FIR04392,Assault,Whitefield,12.968306,77.750422,2025-07-05,02:03:47,Medium,Open,46,Other
FIR04393,Kidnapping,Rajajinagar,12.993302,77.551555,2025-02-15,22:03:46,High,Open,38,Male
FIR04394,Assault,BTM Layout,12.919991,77.614727,2024-10-10,16:31:16,Medium,Open,66,Other
FIR04395,Theft,HSR Layout,12.915575,77.644191,2024-12-09,07:35:19,Low,Closed,44,Female
FIR04396,Kidnapping,Malleshwaram,13.001345,77.572931,2024-08-02,02:36:17,High,Closed,69,Male
FIR04397,Murder,Banashankari,12.919192,77.576711,2025-12-13,00:27:51,High,Open,34,Female
FIR04398,Fraud,Malleshwaram,13.005862,77.568833,2026-03-19,18:03:13,Medium,Open,27,Other
FIR04399,Domestic Violence,Indiranagar,12.974638,77.638925,2025-07-18,03:29:20,Medium,Under Investigation,19,Other
FIR04400,Cyber Crime,Yelahanka,13.099049,77.598078,2024-08-24,11:42:17,Medium,Under Investigation,47,Other
FIR04401,Fraud,Bellandur,12.927286,77.672048,2025-08-11,22:59:32,Medium,Under Investigation,60,Female
FIR04402,Domestic Violence,Marathahalli,12.960357,77.697084,2026-03-31,22:34:46,Medium,Open,41,Other
FIR04403,Theft,MG Road,12.978001,77.601282,2025-05-15,12:44:24,Low,Open,63,Female
FIR04404,Murder,Indiranagar,12.976292,77.644527,2024-10-22,22:03:51,High,Under Investigation,52,Other
FIR04405,Fraud,Rajajinagar,12.991203,77.553861,2025-04-06,11:54:29,Medium,Closed,62,Other
FIR04406,Kidnapping,Jayanagar,12.92791,77.597417,2025-04-27,05:11:08,High,Closed,34,Other
FIR04407,Assault,Jayanagar,12.926022,77.59415,2025-10-26,06:42:03,Medium,Open,35,Female
FIR04408,Vehicle Theft,Banashankari,12.917429,77.576832,2024-09-12,18:32:36,Low,Open,31,Male
FIR04409,Theft,Electronic City,12.837982,77.672128,2024-12-07,00:15:03,Low,Open,58,Male
FIR04410,Cyber Crime,Koramangala,12.931985,77.624507,2025-01-27,21:22:42,Medium,Closed,65,Male
FIR04411,Kidnapping,Electronic City,12.835566,77.672801,2025-12-30,03:18:21,High,Under Investigation,60,Other
FIR04412,Murder,MG Road,12.980541,77.609611,2025-06-10,17:14:46,High,Open,51,Other
FIR04413,Kidnapping,MG Road,12.972856,77.605062,2025-10-26,06:44:39,High,Under Investigation,23,Other
FIR04414,Domestic Violence,Indiranagar,12.979761,77.64081,2025-03-16,19:47:07,Medium,Under Investigation,27,Female
FIR04415,Domestic Violence,Malleshwaram,13.007567,77.566653,2025-01-01,00:25:05,Medium,Open,29,Other
FIR04416,Drug Offense,HSR Layout,12.916283,77.649736,2025-02-15,01:54:26,Medium,Under Investigation,69,Other
FIR04417,Cyber Crime,MG Road,12.975972,77.605868,2025-10-12,19:00:35,Medium,Closed,32,Female
FIR04418,Theft,Banashankari,12.92192,77.574095,2026-04-14,07:40:29,Low,Open,19,Male
FIR04419,Fraud,Bellandur,12.923328,77.675558,2024-10-08,16:59:47,Medium,Under Investigation,40,Female
FIR04420,Robbery,Koramangala,12.938531,77.623702,2025-02-19,16:17:29,High,Open,28,Male
FIR04421,Domestic Violence,Hebbal,13.034757,77.601986,2026-03-12,10:24:59,Medium,Closed,51,Male
FIR04422,Murder,Electronic City,12.844742,77.679322,2026-02-06,06:15:01,High,Under Investigation,28,Female
FIR04423,Theft,Malleshwaram,13.004455,77.567504,2026-02-05,00:02:01,Low,Open,19,Female
FIR04424,Domestic Violence,Jayanagar,12.921848,77.590261,2024-10-24,03:26:35,Medium,Closed,68,Other
FIR04425,Assault,Bellandur,12.924061,77.67975,2025-06-05,13:27:31,Medium,Closed,42,Other
FIR04426,Domestic Violence,Yelahanka,13.097228,77.600343,2025-07-22,05:27:36,Medium,Under Investigation,34,Male
FIR04427,Assault,Marathahalli,12.962957,77.700976,2026-02-27,14:15:48,Medium,Closed,65,Female
FIR04428,Theft,Rajajinagar,12.986973,77.550537,2024-09-27,15:17:55,Low,Under Investigation,53,Female
FIR04429,Theft,Yelahanka,13.104121,77.595671,2025-05-24,10:55:33,Low,Under Investigation,55,Female
FIR04430,Murder,MG Road,12.973388,77.602605,2026-07-23,19:42:19,High,Under Investigation,44,Male
FIR04431,Cyber Crime,Indiranagar,12.982574,77.644003,2026-03-20,16:06:32,Medium,Under Investigation,60,Male
FIR04432,Vehicle Theft,Koramangala,12.940061,77.626485,2025-05-13,08:05:35,Low,Open,24,Other
FIR04433,Fraud,Rajajinagar,12.991477,77.551111,2026-07-04,09:15:18,Medium,Under Investigation,28,Female
FIR04434,Domestic Violence,Malleshwaram,13.005521,77.568131,2026-03-08,04:49:58,Medium,Under Investigation,37,Female
FIR04435,Vehicle Theft,Electronic City,12.8382,77.679309,2025-06-16,20:38:15,Low,Closed,27,Male
FIR04436,Theft,Marathahalli,12.96277,77.698614,2025-02-02,17:29:08,Low,Under Investigation,66,Other
FIR04437,Robbery,Yelahanka,13.09993,77.597221,2026-05-29,16:32:54,High,Closed,39,Other
FIR04438,Cyber Crime,Whitefield,12.968104,77.745175,2025-11-20,17:02:45,Medium,Open,59,Other
FIR04439,Domestic Violence,MG Road,12.973497,77.600636,2025-10-11,18:20:39,Medium,Under Investigation,70,Male
FIR04440,Domestic Violence,Malleshwaram,12.998767,77.569528,2024-12-25,10:25:02,Medium,Open,66,Female
FIR04441,Domestic Violence,Whitefield,12.968423,77.747364,2025-12-16,22:06:07,Medium,Open,38,Male
FIR04442,Vehicle Theft,Koramangala,12.938762,77.621631,2025-03-28,23:31:36,Low,Closed,58,Female
FIR04443,Robbery,Rajajinagar,12.98781,77.558641,2024-09-03,19:45:28,High,Under Investigation,69,Other
FIR04444,Assault,BTM Layout,12.919882,77.611313,2025-01-19,00:34:28,Medium,Open,46,Male
FIR04445,Vehicle Theft,Koramangala,12.93171,77.622964,2025-11-09,17:13:25,Low,Open,56,Other
FIR04446,Theft,Whitefield,12.967532,77.752026,2026-06-04,23:08:18,Low,Open,43,Female
FIR04447,Domestic Violence,Electronic City,12.835838,77.681799,2026-03-30,08:27:41,Medium,Under Investigation,56,Other
FIR04448,Assault,Koramangala,12.935382,77.62704,2026-05-27,13:32:46,Medium,Open,64,Female
FIR04449,Domestic Violence,Marathahalli,12.956343,77.69941,2026-07-06,03:43:44,Medium,Closed,26,Other
FIR04450,Vehicle Theft,BTM Layout,12.912813,77.611604,2025-06-13,11:06:16,Low,Under Investigation,52,Other
FIR04451,Domestic Violence,Malleshwaram,13.000296,77.574877,2026-05-24,08:46:58,Medium,Under Investigation,58,Female
FIR04452,Assault,Electronic City,12.835376,77.6769,2025-03-29,11:49:24,Medium,Open,35,Male
FIR04453,Assault,Malleshwaram,13.00796,77.572044,2025-07-24,22:28:15,Medium,Under Investigation,50,Female
FIR04454,Robbery,Banashankari,12.916211,77.573897,2024-12-16,14:48:45,High,Closed,32,Male
FIR04455,Drug Offense,Malleshwaram,13.002181,77.573066,2025-03-10,09:46:48,Medium,Closed,32,Female
FIR04456,Drug Offense,Koramangala,12.936704,77.625987,2026-06-03,12:42:55,Medium,Open,31,Female
FIR04457,Drug Offense,Koramangala,12.93571,77.624738,2025-01-17,14:10:31,Medium,Closed,31,Female
FIR04458,Murder,BTM Layout,12.912513,77.610289,2025-04-21,07:03:42,High,Closed,65,Other
FIR04459,Drug Offense,Marathahalli,12.957913,77.700848,2025-11-11,08:26:30,Medium,Closed,55,Male
FIR04460,Assault,Electronic City,12.835931,77.677162,2025-11-16,08:58:36,Medium,Open,19,Other
FIR04461,Fraud,BTM Layout,12.912162,77.614646,2024-09-25,14:54:55,Medium,Open,69,Other
FIR04462,Assault,MG Road,12.978529,77.608543,2025-05-06,11:48:44,Medium,Closed,27,Other
FIR04463,Robbery,Electronic City,12.839884,77.678221,2025-11-05,18:55:12,High,Under Investigation,21,Other
FIR04464,Domestic Violence,HSR Layout,12.912583,77.64407,2024-08-17,12:12:05,Medium,Under Investigation,23,Other
FIR04465,Assault,Whitefield,12.967283,77.749483,2025-08-07,22:15:38,Medium,Closed,42,Other
FIR04466,Drug Offense,Bellandur,12.923176,77.675933,2026-02-02,18:59:37,Medium,Open,52,Female
FIR04467,Robbery,Rajajinagar,12.990199,77.554824,2025-12-13,02:51:35,High,Closed,22,Female
FIR04468,Fraud,Banashankari,12.914061,77.57513,2026-04-02,00:22:12,Medium,Closed,60,Other
FIR04469,Domestic Violence,MG Road,12.974001,77.603499,2025-02-16,07:34:34,Medium,Under Investigation,48,Other
FIR04470,Drug Offense,Hebbal,13.038486,77.600513,2026-05-12,09:11:23,Medium,Closed,42,Other
FIR04471,Theft,Malleshwaram,13.006582,77.567216,2024-08-01,06:06:53,Low,Under Investigation,52,Other
FIR04472,Robbery,Whitefield,12.967125,77.753794,2025-09-23,23:21:19,High,Closed,51,Female
FIR04473,Assault,Koramangala,12.940157,77.622903,2026-07-17,09:27:22,Medium,Open,62,Other
FIR04474,Vehicle Theft,Jayanagar,12.929381,77.590235,2026-03-19,03:11:39,Low,Closed,39,Female
FIR04475,Fraud,MG Road,12.979345,77.601608,2026-02-14,19:07:55,Medium,Closed,31,Male
FIR04476,Theft,Yelahanka,13.098282,77.599265,2025-05-19,07:38:20,Low,Open,63,Male
FIR04477,Robbery,Malleshwaram,12.999382,77.567843,2025-07-30,21:59:39,High,Under Investigation,70,Other
FIR04478,Cyber Crime,MG Road,12.979318,77.603039,2025-12-17,22:51:33,Medium,Open,33,Male
FIR04479,Fraud,BTM Layout,12.912191,77.610845,2026-04-02,01:57:09,Medium,Closed,49,Female
FIR04480,Cyber Crime,Koramangala,12.932825,77.621966,2024-10-27,20:17:43,Medium,Closed,30,Other
FIR04481,Fraud,Rajajinagar,12.988021,77.552334,2025-01-02,22:07:27,Medium,Open,51,Female
FIR04482,Assault,Bellandur,12.930209,77.673688,2025-11-26,00:42:09,Medium,Under Investigation,38,Other
FIR04483,Theft,Malleshwaram,13.000688,77.572456,2026-04-13,01:15:54,Low,Closed,23,Male
FIR04484,Murder,Koramangala,12.938772,77.629222,2025-10-11,20:51:36,High,Closed,69,Other
FIR04485,Fraud,Bellandur,12.923888,77.673675,2026-06-23,03:44:11,Medium,Closed,30,Female
FIR04486,Robbery,Malleshwaram,12.999609,77.567051,2026-02-05,22:41:18,High,Closed,67,Other
FIR04487,Fraud,Banashankari,12.914204,77.577602,2025-10-02,22:36:28,Medium,Open,26,Male
FIR04488,Fraud,Banashankari,12.914845,77.574035,2025-04-19,04:21:28,Medium,Closed,23,Male
FIR04489,Theft,Hebbal,13.034751,77.601901,2025-06-03,00:35:28,Low,Closed,47,Male
FIR04490,Domestic Violence,Indiranagar,12.978824,77.641419,2025-10-09,21:30:44,Medium,Open,42,Male
FIR04491,Vehicle Theft,HSR Layout,12.90893,77.649495,2026-02-09,01:53:12,Low,Closed,27,Male
FIR04492,Vehicle Theft,Indiranagar,12.973975,77.638358,2025-12-20,06:44:28,Low,Closed,52,Male
FIR04493,Robbery,Indiranagar,12.976269,77.637468,2026-05-12,00:09:05,High,Under Investigation,48,Female
FIR04494,Vehicle Theft,HSR Layout,12.909922,77.642486,2025-10-22,08:20:15,Low,Closed,50,Other
FIR04495,Cyber Crime,MG Road,12.97618,77.609775,2025-10-03,23:51:38,Medium,Closed,51,Other
FIR04496,Cyber Crime,HSR Layout,12.916199,77.647287,2025-06-16,21:37:30,Medium,Under Investigation,19,Other
FIR04497,Cyber Crime,Jayanagar,12.926568,77.594184,2026-01-20,19:08:45,Medium,Closed,61,Male
FIR04498,Fraud,MG Road,12.970764,77.606029,2025-02-18,02:39:39,Medium,Closed,55,Other
FIR04499,Kidnapping,Indiranagar,12.981869,77.638198,2025-02-19,06:51:00,High,Closed,68,Other
FIR04500,Robbery,Indiranagar,12.977545,77.63779,2025-02-17,18:14:38,High,Open,37,Male
FIR04501,Murder,HSR Layout,12.909902,77.650846,2025-04-17,19:54:18,High,Open,61,Male
FIR04502,Cyber Crime,Whitefield,12.968948,77.748814,2025-04-15,08:45:51,Medium,Closed,59,Other
FIR04503,Theft,Malleshwaram,13.000741,77.567617,2025-02-20,16:35:34,Low,Closed,51,Other
FIR04504,Drug Offense,Bellandur,12.929714,77.675087,2024-12-18,14:41:20,Medium,Closed,39,Male
FIR04505,Murder,Electronic City,12.837688,77.681384,2026-02-09,05:47:24,High,Under Investigation,49,Female
FIR04506,Theft,Hebbal,13.03103,77.595227,2026-06-24,18:46:24,Low,Open,47,Other
FIR04507,Drug Offense,Koramangala,12.933102,77.621676,2026-04-06,04:28:09,Medium,Under Investigation,23,Female
FIR04508,Murder,Koramangala,12.93337,77.619878,2026-01-16,20:21:35,High,Closed,27,Male
FIR04509,Drug Offense,Electronic City,12.838902,77.681788,2024-10-05,20:30:53,Medium,Under Investigation,29,Other
FIR04510,Fraud,Rajajinagar,12.993804,77.55636,2024-12-31,02:37:25,Medium,Under Investigation,53,Female
FIR04511,Drug Offense,Yelahanka,13.100927,77.596968,2024-08-21,04:29:57,Medium,Under Investigation,43,Male
FIR04512,Theft,BTM Layout,12.917212,77.606017,2025-12-26,02:53:40,Low,Closed,51,Male
FIR04513,Theft,HSR Layout,12.915942,77.649877,2026-05-24,05:22:08,Low,Under Investigation,40,Male
FIR04514,Fraud,Electronic City,12.83498,77.675813,2025-01-05,12:19:55,Medium,Open,50,Male
FIR04515,Drug Offense,BTM Layout,12.918605,77.607831,2025-09-01,16:13:56,Medium,Closed,36,Female
FIR04516,Murder,Yelahanka,13.09648,77.592603,2024-10-29,21:29:01,High,Closed,49,Female
FIR04517,Assault,Jayanagar,12.928027,77.598331,2024-07-30,15:05:10,Medium,Open,31,Male
FIR04518,Murder,Bellandur,12.925375,77.674731,2025-12-21,10:49:04,High,Under Investigation,64,Female
FIR04519,Domestic Violence,Banashankari,12.918226,77.570368,2025-06-18,20:44:42,Medium,Under Investigation,69,Female
FIR04520,Robbery,Electronic City,12.839789,77.672145,2025-11-21,04:47:26,High,Open,56,Male
FIR04521,Assault,MG Road,12.977579,77.600311,2026-04-15,06:49:49,Medium,Closed,38,Other
FIR04522,Fraud,Indiranagar,12.978575,77.638375,2025-01-06,13:12:42,Medium,Under Investigation,32,Male
FIR04523,Murder,BTM Layout,12.919814,77.605276,2025-11-17,23:35:05,High,Closed,58,Female
FIR04524,Domestic Violence,Jayanagar,12.922226,77.591655,2026-01-12,21:14:38,Medium,Closed,58,Male
FIR04525,Kidnapping,Electronic City,12.838905,77.675792,2024-12-10,03:43:38,High,Open,34,Female
FIR04526,Fraud,Bellandur,12.924249,77.672153,2025-07-26,09:51:09,Medium,Under Investigation,46,Male
FIR04527,Theft,Malleshwaram,13.00244,77.567342,2025-06-13,11:30:28,Low,Closed,18,Female
FIR04528,Theft,Bellandur,12.927164,77.678883,2025-06-27,01:59:21,Low,Under Investigation,49,Other
FIR04529,Kidnapping,Banashankari,12.914293,77.571783,2025-09-12,21:41:06,High,Open,29,Female
FIR04530,Assault,Malleshwaram,13.003149,77.569615,2024-11-13,17:22:56,Medium,Under Investigation,45,Other
FIR04531,Assault,Jayanagar,12.928595,77.596866,2025-06-24,10:13:38,Medium,Closed,45,Other
FIR04532,Fraud,Hebbal,13.032367,77.596226,2025-05-06,03:37:52,Medium,Open,62,Male
FIR04533,Domestic Violence,HSR Layout,12.911522,77.651725,2026-03-19,01:41:18,Medium,Closed,52,Male
FIR04534,Cyber Crime,Rajajinagar,12.990486,77.559148,2024-08-17,09:37:41,Medium,Closed,56,Male
FIR04535,Cyber Crime,Marathahalli,12.959748,77.69521,2025-01-20,11:50:54,Medium,Open,67,Male
FIR04536,Robbery,HSR Layout,12.912084,77.645929,2024-10-15,04:16:08,High,Open,70,Male
FIR04537,Assault,Hebbal,13.03301,77.592039,2026-03-15,20:38:15,Medium,Under Investigation,38,Female
FIR04538,Theft,Indiranagar,12.975945,77.645699,2025-04-03,06:29:38,Low,Under Investigation,70,Male
FIR04539,Assault,Electronic City,12.843845,77.677008,2025-03-07,12:19:51,Medium,Under Investigation,45,Other
FIR04540,Vehicle Theft,Whitefield,12.97233,77.751325,2024-12-20,02:32:22,Low,Open,59,Male
FIR04541,Assault,Marathahalli,12.958496,77.695158,2025-05-11,11:38:22,Medium,Open,61,Male
FIR04542,Domestic Violence,Electronic City,12.836326,77.675027,2025-10-28,22:24:25,Medium,Open,37,Male
FIR04543,Assault,Hebbal,13.034928,77.596045,2026-04-13,22:54:52,Medium,Open,69,Female
FIR04544,Fraud,HSR Layout,12.913039,77.649226,2024-12-16,05:58:33,Medium,Open,48,Male
FIR04545,Drug Offense,Hebbal,13.039519,77.596999,2025-07-11,09:18:53,Medium,Open,22,Other
FIR04546,Cyber Crime,Marathahalli,12.959671,77.699715,2024-12-05,12:46:03,Medium,Closed,57,Other
FIR04547,Drug Offense,Banashankari,12.919423,77.573293,2025-04-10,03:00:45,Medium,Open,21,Other
FIR04548,Theft,Yelahanka,13.100827,77.600891,2025-02-21,20:12:20,Low,Closed,21,Male
FIR04549,Robbery,BTM Layout,12.912189,77.610113,2024-11-30,20:42:54,High,Open,31,Female
FIR04550,Cyber Crime,Electronic City,12.844407,77.675439,2025-05-14,17:30:07,Medium,Open,51,Female
FIR04551,Drug Offense,Yelahanka,13.096288,77.593169,2026-04-16,13:37:57,Medium,Closed,38,Male
FIR04552,Domestic Violence,Indiranagar,12.974984,77.639066,2026-03-08,10:52:47,Medium,Open,67,Male
FIR04553,Kidnapping,Rajajinagar,12.987368,77.557061,2025-12-29,16:47:52,High,Under Investigation,57,Female
FIR04554,Drug Offense,Banashankari,12.921724,77.570024,2026-03-11,15:37:18,Medium,Under Investigation,19,Male
FIR04555,Theft,Koramangala,12.930456,77.626653,2025-09-17,07:29:41,Low,Under Investigation,46,Female
FIR04556,Drug Offense,Whitefield,12.967932,77.746192,2026-04-12,10:31:05,Medium,Under Investigation,27,Other
FIR04557,Robbery,Bellandur,12.925749,77.678581,2024-12-22,11:18:04,High,Closed,57,Male
FIR04558,Fraud,Bellandur,12.93013,77.672873,2026-01-28,21:13:21,Medium,Closed,30,Female
FIR04559,Fraud,HSR Layout,12.909267,77.651261,2025-12-24,17:03:23,Medium,Closed,59,Female
FIR04560,Cyber Crime,Whitefield,12.968688,77.747987,2025-03-08,10:23:41,Medium,Closed,66,Other
FIR04561,Vehicle Theft,Marathahalli,12.957015,77.702298,2025-10-07,10:28:59,Low,Closed,63,Other
FIR04562,Drug Offense,MG Road,12.976681,77.606293,2025-08-16,18:25:19,Medium,Open,19,Female
FIR04563,Vehicle Theft,Bellandur,12.925705,77.680531,2025-06-12,16:33:18,Low,Under Investigation,69,Male
FIR04564,Fraud,Malleshwaram,13.003184,77.568102,2025-12-17,20:14:20,Medium,Closed,26,Male
FIR04565,Vehicle Theft,Whitefield,12.974612,77.749083,2024-09-04,18:44:22,Low,Open,33,Male
FIR04566,Kidnapping,Jayanagar,12.924054,77.59014,2026-06-18,17:26:22,High,Under Investigation,70,Female
FIR04567,Drug Offense,Rajajinagar,12.989273,77.555783,2025-02-02,04:43:09,Medium,Closed,42,Male
FIR04568,Robbery,Indiranagar,12.978073,77.638882,2025-10-03,07:55:30,High,Closed,49,Female
FIR04569,Assault,Rajajinagar,12.993806,77.551605,2024-08-29,22:04:57,Medium,Under Investigation,48,Other
FIR04570,Robbery,Bellandur,12.928338,77.680056,2025-03-25,00:33:40,High,Closed,66,Female
FIR04571,Vehicle Theft,Whitefield,12.971916,77.745825,2025-01-18,22:18:34,Low,Closed,40,Female
FIR04572,Cyber Crime,Rajajinagar,12.990276,77.550614,2025-02-24,04:28:56,Medium,Under Investigation,56,Other
FIR04573,Murder,Rajajinagar,12.995976,77.555613,2026-01-19,11:43:30,High,Open,53,Female
FIR04574,Drug Offense,HSR Layout,12.910098,77.642613,2025-02-05,18:04:40,Medium,Open,28,Male
FIR04575,Assault,BTM Layout,12.921486,77.609005,2024-11-10,21:01:20,Medium,Closed,67,Female
FIR04576,Murder,Yelahanka,13.103664,77.597204,2025-03-30,18:23:21,High,Open,70,Male
FIR04577,Murder,Marathahalli,12.962284,77.69724,2025-04-17,05:48:12,High,Under Investigation,66,Other
FIR04578,Drug Offense,Banashankari,12.922668,77.574246,2026-04-01,09:40:19,Medium,Open,40,Female
FIR04579,Assault,Koramangala,12.938084,77.623997,2025-12-31,13:00:57,Medium,Open,57,Female
FIR04580,Vehicle Theft,Koramangala,12.938798,77.627313,2025-05-11,13:40:06,Low,Closed,39,Other
FIR04581,Domestic Violence,Rajajinagar,12.988942,77.553719,2025-05-27,08:22:20,Medium,Open,23,Other
FIR04582,Theft,BTM Layout,12.917735,77.606497,2024-09-04,03:52:33,Low,Open,56,Male
FIR04583,Domestic Violence,Rajajinagar,12.988595,77.558049,2024-08-16,19:59:27,Medium,Closed,59,Male
FIR04584,Cyber Crime,Marathahalli,12.954929,77.700529,2025-07-26,07:31:09,Medium,Under Investigation,62,Other
FIR04585,Theft,Indiranagar,12.974421,77.641168,2025-08-13,08:30:37,Low,Closed,66,Male
FIR04586,Murder,Electronic City,12.837726,77.673211,2026-01-22,04:26:25,High,Closed,59,Female
FIR04587,Assault,Hebbal,13.035932,77.597516,2025-01-19,05:30:23,Medium,Under Investigation,28,Male
FIR04588,Theft,Rajajinagar,12.992136,77.554622,2024-10-10,04:50:10,Low,Open,43,Other
FIR04589,Theft,Rajajinagar,12.993153,77.549705,2024-11-25,03:11:43,Low,Open,19,Male
FIR04590,Kidnapping,Rajajinagar,12.993247,77.553295,2025-08-15,15:21:58,High,Under Investigation,64,Other
FIR04591,Kidnapping,Koramangala,12.939938,77.624616,2025-06-11,01:46:28,High,Open,18,Male
FIR04592,Cyber Crime,Bellandur,12.930577,77.674095,2026-02-07,08:19:27,Medium,Open,52,Other
FIR04593,Robbery,MG Road,12.978322,77.606392,2025-09-12,15:55:05,High,Closed,35,Male
FIR04594,Assault,Yelahanka,13.097528,77.593358,2024-07-30,20:25:32,Medium,Open,50,Female
FIR04595,Domestic Violence,Bellandur,12.928108,77.672557,2026-06-16,17:57:57,Medium,Open,42,Female
FIR04596,Assault,Hebbal,13.032757,77.601725,2025-11-03,03:40:31,Medium,Under Investigation,43,Female
FIR04597,Drug Offense,Marathahalli,12.956333,77.696533,2026-04-16,19:42:20,Medium,Closed,35,Other
FIR04598,Murder,MG Road,12.971365,77.606228,2025-12-03,08:10:53,High,Under Investigation,45,Female
FIR04599,Domestic Violence,MG Road,12.977512,77.603157,2024-10-26,13:25:15,Medium,Closed,48,Male
FIR04600,Cyber Crime,Banashankari,12.916214,77.573305,2024-10-19,08:41:35,Medium,Under Investigation,23,Female
FIR04601,Robbery,MG Road,12.97916,77.604483,2024-08-21,02:04:24,High,Under Investigation,28,Female
FIR04602,Fraud,MG Road,12.973607,77.609015,2024-11-19,22:35:06,Medium,Closed,69,Female
FIR04603,Domestic Violence,Bellandur,12.930346,77.680799,2025-11-06,17:38:59,Medium,Closed,26,Male
FIR04604,Fraud,Electronic City,12.83849,77.674926,2026-01-23,19:07:28,Medium,Under Investigation,54,Female
FIR04605,Assault,Hebbal,13.039052,77.601433,2025-08-28,21:03:07,Medium,Open,41,Other
FIR04606,Robbery,Malleshwaram,13.006353,77.571331,2025-06-29,22:40:54,High,Open,41,Other
FIR04607,Robbery,BTM Layout,12.918357,77.610086,2025-12-22,19:57:56,High,Open,36,Other
FIR04608,Domestic Violence,MG Road,12.973528,77.606084,2024-08-08,00:03:18,Medium,Under Investigation,40,Male
FIR04609,Murder,Bellandur,12.929381,77.677915,2024-09-09,06:25:51,High,Closed,51,Female
FIR04610,Robbery,Electronic City,12.835373,77.679269,2025-04-11,12:23:33,High,Closed,58,Other
FIR04611,Cyber Crime,HSR Layout,12.909789,77.648593,2026-02-05,13:27:11,Medium,Under Investigation,45,Male
FIR04612,Theft,Yelahanka,13.096593,77.599117,2024-10-30,02:12:21,Low,Closed,44,Male
FIR04613,Murder,HSR Layout,12.913845,77.644817,2026-06-24,02:01:02,High,Open,65,Male
FIR04614,Robbery,Indiranagar,12.973944,77.637909,2026-05-02,11:23:24,High,Under Investigation,39,Male
FIR04615,Domestic Violence,Koramangala,12.940148,77.628683,2026-01-12,12:14:52,Medium,Open,31,Other
FIR04616,Domestic Violence,Jayanagar,12.927061,77.597529,2026-03-19,12:04:20,Medium,Open,63,Male
FIR04617,Murder,Indiranagar,12.979833,77.642429,2025-06-28,09:28:15,High,Under Investigation,68,Male
FIR04618,Drug Offense,MG Road,12.979398,77.601501,2025-01-20,23:20:22,Medium,Closed,61,Other
FIR04619,Murder,Jayanagar,12.923432,77.59563,2025-12-05,07:08:33,High,Open,49,Male
FIR04620,Assault,Malleshwaram,13.002617,77.574132,2026-07-17,00:24:04,Medium,Closed,59,Male
FIR04621,Cyber Crime,MG Road,12.973806,77.600394,2025-11-07,08:53:48,Medium,Open,28,Female
FIR04622,Drug Offense,Banashankari,12.916486,77.573664,2025-03-22,18:01:38,Medium,Open,64,Female
FIR04623,Domestic Violence,HSR Layout,12.907032,77.650343,2025-01-18,19:24:00,Medium,Open,38,Male
FIR04624,Drug Offense,Banashankari,12.921153,77.572454,2024-09-15,21:51:54,Medium,Open,41,Female
FIR04625,Drug Offense,Electronic City,12.838933,77.673843,2025-12-21,20:15:25,Medium,Under Investigation,20,Male
FIR04626,Robbery,Koramangala,12.933462,77.623072,2026-03-26,03:30:34,High,Closed,66,Male
FIR04627,Fraud,Yelahanka,13.095962,77.595533,2025-09-24,06:59:20,Medium,Open,27,Male
FIR04628,Kidnapping,Yelahanka,13.097736,77.591584,2025-12-11,02:34:07,High,Closed,57,Female
FIR04629,Vehicle Theft,Whitefield,12.965196,77.75327,2024-08-31,23:31:18,Low,Open,59,Female
FIR04630,Theft,Marathahalli,12.958673,77.69714,2026-03-31,12:25:58,Low,Under Investigation,27,Male
FIR04631,Fraud,Indiranagar,12.976726,77.63911,2025-05-07,21:07:36,Medium,Open,64,Male
FIR04632,Robbery,Rajajinagar,12.987667,77.554111,2026-06-02,09:59:34,High,Open,21,Female
FIR04633,Vehicle Theft,Rajajinagar,12.991826,77.554668,2026-04-19,19:54:57,Low,Under Investigation,18,Other
FIR04634,Assault,Bellandur,12.930723,77.679629,2026-04-03,21:12:59,Medium,Under Investigation,29,Female
FIR04635,Domestic Violence,Bellandur,12.927948,77.673444,2024-12-04,16:40:39,Medium,Under Investigation,56,Other
FIR04636,Theft,Marathahalli,12.955649,77.702287,2024-07-26,14:01:25,Low,Closed,46,Female
FIR04637,Domestic Violence,MG Road,12.977995,77.6098,2025-04-21,09:00:56,Medium,Under Investigation,31,Male
FIR04638,Vehicle Theft,Whitefield,12.972918,77.748836,2024-10-28,14:47:05,Low,Open,57,Male
FIR04639,Vehicle Theft,Whitefield,12.974759,77.748958,2024-07-23,04:44:46,Low,Closed,65,Female
FIR04640,Vehicle Theft,MG Road,12.978267,77.604991,2026-01-15,07:41:45,Low,Closed,23,Female
FIR04641,Kidnapping,Koramangala,12.939998,77.619523,2024-07-25,20:09:00,High,Closed,28,Female
FIR04642,Theft,Indiranagar,12.979772,77.63881,2025-04-05,05:42:00,Low,Open,45,Female
FIR04643,Robbery,Koramangala,12.937082,77.623938,2025-06-10,23:25:19,High,Open,21,Female
FIR04644,Murder,HSR Layout,12.913861,77.647733,2026-06-12,11:31:48,High,Open,66,Male
FIR04645,Murder,Whitefield,12.964947,77.747475,2026-07-15,14:05:11,High,Closed,55,Male
FIR04646,Domestic Violence,BTM Layout,12.92003,77.6091,2025-08-19,02:37:19,Medium,Under Investigation,33,Other
FIR04647,Murder,Jayanagar,12.927111,77.596824,2026-04-30,14:06:16,High,Under Investigation,44,Female
FIR04648,Murder,Banashankari,12.920751,77.569547,2026-02-07,16:50:16,High,Closed,26,Other
FIR04649,Assault,Malleshwaram,13.008307,77.567081,2026-03-24,23:10:33,Medium,Open,27,Female
FIR04650,Assault,Indiranagar,12.977367,77.640699,2026-04-05,05:16:50,Medium,Closed,68,Other
FIR04651,Kidnapping,Bellandur,12.930098,77.674947,2025-03-20,09:40:37,High,Under Investigation,47,Female
FIR04652,Murder,Koramangala,12.931098,77.621832,2025-05-06,09:52:16,High,Open,68,Male
FIR04653,Robbery,Hebbal,13.03982,77.600889,2025-05-15,15:51:28,High,Under Investigation,42,Female
FIR04654,Kidnapping,BTM Layout,12.919948,77.612588,2026-07-19,02:47:31,High,Under Investigation,64,Male
FIR04655,Domestic Violence,Banashankari,12.916265,77.576867,2026-05-11,13:49:12,Medium,Open,60,Female
FIR04656,Drug Offense,MG Road,12.97872,77.60431,2026-04-17,22:21:02,Medium,Closed,29,Female
FIR04657,Murder,Koramangala,12.930789,77.627211,2025-09-27,00:46:28,High,Open,28,Other
FIR04658,Robbery,Electronic City,12.836402,77.674355,2024-12-25,02:47:55,High,Under Investigation,62,Male
FIR04659,Drug Offense,MG Road,12.974635,77.603763,2025-12-24,19:52:47,Medium,Under Investigation,46,Other
FIR04660,Fraud,Malleshwaram,13.008348,77.572851,2026-01-01,14:00:37,Medium,Under Investigation,50,Other
FIR04661,Robbery,Indiranagar,12.977205,77.637276,2026-06-12,05:11:14,High,Open,58,Male
FIR04662,Drug Offense,BTM Layout,12.92041,77.611345,2025-07-21,17:57:20,Medium,Under Investigation,58,Female
FIR04663,Domestic Violence,BTM Layout,12.918144,77.607012,2026-04-25,08:53:15,Medium,Closed,41,Other
FIR04664,Domestic Violence,Indiranagar,12.981446,77.6448,2025-08-26,21:36:53,Medium,Under Investigation,69,Male
FIR04665,Cyber Crime,Koramangala,12.937449,77.619526,2026-04-04,23:56:13,Medium,Closed,21,Female
FIR04666,Domestic Violence,Marathahalli,12.954455,77.696443,2025-11-03,04:32:48,Medium,Under Investigation,42,Female
FIR04667,Drug Offense,Whitefield,12.966129,77.751667,2024-08-26,22:30:41,Medium,Under Investigation,65,Female
FIR04668,Domestic Violence,Jayanagar,12.928274,77.595697,2025-06-26,14:37:35,Medium,Under Investigation,43,Male
FIR04669,Fraud,Koramangala,12.934266,77.628231,2025-01-11,07:17:10,Medium,Closed,49,Other
FIR04670,Drug Offense,Rajajinagar,12.991558,77.557749,2025-03-28,21:10:46,Medium,Under Investigation,25,Other
FIR04671,Cyber Crime,Whitefield,12.972166,77.748133,2026-02-27,13:16:51,Medium,Open,69,Female
FIR04672,Cyber Crime,MG Road,12.972501,77.604694,2025-01-15,10:01:17,Medium,Under Investigation,51,Male
FIR04673,Theft,MG Road,12.977461,77.605349,2025-08-24,08:58:32,Low,Open,40,Female
FIR04674,Murder,Indiranagar,12.973587,77.639818,2026-01-07,08:55:13,High,Under Investigation,20,Male
FIR04675,Theft,HSR Layout,12.915849,77.649407,2026-02-01,13:09:26,Low,Closed,36,Other
FIR04676,Theft,Jayanagar,12.923013,77.597105,2025-07-10,23:33:49,Low,Closed,44,Male
FIR04677,Kidnapping,MG Road,12.97342,77.601012,2025-11-21,20:25:19,High,Open,25,Other
FIR04678,Drug Offense,Rajajinagar,12.992417,77.55457,2024-12-20,13:21:33,Medium,Closed,61,Male
FIR04679,Domestic Violence,HSR Layout,12.906835,77.644699,2025-05-14,15:04:03,Medium,Closed,30,Male
FIR04680,Cyber Crime,Rajajinagar,12.993995,77.55372,2025-01-06,12:47:02,Medium,Closed,29,Other
FIR04681,Kidnapping,Hebbal,13.034662,77.595666,2025-03-01,18:33:38,High,Open,49,Other
FIR04682,Fraud,Indiranagar,12.982835,77.645117,2026-02-05,05:04:37,Medium,Open,25,Female
FIR04683,Murder,Malleshwaram,13.003985,77.567974,2024-09-14,12:49:53,High,Open,52,Female
FIR04684,Drug Offense,Koramangala,12.933636,77.623444,2026-04-28,19:49:11,Medium,Open,36,Female
FIR04685,Vehicle Theft,Indiranagar,12.978512,77.641291,2024-12-26,02:38:22,Low,Under Investigation,68,Other
FIR04686,Cyber Crime,Whitefield,12.972225,77.745777,2025-05-13,05:26:26,Medium,Closed,61,Other
FIR04687,Fraud,Koramangala,12.937706,77.628786,2025-09-21,05:44:28,Medium,Open,70,Other
FIR04688,Drug Offense,Marathahalli,12.959876,77.699966,2025-03-11,03:13:24,Medium,Under Investigation,22,Female
FIR04689,Murder,Bellandur,12.929556,77.67751,2025-06-21,14:23:46,High,Open,22,Male
FIR04690,Vehicle Theft,Bellandur,12.928892,77.675475,2025-05-02,10:50:10,Low,Closed,44,Female
FIR04691,Vehicle Theft,Malleshwaram,13.003523,77.571236,2025-05-20,08:34:21,Low,Closed,25,Male
FIR04692,Cyber Crime,Rajajinagar,12.993926,77.552653,2025-08-30,19:59:05,Medium,Open,35,Female
FIR04693,Kidnapping,Yelahanka,13.105365,77.592412,2025-06-11,16:55:45,High,Closed,66,Female
FIR04694,Assault,BTM Layout,12.918957,77.608477,2025-11-02,23:25:30,Medium,Under Investigation,37,Female
FIR04695,Theft,Rajajinagar,12.990202,77.551122,2024-12-20,00:06:00,Low,Open,33,Female
FIR04696,Drug Offense,Electronic City,12.839531,77.674881,2025-03-26,10:32:32,Medium,Closed,59,Female
FIR04697,Vehicle Theft,Malleshwaram,12.999456,77.56787,2025-08-20,06:32:29,Low,Under Investigation,35,Female
FIR04698,Cyber Crime,Jayanagar,12.929831,77.594127,2025-04-16,04:13:51,Medium,Open,27,Male
FIR04699,Theft,Whitefield,12.965474,77.752214,2025-04-08,14:13:19,Low,Closed,25,Female
FIR04700,Robbery,MG Road,12.976876,77.605841,2025-04-24,01:55:47,High,Under Investigation,51,Female
FIR04701,Fraud,Indiranagar,12.97397,77.64239,2026-02-01,22:23:22,Medium,Open,28,Other
FIR04702,Fraud,HSR Layout,12.913087,77.651744,2025-10-01,18:12:34,Medium,Under Investigation,25,Male
FIR04703,Vehicle Theft,Koramangala,12.931237,77.628573,2026-05-19,21:04:15,Low,Closed,56,Female
FIR04704,Murder,Indiranagar,12.976443,77.642943,2024-09-05,23:49:48,High,Under Investigation,69,Female
FIR04705,Kidnapping,MG Road,12.976112,77.609032,2024-11-07,06:21:46,High,Open,31,Other
FIR04706,Cyber Crime,MG Road,12.97433,77.606007,2025-12-09,22:47:05,Medium,Closed,26,Female
FIR04707,Domestic Violence,Yelahanka,13.099077,77.600262,2024-11-04,15:38:47,Medium,Under Investigation,52,Female
FIR04708,Theft,Koramangala,12.934333,77.62485,2026-06-09,12:53:37,Low,Closed,69,Male
FIR04709,Kidnapping,Banashankari,12.922958,77.575464,2024-07-26,05:49:04,High,Closed,53,Female
FIR04710,Drug Offense,Yelahanka,13.098446,77.59153,2026-05-07,19:37:47,Medium,Closed,50,Female
FIR04711,Cyber Crime,Koramangala,12.937709,77.627458,2024-11-01,14:52:59,Medium,Open,30,Male
FIR04712,Vehicle Theft,MG Road,12.979431,77.607271,2025-11-04,09:41:21,Low,Closed,66,Male
FIR04713,Fraud,Indiranagar,12.976265,77.643766,2026-07-23,15:12:39,Medium,Under Investigation,51,Female
FIR04714,Drug Offense,Marathahalli,12.963328,77.696487,2026-02-06,17:16:14,Medium,Open,65,Other
FIR04715,Theft,Rajajinagar,12.986865,77.557413,2024-09-02,08:43:55,Low,Under Investigation,61,Female
FIR04716,Kidnapping,Malleshwaram,13.003266,77.569581,2025-06-18,20:04:55,High,Open,56,Female
FIR04717,Robbery,Malleshwaram,13.000654,77.569331,2025-10-06,17:32:18,High,Under Investigation,41,Other
FIR04718,Murder,MG Road,12.973499,77.600435,2025-08-26,01:17:18,High,Closed,46,Male
FIR04719,Theft,Whitefield,12.966238,77.747286,2025-01-31,01:41:05,Low,Under Investigation,67,Male
FIR04720,Assault,Koramangala,12.937567,77.623575,2025-07-01,23:40:00,Medium,Open,55,Male
FIR04721,Vehicle Theft,Koramangala,12.931745,77.622111,2026-03-01,11:41:25,Low,Open,63,Other
FIR04722,Assault,MG Road,12.97512,77.608209,2025-04-01,04:41:59,Medium,Under Investigation,32,Male
FIR04723,Cyber Crime,Marathahalli,12.955487,77.695954,2026-06-04,05:29:26,Medium,Closed,41,Male
FIR04724,Murder,Banashankari,12.916553,77.570276,2025-04-01,03:36:29,High,Under Investigation,69,Male
FIR04725,Theft,Jayanagar,12.928018,77.591031,2026-02-12,16:45:40,Low,Under Investigation,44,Female
FIR04726,Assault,MG Road,12.971893,77.602466,2025-01-25,22:32:34,Medium,Closed,50,Male
FIR04727,Assault,Bellandur,12.929509,77.679087,2025-07-25,20:16:15,Medium,Open,52,Other
FIR04728,Vehicle Theft,Yelahanka,13.09809,77.595892,2024-11-01,21:26:35,Low,Under Investigation,58,Female
FIR04729,Murder,Banashankari,12.916674,77.572546,2026-04-26,13:59:22,High,Under Investigation,70,Male
FIR04730,Kidnapping,Bellandur,12.929968,77.673723,2025-05-29,07:36:00,High,Under Investigation,22,Male
FIR04731,Theft,MG Road,12.979974,77.600178,2025-03-14,12:45:01,Low,Under Investigation,69,Other
FIR04732,Murder,BTM Layout,12.921095,77.605628,2024-11-14,12:33:38,High,Open,21,Male
FIR04733,Domestic Violence,Hebbal,13.036844,77.595358,2026-06-14,05:32:20,Medium,Closed,37,Female
FIR04734,Theft,Jayanagar,12.923979,77.590939,2024-08-05,10:27:57,Low,Closed,44,Female
FIR04735,Robbery,Koramangala,12.938881,77.622772,2024-09-16,01:29:20,High,Open,21,Other
FIR04736,Kidnapping,Whitefield,12.971019,77.747092,2026-02-02,20:51:02,High,Closed,30,Male
FIR04737,Drug Offense,Marathahalli,12.954363,77.695786,2025-04-01,10:03:28,Medium,Open,62,Male
FIR04738,Domestic Violence,Rajajinagar,12.989855,77.553221,2024-11-23,08:06:26,Medium,Under Investigation,54,Male
FIR04739,Theft,Yelahanka,13.102855,77.596632,2024-08-10,07:57:16,Low,Under Investigation,43,Male
FIR04740,Drug Offense,Indiranagar,12.981902,77.639839,2024-08-10,16:48:45,Medium,Under Investigation,60,Female
FIR04741,Vehicle Theft,Banashankari,12.916698,77.569182,2026-03-08,07:15:59,Low,Under Investigation,32,Other
FIR04742,Murder,Whitefield,12.974658,77.748945,2024-10-12,18:09:21,High,Under Investigation,52,Female
FIR04743,Theft,Electronic City,12.835252,77.678305,2025-07-25,02:16:52,Low,Under Investigation,37,Other
FIR04744,Domestic Violence,Jayanagar,12.924459,77.598064,2024-11-20,07:29:21,Medium,Closed,53,Male
FIR04745,Kidnapping,Indiranagar,12.979513,77.63855,2026-05-29,16:29:50,High,Closed,39,Female
FIR04746,Murder,Koramangala,12.933577,77.626476,2024-12-09,15:41:39,High,Closed,42,Other
FIR04747,Kidnapping,Yelahanka,13.102004,77.600763,2024-09-14,04:02:56,High,Under Investigation,37,Male
FIR04748,Assault,Marathahalli,12.95905,77.694567,2026-04-23,09:41:58,Medium,Closed,31,Female
FIR04749,Robbery,Rajajinagar,12.993811,77.555321,2026-01-21,20:41:03,High,Open,66,Female
FIR04750,Theft,Bellandur,12.924832,77.677858,2025-07-08,04:50:27,Low,Closed,36,Other
FIR04751,Cyber Crime,Bellandur,12.926881,77.674887,2025-04-19,22:29:03,Medium,Under Investigation,28,Female
FIR04752,Robbery,Banashankari,12.916815,77.57753,2024-11-06,21:17:44,High,Open,58,Male
FIR04753,Vehicle Theft,Banashankari,12.918242,77.575546,2024-08-26,11:32:44,Low,Under Investigation,44,Male
FIR04754,Drug Offense,Banashankari,12.919873,77.573444,2025-11-20,10:28:40,Medium,Open,51,Other
FIR04755,Kidnapping,Rajajinagar,12.994245,77.55421,2024-09-07,17:35:51,High,Under Investigation,38,Male
FIR04756,Domestic Violence,Jayanagar,12.926782,77.591478,2024-12-28,14:55:34,Medium,Open,43,Female
FIR04757,Theft,Marathahalli,12.956207,77.692846,2024-09-18,12:30:20,Low,Closed,24,Male
FIR04758,Vehicle Theft,Rajajinagar,12.989218,77.556081,2024-10-05,08:24:13,Low,Under Investigation,44,Other
FIR04759,Fraud,Electronic City,12.840204,77.67571,2026-07-02,09:31:47,Medium,Under Investigation,64,Male
FIR04760,Murder,Marathahalli,12.958714,77.696231,2026-01-08,19:16:45,High,Under Investigation,38,Female
FIR04761,Kidnapping,Bellandur,12.925596,77.671259,2024-11-11,14:31:21,High,Open,30,Female
FIR04762,Fraud,Marathahalli,12.962591,77.699676,2026-07-08,12:13:43,Medium,Closed,22,Female
FIR04763,Robbery,Banashankari,12.916275,77.571794,2025-07-29,16:13:36,High,Open,59,Male
FIR04764,Robbery,Electronic City,12.837747,77.677685,2026-05-23,12:08:48,High,Open,49,Male
FIR04765,Fraud,Banashankari,12.915191,77.574629,2025-05-17,02:37:19,Medium,Under Investigation,43,Male
FIR04766,Drug Offense,Jayanagar,12.921246,77.597865,2026-01-18,10:46:20,Medium,Under Investigation,59,Other
FIR04767,Robbery,Malleshwaram,13.004177,77.572096,2025-06-13,05:50:35,High,Open,22,Male
FIR04768,Fraud,Electronic City,12.836364,77.673598,2024-10-25,15:09:49,Medium,Open,47,Female
FIR04769,Robbery,Marathahalli,12.957319,77.694464,2024-09-29,20:15:18,High,Under Investigation,52,Male
FIR04770,Assault,Jayanagar,12.924209,77.597774,2026-04-28,02:45:19,Medium,Closed,67,Other
FIR04771,Assault,Jayanagar,12.928732,77.589876,2025-08-22,05:35:25,Medium,Under Investigation,55,Male
FIR04772,Assault,Jayanagar,12.926303,77.590227,2025-09-29,22:59:43,Medium,Closed,67,Female
FIR04773,Kidnapping,Yelahanka,13.09913,77.598581,2026-07-22,21:18:09,High,Under Investigation,67,Male
FIR04774,Cyber Crime,Bellandur,12.928807,77.67597,2025-11-16,06:49:50,Medium,Open,31,Female
FIR04775,Cyber Crime,Jayanagar,12.927064,77.590811,2025-04-04,03:19:22,Medium,Closed,41,Male
FIR04776,Drug Offense,Rajajinagar,12.987119,77.55946,2025-10-02,14:10:02,Medium,Open,30,Female
FIR04777,Vehicle Theft,Whitefield,12.974116,77.748983,2025-08-05,00:53:28,Low,Open,45,Female
FIR04778,Drug Offense,Whitefield,12.967037,77.753791,2024-11-25,00:45:07,Medium,Under Investigation,28,Male
FIR04779,Assault,HSR Layout,12.910918,77.645368,2024-12-10,11:54:30,Medium,Closed,23,Male
FIR04780,Robbery,Yelahanka,13.10053,77.597223,2026-02-03,08:16:15,High,Under Investigation,57,Female
FIR04781,Theft,Electronic City,12.838404,77.6729,2026-02-28,04:15:06,Low,Under Investigation,55,Male
FIR04782,Vehicle Theft,Bellandur,12.929545,77.671201,2026-05-28,19:46:57,Low,Closed,55,Other
FIR04783,Vehicle Theft,MG Road,12.97968,77.601557,2024-11-10,03:38:11,Low,Open,63,Female
FIR04784,Robbery,Banashankari,12.919485,77.576356,2026-06-16,01:34:09,High,Under Investigation,22,Other
FIR04785,Assault,Jayanagar,12.929278,77.589028,2025-06-09,02:08:22,Medium,Open,55,Other
FIR04786,Kidnapping,BTM Layout,12.916757,77.614519,2025-03-10,20:02:14,High,Open,45,Female
FIR04787,Assault,MG Road,12.979239,77.601435,2025-02-04,08:08:59,Medium,Closed,63,Other
FIR04788,Fraud,Bellandur,12.926351,77.672603,2025-03-11,21:37:05,Medium,Open,19,Female
FIR04789,Kidnapping,MG Road,12.97284,77.601056,2026-02-22,11:09:02,High,Under Investigation,51,Female
FIR04790,Theft,Electronic City,12.838004,77.681988,2025-12-21,12:52:16,Low,Open,38,Female
FIR04791,Cyber Crime,Bellandur,12.927025,77.674,2025-08-13,11:41:05,Medium,Open,61,Female
FIR04792,Vehicle Theft,Indiranagar,12.974716,77.63985,2025-11-03,14:08:18,Low,Under Investigation,24,Other
FIR04793,Robbery,MG Road,12.977779,77.604853,2026-02-18,02:16:52,High,Open,23,Male
FIR04794,Vehicle Theft,Rajajinagar,12.996454,77.558907,2024-08-01,21:52:23,Low,Open,61,Female
FIR04795,Drug Offense,BTM Layout,12.912208,77.60713,2025-12-11,02:19:20,Medium,Open,51,Female
FIR04796,Theft,Rajajinagar,12.990114,77.549551,2026-01-13,18:55:41,Low,Open,39,Female
FIR04797,Cyber Crime,BTM Layout,12.91651,77.607794,2025-05-18,00:35:31,Medium,Under Investigation,34,Female
FIR04798,Drug Offense,Electronic City,12.83864,77.67566,2026-06-21,00:52:05,Medium,Open,25,Other
FIR04799,Fraud,Whitefield,12.972961,77.750157,2026-06-12,00:05:22,Medium,Closed,24,Male
FIR04800,Drug Offense,Koramangala,12.935692,77.621729,2025-12-19,05:45:44,Medium,Open,21,Female
FIR04801,Drug Offense,Electronic City,12.837635,77.675376,2025-05-05,08:59:21,Medium,Closed,22,Other
FIR04802,Theft,BTM Layout,12.917375,77.606471,2026-01-27,19:29:48,Low,Open,32,Male
FIR04803,Kidnapping,Hebbal,13.034298,77.601918,2025-03-04,07:36:41,High,Closed,19,Female
FIR04804,Vehicle Theft,Malleshwaram,13.005465,77.575382,2025-04-23,09:39:25,Low,Open,54,Other
FIR04805,Robbery,BTM Layout,12.916596,77.612476,2025-04-19,21:39:25,High,Open,26,Other
FIR04806,Drug Offense,Bellandur,12.927869,77.6719,2025-03-02,07:25:16,Medium,Closed,67,Male
FIR04807,Fraud,Marathahalli,12.955317,77.693702,2026-02-03,00:41:00,Medium,Open,49,Other
FIR04808,Drug Offense,HSR Layout,12.912982,77.648896,2024-07-28,16:38:52,Medium,Closed,24,Female
FIR04809,Vehicle Theft,HSR Layout,12.913971,77.642946,2025-12-08,13:19:02,Low,Open,41,Female
FIR04810,Drug Offense,Bellandur,12.923177,77.676604,2025-11-13,04:50:53,Medium,Closed,44,Male
FIR04811,Assault,Banashankari,12.9155,77.572378,2026-01-31,05:13:54,Medium,Open,27,Other
FIR04812,Domestic Violence,Jayanagar,12.923237,77.598698,2024-08-08,01:50:57,Medium,Open,70,Female
FIR04813,Fraud,Yelahanka,13.103974,77.594702,2025-03-16,22:23:43,Medium,Under Investigation,45,Other
FIR04814,Assault,Electronic City,12.842597,77.677373,2024-10-28,05:07:15,Medium,Closed,34,Male
FIR04815,Fraud,Marathahalli,12.957526,77.700413,2026-06-28,20:15:53,Medium,Closed,70,Other
FIR04816,Assault,Marathahalli,12.962519,77.69504,2025-03-31,07:16:34,Medium,Closed,58,Other
FIR04817,Drug Offense,Whitefield,12.971912,77.751544,2025-07-06,12:55:46,Medium,Open,18,Other
FIR04818,Cyber Crime,HSR Layout,12.912398,77.642505,2026-07-11,03:05:04,Medium,Under Investigation,20,Other
FIR04819,Robbery,Rajajinagar,12.993261,77.557057,2025-10-27,08:09:21,High,Closed,30,Male
FIR04820,Fraud,Electronic City,12.841631,77.675655,2026-01-24,16:31:56,Medium,Closed,69,Other
FIR04821,Domestic Violence,Hebbal,13.037893,77.601152,2024-12-30,08:42:46,Medium,Under Investigation,28,Male
FIR04822,Theft,Yelahanka,13.101926,77.600239,2024-12-31,16:20:50,Low,Closed,43,Other
FIR04823,Drug Offense,HSR Layout,12.915944,77.642967,2024-11-13,06:25:24,Medium,Under Investigation,62,Other
FIR04824,Drug Offense,Whitefield,12.965241,77.754434,2026-03-06,02:34:44,Medium,Under Investigation,28,Male
FIR04825,Drug Offense,Jayanagar,12.928357,77.593263,2025-03-18,20:05:58,Medium,Open,42,Male
FIR04826,Murder,Malleshwaram,13.005496,77.575325,2024-09-12,14:39:25,High,Open,39,Other
FIR04827,Drug Offense,Electronic City,12.839329,77.677585,2025-03-01,08:03:45,Medium,Open,34,Other
FIR04828,Robbery,Banashankari,12.914274,77.574155,2025-10-31,09:10:36,High,Closed,31,Other
FIR04829,Domestic Violence,Rajajinagar,12.995631,77.552067,2026-01-16,00:06:00,Medium,Closed,61,Female
FIR04830,Fraud,Rajajinagar,12.988006,77.55392,2025-12-19,09:05:55,Medium,Under Investigation,45,Female
FIR04831,Drug Offense,Malleshwaram,13.002444,77.572618,2025-07-23,04:47:18,Medium,Open,36,Other
FIR04832,Kidnapping,Yelahanka,13.101783,77.599054,2025-07-25,13:06:52,High,Closed,28,Other
FIR04833,Vehicle Theft,Marathahalli,12.955071,77.697547,2025-06-05,08:08:04,Low,Under Investigation,36,Male
FIR04834,Robbery,Hebbal,13.034885,77.598465,2025-02-16,09:44:51,High,Under Investigation,60,Male
FIR04835,Cyber Crime,Koramangala,12.93484,77.622145,2025-06-04,03:11:39,Medium,Closed,51,Other
FIR04836,Murder,Jayanagar,12.928453,77.593712,2024-08-13,08:50:33,High,Open,31,Female
FIR04837,Fraud,Banashankari,12.919683,77.574642,2024-09-26,13:04:11,Medium,Closed,58,Other
FIR04838,Cyber Crime,BTM Layout,12.915839,77.609372,2025-04-14,15:03:17,Medium,Closed,27,Female
FIR04839,Fraud,Malleshwaram,13.007395,77.570767,2026-03-10,23:40:24,Medium,Closed,41,Other
FIR04840,Theft,Electronic City,12.842861,77.679268,2026-06-01,09:46:35,Low,Closed,23,Male
FIR04841,Murder,Rajajinagar,12.993598,77.554732,2026-05-16,18:22:26,High,Under Investigation,53,Female
FIR04842,Cyber Crime,Malleshwaram,13.007621,77.567814,2026-06-30,17:43:40,Medium,Closed,55,Other
FIR04843,Theft,Electronic City,12.838797,77.678122,2025-09-03,08:15:35,Low,Closed,49,Male
FIR04844,Fraud,Indiranagar,12.980234,77.639575,2026-04-02,07:58:15,Medium,Under Investigation,53,Female
FIR04845,Murder,Jayanagar,12.925252,77.594472,2025-04-25,12:14:16,High,Open,55,Other
FIR04846,Kidnapping,Rajajinagar,12.990018,77.559095,2025-06-16,07:56:23,High,Under Investigation,23,Female
FIR04847,Cyber Crime,Electronic City,12.838096,77.676148,2025-09-19,21:26:29,Medium,Open,42,Female
FIR04848,Cyber Crime,Electronic City,12.843762,77.67964,2026-02-27,15:19:25,Medium,Closed,39,Female
FIR04849,Robbery,Yelahanka,13.099346,77.59147,2026-04-30,04:27:47,High,Closed,55,Male
FIR04850,Robbery,Hebbal,13.03707,77.595428,2024-09-05,05:20:26,High,Under Investigation,70,Other
FIR04851,Drug Offense,MG Road,12.97872,77.602927,2025-10-05,10:42:18,Medium,Closed,70,Other
FIR04852,Drug Offense,Marathahalli,12.958332,77.694682,2025-07-22,03:25:45,Medium,Closed,59,Other
FIR04853,Domestic Violence,MG Road,12.977101,77.603883,2026-01-16,01:12:13,Medium,Under Investigation,34,Male
FIR04854,Domestic Violence,MG Road,12.97359,77.602751,2025-05-20,13:57:36,Medium,Under Investigation,41,Male
FIR04855,Cyber Crime,Indiranagar,12.979011,77.640941,2024-10-02,18:58:20,Medium,Closed,39,Male
FIR04856,Robbery,Rajajinagar,12.990371,77.553461,2024-10-24,10:08:20,High,Open,24,Other
FIR04857,Assault,Whitefield,12.965511,77.745495,2025-07-25,14:59:03,Medium,Closed,60,Male
FIR04858,Assault,Indiranagar,12.973787,77.639017,2025-03-22,08:47:54,Medium,Closed,23,Female
FIR04859,Theft,Rajajinagar,12.993226,77.557976,2025-03-30,21:46:18,Low,Closed,18,Other
FIR04860,Kidnapping,Yelahanka,13.098715,77.596646,2025-03-01,14:07:45,High,Closed,63,Other
FIR04861,Murder,Marathahalli,12.957027,77.698166,2026-04-29,23:45:27,High,Closed,53,Female
FIR04862,Domestic Violence,Yelahanka,13.098956,77.592506,2026-06-12,05:29:12,Medium,Open,69,Female
FIR04863,Murder,Marathahalli,12.954364,77.701688,2025-06-05,01:18:33,High,Open,57,Other
FIR04864,Murder,Hebbal,13.038752,77.600074,2026-06-22,17:25:07,High,Under Investigation,66,Male
FIR04865,Cyber Crime,Bellandur,12.930867,77.680714,2026-04-07,20:05:08,Medium,Closed,56,Male
FIR04866,Cyber Crime,Whitefield,12.97158,77.749442,2024-12-13,05:01:15,Medium,Under Investigation,34,Female
FIR04867,Murder,Whitefield,12.965833,77.749793,2025-12-14,17:18:41,High,Open,27,Other
FIR04868,Cyber Crime,Hebbal,13.038822,77.59655,2026-05-31,06:33:03,Medium,Under Investigation,48,Female
FIR04869,Murder,Whitefield,12.971682,77.753568,2026-01-23,21:08:02,High,Closed,68,Male
FIR04870,Robbery,Whitefield,12.968551,77.751778,2025-05-13,02:44:58,High,Open,21,Other
FIR04871,Drug Offense,Koramangala,12.938146,77.622695,2025-05-04,12:53:22,Medium,Open,35,Other
FIR04872,Murder,Koramangala,12.939455,77.625711,2025-01-07,09:06:57,High,Open,61,Other
FIR04873,Cyber Crime,Marathahalli,12.954884,77.697128,2026-04-17,17:25:23,Medium,Open,40,Female
FIR04874,Kidnapping,Yelahanka,13.09796,77.592747,2026-07-14,15:37:01,High,Under Investigation,30,Female
FIR04875,Fraud,Banashankari,12.914255,77.572598,2025-04-09,23:23:51,Medium,Under Investigation,23,Other
FIR04876,Vehicle Theft,Hebbal,13.033113,77.595143,2025-10-29,01:26:48,Low,Open,18,Male
FIR04877,Theft,Koramangala,12.932264,77.621682,2025-06-22,14:42:30,Low,Closed,58,Male
FIR04878,Kidnapping,Koramangala,12.931249,77.623545,2025-08-10,00:18:30,High,Under Investigation,33,Other
FIR04879,Domestic Violence,Electronic City,12.837953,77.68185,2024-09-25,00:19:53,Medium,Open,38,Male
FIR04880,Assault,BTM Layout,12.919659,77.614225,2025-10-12,16:23:27,Medium,Open,38,Female
FIR04881,Assault,Indiranagar,12.976576,77.643983,2025-01-16,01:06:16,Medium,Under Investigation,45,Other
FIR04882,Fraud,Electronic City,12.841617,77.681391,2025-07-15,04:46:10,Medium,Closed,47,Male
FIR04883,Theft,Yelahanka,13.099911,77.59942,2025-02-22,22:46:23,Low,Closed,41,Other
FIR04884,Assault,MG Road,12.974821,77.604012,2026-05-07,09:23:16,Medium,Closed,28,Other
FIR04885,Vehicle Theft,Banashankari,12.919914,77.574019,2026-05-05,22:35:52,Low,Under Investigation,24,Female
FIR04886,Vehicle Theft,Hebbal,13.031032,77.598667,2025-09-30,06:40:19,Low,Under Investigation,46,Male
FIR04887,Domestic Violence,Yelahanka,13.100213,77.597858,2025-02-19,11:14:05,Medium,Closed,36,Female
FIR04888,Murder,Electronic City,12.844894,77.681376,2024-10-19,06:04:11,High,Open,40,Male
FIR04889,Domestic Violence,Whitefield,12.969046,77.746461,2024-09-24,18:15:17,Medium,Open,24,Male
FIR04890,Drug Offense,Jayanagar,12.9284,77.597516,2024-07-23,16:11:00,Medium,Open,18,Other
FIR04891,Drug Offense,MG Road,12.976884,77.608771,2025-03-29,08:22:55,Medium,Closed,55,Female
FIR04892,Robbery,Whitefield,12.972234,77.750706,2024-10-24,00:36:19,High,Under Investigation,20,Other
FIR04893,Fraud,Electronic City,12.835738,77.679182,2025-10-05,01:06:01,Medium,Open,21,Male
FIR04894,Theft,Banashankari,12.919798,77.573118,2025-11-04,04:53:16,Low,Closed,34,Male
FIR04895,Domestic Violence,Yelahanka,13.099998,77.595104,2025-03-29,16:35:08,Medium,Open,49,Female
FIR04896,Murder,Hebbal,13.032856,77.599632,2025-02-04,12:45:40,High,Open,55,Male
FIR04897,Cyber Crime,Marathahalli,12.961855,77.69279,2025-08-19,21:33:12,Medium,Open,26,Female
FIR04898,Drug Offense,Hebbal,13.034821,77.595716,2024-11-21,18:45:04,Medium,Open,61,Other
FIR04899,Fraud,Rajajinagar,12.990458,77.549996,2025-10-22,07:22:08,Medium,Open,39,Female
FIR04900,Cyber Crime,MG Road,12.974,77.600007,2024-12-06,17:26:30,Medium,Open,50,Female
FIR04901,Murder,Rajajinagar,12.995263,77.552289,2025-08-16,00:06:52,High,Under Investigation,70,Female
FIR04902,Kidnapping,Marathahalli,12.960088,77.698644,2025-04-01,16:02:09,High,Under Investigation,65,Other
FIR04903,Murder,Marathahalli,12.961986,77.692782,2026-01-26,13:30:13,High,Under Investigation,32,Other
FIR04904,Robbery,Yelahanka,13.096638,77.596447,2024-11-03,17:44:37,High,Closed,68,Female
FIR04905,Robbery,Indiranagar,12.979318,77.637131,2025-05-05,16:45:52,High,Closed,43,Female
FIR04906,Cyber Crime,Whitefield,12.970375,77.750638,2025-03-18,21:32:32,Medium,Under Investigation,57,Female
FIR04907,Vehicle Theft,Koramangala,12.938573,77.62279,2024-07-24,14:06:20,Low,Under Investigation,43,Female
FIR04908,Theft,Banashankari,12.914492,77.576609,2025-05-25,09:27:50,Low,Under Investigation,22,Other
FIR04909,Kidnapping,Hebbal,13.03697,77.596152,2025-07-04,13:43:52,High,Open,25,Female
FIR04910,Cyber Crime,Koramangala,12.931174,77.628694,2025-01-13,02:28:23,Medium,Open,27,Other
FIR04911,Kidnapping,BTM Layout,12.921067,77.609588,2024-08-14,11:57:19,High,Closed,63,Other
FIR04912,Domestic Violence,Bellandur,12.928306,77.673367,2025-12-11,02:56:59,Medium,Under Investigation,34,Male
FIR04913,Assault,Bellandur,12.924717,77.672353,2026-05-28,12:19:46,Medium,Open,42,Other
FIR04914,Fraud,Rajajinagar,12.99311,77.553291,2026-03-01,00:14:47,Medium,Closed,22,Male
FIR04915,Drug Offense,MG Road,12.977352,77.608103,2025-06-28,21:21:23,Medium,Closed,44,Other
FIR04916,Cyber Crime,Electronic City,12.84173,77.679376,2025-02-17,20:51:13,Medium,Under Investigation,24,Male
FIR04917,Murder,Bellandur,12.932642,77.672656,2025-08-24,19:42:49,High,Closed,61,Female
FIR04918,Vehicle Theft,Whitefield,12.974144,77.752569,2025-02-21,08:25:38,Low,Closed,31,Male
FIR04919,Fraud,Indiranagar,12.981717,77.643199,2025-12-25,17:21:23,Medium,Closed,34,Male
FIR04920,Robbery,Banashankari,12.922138,77.572321,2025-06-27,11:18:48,High,Under Investigation,65,Female
FIR04921,Drug Offense,Rajajinagar,12.991864,77.55691,2025-02-08,15:16:40,Medium,Closed,70,Other
FIR04922,Murder,Bellandur,12.926218,77.677882,2024-08-25,05:23:00,High,Open,52,Male
FIR04923,Assault,Marathahalli,12.954268,77.701397,2025-11-28,16:18:25,Medium,Closed,54,Female
FIR04924,Vehicle Theft,Banashankari,12.917138,77.57343,2025-11-26,01:10:45,Low,Under Investigation,29,Male
FIR04925,Theft,HSR Layout,12.908826,77.643126,2025-12-23,17:51:56,Low,Under Investigation,61,Other
FIR04926,Theft,Hebbal,13.039688,77.598147,2024-11-04,09:38:19,Low,Closed,69,Other
FIR04927,Drug Offense,Bellandur,12.928802,77.679602,2026-05-28,10:57:37,Medium,Open,24,Other
FIR04928,Murder,Yelahanka,13.101235,77.591358,2025-11-12,03:53:25,High,Closed,61,Male
FIR04929,Murder,Yelahanka,13.099808,77.599925,2024-12-19,08:01:44,High,Closed,64,Female
FIR04930,Assault,Marathahalli,12.955675,77.700262,2024-10-19,21:28:21,Medium,Open,69,Male
FIR04931,Assault,Yelahanka,13.096476,77.591383,2026-07-14,05:05:36,Medium,Open,59,Female
FIR04932,Cyber Crime,Whitefield,12.970971,77.752884,2025-12-08,17:00:03,Medium,Closed,53,Female
FIR04933,Assault,HSR Layout,12.915196,77.648821,2025-02-06,23:52:33,Medium,Open,55,Female
FIR04934,Robbery,Koramangala,12.931193,77.625434,2025-03-20,01:24:44,High,Closed,31,Female
FIR04935,Assault,Electronic City,12.838029,77.679701,2025-07-26,18:52:42,Medium,Closed,42,Male
FIR04936,Fraud,Malleshwaram,13.002548,77.573111,2025-02-01,13:43:42,Medium,Under Investigation,21,Other
FIR04937,Fraud,Rajajinagar,12.988834,77.55141,2025-01-11,02:01:09,Medium,Under Investigation,55,Other
FIR04938,Domestic Violence,Whitefield,12.972045,77.749681,2026-01-16,10:24:46,Medium,Closed,30,Male
FIR04939,Theft,Banashankari,12.918699,77.577854,2025-01-26,23:22:57,Low,Closed,62,Other
FIR04940,Murder,BTM Layout,12.917198,77.610409,2026-06-18,09:31:13,High,Closed,51,Female
FIR04941,Cyber Crime,HSR Layout,12.91204,77.647347,2025-11-02,21:57:32,Medium,Closed,37,Male
FIR04942,Murder,BTM Layout,12.919106,77.605836,2026-01-21,13:39:48,High,Closed,47,Male
FIR04943,Assault,Malleshwaram,12.999317,77.574357,2025-01-04,14:27:26,Medium,Closed,52,Male
FIR04944,Murder,Indiranagar,12.97539,77.637694,2025-05-24,18:30:09,High,Under Investigation,44,Other
FIR04945,Theft,HSR Layout,12.916433,77.646131,2025-10-03,06:36:41,Low,Open,31,Female
FIR04946,Theft,Banashankari,12.917066,77.577195,2025-04-17,20:50:04,Low,Open,37,Male
FIR04947,Kidnapping,Jayanagar,12.92935,77.590243,2025-03-06,13:45:34,High,Open,54,Female
FIR04948,Vehicle Theft,Yelahanka,13.097111,77.597492,2024-11-12,23:15:39,Low,Under Investigation,19,Female
FIR04949,Drug Offense,Yelahanka,13.09627,77.597294,2024-10-14,16:07:47,Medium,Under Investigation,36,Female
FIR04950,Assault,Whitefield,12.967587,77.752796,2026-05-11,21:20:36,Medium,Under Investigation,21,Male
FIR04951,Theft,Koramangala,12.937634,77.6216,2025-05-29,08:24:20,Low,Under Investigation,62,Male
FIR04952,Cyber Crime,Yelahanka,13.097649,77.596111,2024-08-24,03:12:07,Medium,Closed,51,Female
FIR04953,Drug Offense,Hebbal,13.03792,77.599607,2025-07-18,13:00:15,Medium,Under Investigation,40,Male
FIR04954,Assault,Yelahanka,13.100089,77.597038,2024-12-28,07:23:45,Medium,Under Investigation,18,Female
FIR04955,Murder,Koramangala,12.932329,77.624612,2025-03-09,11:36:41,High,Closed,27,Female
FIR04956,Assault,BTM Layout,12.917477,77.60872,2025-10-22,09:35:12,Medium,Under Investigation,23,Male
FIR04957,Kidnapping,Rajajinagar,12.994841,77.550569,2025-10-23,01:55:00,High,Closed,40,Male
FIR04958,Theft,Banashankari,12.920352,77.575729,2024-09-16,08:16:11,Low,Closed,69,Other
FIR04959,Drug Offense,HSR Layout,12.906855,77.651901,2025-10-02,21:42:47,Medium,Closed,69,Female
FIR04960,Murder,Electronic City,12.842613,77.676877,2026-07-08,03:20:17,High,Under Investigation,52,Other
FIR04961,Fraud,Indiranagar,12.979928,77.641657,2026-06-12,17:29:34,Medium,Closed,48,Male
FIR04962,Murder,Indiranagar,12.980561,77.639941,2025-10-09,10:57:16,High,Under Investigation,34,Male
FIR04963,Vehicle Theft,Electronic City,12.837614,77.675539,2025-09-12,23:48:36,Low,Open,57,Female
FIR04964,Fraud,Bellandur,12.929312,77.677625,2024-10-12,03:33:53,Medium,Under Investigation,38,Male
FIR04965,Robbery,Electronic City,12.837646,77.672893,2024-10-03,21:54:44,High,Under Investigation,53,Female
FIR04966,Murder,Rajajinagar,12.991207,77.550957,2024-10-12,10:08:03,High,Open,60,Male
FIR04967,Cyber Crime,Bellandur,12.924213,77.677976,2026-05-11,00:07:17,Medium,Closed,62,Male
FIR04968,Robbery,Whitefield,12.971904,77.750697,2024-08-02,09:13:54,High,Under Investigation,68,Other
FIR04969,Fraud,Indiranagar,12.981167,77.638319,2026-01-12,09:22:17,Medium,Under Investigation,31,Other
FIR04970,Domestic Violence,Electronic City,12.836692,77.676268,2025-09-12,10:19:13,Medium,Closed,54,Female
FIR04971,Drug Offense,Koramangala,12.937695,77.622449,2025-01-19,19:31:27,Medium,Closed,58,Other
FIR04972,Domestic Violence,MG Road,12.975617,77.608275,2026-04-05,11:10:09,Medium,Closed,54,Male
FIR04973,Fraud,Marathahalli,12.958296,77.702313,2025-10-08,03:34:28,Medium,Open,43,Other
FIR04974,Assault,Indiranagar,12.974284,77.640633,2025-06-22,17:11:22,Medium,Under Investigation,45,Other
FIR04975,Robbery,Koramangala,12.939304,77.620081,2024-10-07,08:22:28,High,Closed,18,Female
FIR04976,Vehicle Theft,Yelahanka,13.098596,77.594303,2025-04-10,19:01:52,Low,Open,68,Male
FIR04977,Cyber Crime,HSR Layout,12.916291,77.648279,2024-11-30,01:20:40,Medium,Open,53,Male
FIR04978,Drug Offense,Banashankari,12.919164,77.568887,2024-08-04,00:49:37,Medium,Closed,28,Other
FIR04979,Drug Offense,Jayanagar,12.928808,77.59375,2024-12-14,11:03:45,Medium,Under Investigation,34,Other
FIR04980,Robbery,Malleshwaram,13.00406,77.56665,2026-05-27,05:49:43,High,Closed,55,Female
FIR04981,Assault,Rajajinagar,12.995008,77.550143,2025-04-27,13:59:50,Medium,Under Investigation,19,Female
FIR04982,Domestic Violence,MG Road,12.972726,77.608469,2024-11-30,06:18:43,Medium,Closed,28,Female
FIR04983,Fraud,Indiranagar,12.976281,77.640806,2025-04-08,16:37:14,Medium,Closed,31,Female
FIR04984,Robbery,Whitefield,12.969961,77.749687,2024-12-18,06:30:30,High,Open,20,Other
FIR04985,Drug Offense,Koramangala,12.930573,77.625364,2025-11-25,05:24:08,Medium,Closed,38,Male
FIR04986,Cyber Crime,Bellandur,12.923801,77.671641,2025-05-11,01:04:48,Medium,Closed,41,Female
FIR04987,Kidnapping,HSR Layout,12.910568,77.649062,2024-09-03,03:30:31,High,Under Investigation,64,Male
FIR04988,Vehicle Theft,Bellandur,12.931598,77.673386,2025-08-19,00:08:38,Low,Open,29,Female
FIR04989,Vehicle Theft,Koramangala,12.933258,77.628979,2024-11-11,15:47:08,Low,Closed,59,Female
FIR04990,Robbery,HSR Layout,12.90734,77.645883,2025-01-10,13:22:00,High,Open,44,Other
FIR04991,Cyber Crime,Malleshwaram,13.00377,77.569972,2024-08-21,02:21:41,Medium,Open,62,Female
FIR04992,Domestic Violence,Marathahalli,12.955002,77.699691,2025-07-07,08:50:57,Medium,Open,39,Other
FIR04993,Theft,Rajajinagar,12.993514,77.557465,2024-11-20,11:52:50,Low,Closed,43,Male
FIR04994,Domestic Violence,MG Road,12.972703,77.605123,2025-06-18,08:44:25,Medium,Closed,21,Male
FIR04995,Kidnapping,BTM Layout,12.921211,77.613725,2025-03-06,02:04:27,High,Closed,57,Female
FIR04996,Vehicle Theft,Electronic City,12.836518,77.679392,2024-08-01,19:20:16,Low,Under Investigation,41,Female
FIR04997,Theft,Rajajinagar,12.98779,77.558541,2026-06-14,17:00:26,Low,Under Investigation,21,Other
FIR04998,Assault,MG Road,12.979922,77.602565,2026-06-11,14:09:43,Medium,Closed,19,Female
FIR04999,Drug Offense,Bellandur,12.924567,77.673696,2025-06-01,05:42:25,Medium,Closed,68,Female
FIR05000,Kidnapping,Malleshwaram,13.007479,77.566901,2026-01-22,14:37:50,High,Under Investigation,20,Male
FIR05001,Murder,Rajajinagar,12.988615,77.553517,2025-06-27,00:41:02,High,Closed,59,Female
FIR05002,Domestic Violence,Whitefield,12.968518,77.746904,2025-02-24,22:08:39,Medium,Closed,49,Male
FIR05003,Robbery,Whitefield,12.972912,77.748442,2026-05-14,08:16:16,High,Under Investigation,36,Other
FIR05004,Robbery,Marathahalli,12.956655,77.69892,2025-10-21,01:02:23,High,Under Investigation,63,Female
FIR05005,Assault,Electronic City,12.844177,77.672621,2026-02-05,05:40:47,Medium,Closed,29,Female
FIR05006,Murder,Electronic City,12.83524,77.681915,2025-06-12,19:55:44,High,Open,55,Female
FIR05007,Murder,BTM Layout,12.914736,77.605724,2024-11-05,03:50:07,High,Open,26,Male
FIR05008,Fraud,Hebbal,13.037503,77.599101,2026-03-17,20:51:42,Medium,Closed,49,Male
FIR05009,Kidnapping,Rajajinagar,12.992194,77.551341,2024-09-16,18:38:10,High,Closed,37,Other
FIR05010,Theft,Rajajinagar,12.991557,77.551904,2025-05-12,13:06:08,Low,Closed,43,Male
FIR05011,Cyber Crime,Rajajinagar,12.9935,77.555501,2026-03-01,08:07:20,Medium,Under Investigation,56,Other
FIR05012,Theft,Banashankari,12.916795,77.578031,2024-08-13,08:22:26,Low,Closed,64,Male
FIR05013,Cyber Crime,Yelahanka,13.104367,77.592549,2024-11-09,19:05:43,Medium,Closed,57,Female
FIR05014,Murder,MG Road,12.976613,77.600683,2024-11-24,15:05:39,High,Under Investigation,44,Other
FIR05015,Cyber Crime,Rajajinagar,12.992489,77.552977,2024-11-24,11:19:41,Medium,Closed,32,Female
FIR05016,Cyber Crime,Hebbal,13.036274,77.595956,2025-11-18,14:51:12,Medium,Open,44,Female
FIR05017,Vehicle Theft,MG Road,12.97425,77.608887,2026-07-07,12:37:11,Low,Open,40,Male
FIR05018,Assault,Rajajinagar,12.989476,77.551086,2026-04-08,19:46:21,Medium,Open,65,Male
FIR05019,Assault,Yelahanka,13.098945,77.594274,2026-03-01,11:40:37,Medium,Open,23,Other
FIR05020,Cyber Crime,Banashankari,12.918354,77.576373,2025-06-17,01:31:07,Medium,Open,61,Other
FIR05021,Robbery,Jayanagar,12.929261,77.592138,2025-03-09,20:26:24,High,Under Investigation,39,Other
FIR05022,Vehicle Theft,Jayanagar,12.922108,77.595641,2025-03-02,14:31:35,Low,Open,33,Male
FIR05023,Fraud,HSR Layout,12.909138,77.642935,2026-01-10,20:49:25,Medium,Under Investigation,58,Female
FIR05024,Kidnapping,Rajajinagar,12.992765,77.551551,2026-05-23,14:27:47,High,Closed,53,Other
FIR05025,Cyber Crime,HSR Layout,12.907757,77.643679,2025-09-11,13:48:17,Medium,Under Investigation,56,Female
FIR05026,Assault,Hebbal,13.033771,77.595216,2025-07-21,07:53:32,Medium,Closed,52,Male
FIR05027,Domestic Violence,Koramangala,12.933443,77.62326,2026-06-30,04:02:47,Medium,Under Investigation,33,Female
FIR05028,Drug Offense,Rajajinagar,12.993593,77.554768,2025-10-01,16:13:51,Medium,Closed,35,Other
FIR05029,Fraud,Yelahanka,13.097901,77.595846,2025-03-27,05:11:09,Medium,Under Investigation,29,Other
FIR05030,Vehicle Theft,HSR Layout,12.916258,77.644078,2025-03-31,16:48:31,Low,Open,54,Other
FIR05031,Assault,Banashankari,12.915706,77.573607,2025-02-26,11:46:56,Medium,Under Investigation,21,Other
FIR05032,Drug Offense,MG Road,12.974009,77.607825,2025-03-27,07:42:07,Medium,Open,70,Male
FIR05033,Kidnapping,MG Road,12.974604,77.607918,2025-04-09,22:32:49,High,Closed,25,Female
FIR05034,Vehicle Theft,Malleshwaram,12.999689,77.570262,2025-12-29,20:04:45,Low,Open,47,Male
FIR05035,Domestic Violence,HSR Layout,12.910764,77.646952,2025-12-15,05:10:32,Medium,Open,48,Other
FIR05036,Theft,Jayanagar,12.924801,77.593831,2025-10-13,18:26:32,Low,Closed,34,Other
FIR05037,Theft,Banashankari,12.922293,77.575802,2026-02-01,13:14:54,Low,Under Investigation,43,Other
FIR05038,Domestic Violence,Malleshwaram,13.002111,77.566993,2026-06-12,21:03:51,Medium,Closed,30,Female
FIR05039,Domestic Violence,Whitefield,12.968241,77.754378,2025-08-30,18:06:12,Medium,Open,53,Female
FIR05040,Kidnapping,Malleshwaram,13.000057,77.568654,2026-05-22,08:04:49,High,Open,36,Male
FIR05041,Drug Offense,Koramangala,12.937143,77.622802,2025-04-13,00:20:46,Medium,Closed,47,Male
FIR05042,Murder,Malleshwaram,13.008295,77.568707,2025-02-07,01:40:09,High,Open,26,Other
FIR05043,Vehicle Theft,Indiranagar,12.977016,77.641244,2025-12-19,16:59:50,Low,Open,55,Other
FIR05044,Assault,Jayanagar,12.925997,77.589875,2024-12-06,13:09:48,Medium,Closed,64,Female
FIR05045,Murder,MG Road,12.972602,77.603143,2026-01-29,04:26:23,High,Under Investigation,22,Other
FIR05046,Cyber Crime,Hebbal,13.038787,77.600361,2024-07-23,11:23:47,Medium,Closed,26,Male
FIR05047,Domestic Violence,BTM Layout,12.918361,77.609305,2025-05-18,07:32:11,Medium,Closed,54,Male
FIR05048,Assault,Rajajinagar,12.992781,77.558043,2026-05-10,11:10:47,Medium,Under Investigation,19,Other
FIR05049,Kidnapping,Yelahanka,13.103838,77.598866,2026-04-24,11:05:48,High,Open,29,Female
FIR05050,Vehicle Theft,Rajajinagar,12.988006,77.550956,2025-12-24,12:05:39,Low,Closed,23,Female
FIR05051,Assault,Electronic City,12.841045,77.672402,2024-12-31,20:06:55,Medium,Closed,64,Other
FIR05052,Cyber Crime,Yelahanka,13.10004,77.599,2025-08-15,03:38:56,Medium,Under Investigation,40,Male
FIR05053,Kidnapping,Whitefield,12.965806,77.746562,2025-08-23,23:33:05,High,Closed,34,Other
FIR05054,Vehicle Theft,Whitefield,12.967136,77.749575,2026-05-23,13:40:17,Low,Open,36,Female
FIR05055,Theft,Rajajinagar,12.988101,77.55739,2025-08-29,15:51:57,Low,Open,69,Other
FIR05056,Kidnapping,BTM Layout,12.912897,77.606499,2024-12-18,08:08:34,High,Open,34,Male
FIR05057,Domestic Violence,Banashankari,12.915139,77.578003,2025-03-19,17:44:50,Medium,Open,18,Male
FIR05058,Domestic Violence,Jayanagar,12.927432,77.591385,2026-06-23,01:08:32,Medium,Under Investigation,26,Female
FIR05059,Murder,Electronic City,12.835,77.681395,2024-08-24,01:07:01,High,Closed,29,Other
FIR05060,Kidnapping,BTM Layout,12.914569,77.610121,2026-06-09,12:48:01,High,Under Investigation,29,Other
FIR05061,Robbery,BTM Layout,12.91224,77.611264,2025-04-17,17:54:46,High,Closed,29,Male
FIR05062,Robbery,Malleshwaram,13.004328,77.573465,2026-04-21,14:38:50,High,Under Investigation,66,Other
FIR05063,Kidnapping,Malleshwaram,13.000321,77.572805,2025-07-02,20:44:26,High,Open,36,Male
FIR05064,Theft,Indiranagar,12.982502,77.645018,2026-04-21,04:12:48,Low,Closed,61,Other
FIR05065,Kidnapping,Koramangala,12.934469,77.62706,2026-03-01,23:13:03,High,Open,46,Male
FIR05066,Robbery,Banashankari,12.920244,77.573847,2024-12-28,18:32:22,High,Open,59,Female
FIR05067,Domestic Violence,Bellandur,12.923805,77.674185,2026-03-05,21:46:18,Medium,Under Investigation,47,Male
FIR05068,Domestic Violence,BTM Layout,12.918581,77.606564,2025-09-25,07:49:29,Medium,Under Investigation,53,Male
FIR05069,Robbery,Indiranagar,12.980056,77.64194,2025-06-29,09:35:20,High,Under Investigation,41,Other
FIR05070,Vehicle Theft,Koramangala,12.930991,77.620404,2025-04-03,04:04:00,Low,Closed,50,Male
FIR05071,Fraud,Hebbal,13.033926,77.594712,2025-10-05,23:11:11,Medium,Closed,30,Other
FIR05072,Kidnapping,Hebbal,13.035478,77.594656,2025-05-14,14:50:14,High,Closed,56,Female
FIR05073,Domestic Violence,Malleshwaram,13.001268,77.574946,2025-05-29,18:21:11,Medium,Closed,41,Female
FIR05074,Drug Offense,Indiranagar,12.977516,77.641351,2025-09-02,14:18:29,Medium,Open,61,Male
FIR05075,Robbery,Electronic City,12.838623,77.674336,2024-11-16,03:32:21,High,Closed,40,Male
FIR05076,Vehicle Theft,Indiranagar,12.974317,77.638247,2025-11-08,12:37:21,Low,Closed,55,Male
FIR05077,Drug Offense,BTM Layout,12.915124,77.611089,2025-02-19,18:27:47,Medium,Under Investigation,66,Other
FIR05078,Cyber Crime,Electronic City,12.836993,77.676439,2025-08-01,04:42:06,Medium,Closed,57,Other
FIR05079,Murder,HSR Layout,12.914636,77.6436,2026-05-31,15:00:29,High,Under Investigation,28,Female
FIR05080,Assault,Malleshwaram,13.004784,77.57394,2025-09-02,03:12:30,Medium,Open,62,Other
FIR05081,Assault,Koramangala,12.938422,77.619875,2025-01-05,14:48:55,Medium,Open,58,Female
FIR05082,Murder,Whitefield,12.965344,77.753506,2025-04-27,18:29:50,High,Open,58,Female
FIR05083,Drug Offense,HSR Layout,12.912117,77.650695,2026-03-20,12:59:06,Medium,Closed,45,Male
FIR05084,Fraud,Jayanagar,12.922611,77.596936,2025-05-04,19:38:48,Medium,Open,30,Female
FIR05085,Vehicle Theft,BTM Layout,12.91831,77.612832,2026-03-11,15:29:16,Low,Open,56,Other
FIR05086,Assault,Indiranagar,12.983023,77.638234,2025-04-04,23:56:24,Medium,Under Investigation,32,Other
FIR05087,Domestic Violence,BTM Layout,12.914482,77.61136,2024-11-14,21:27:54,Medium,Open,41,Male
FIR05088,Theft,Koramangala,12.933243,77.621265,2025-04-12,16:57:26,Low,Open,35,Male
FIR05089,Drug Offense,Jayanagar,12.925862,77.596903,2025-05-31,08:25:32,Medium,Closed,50,Female
FIR05090,Robbery,Malleshwaram,13.002994,77.567971,2026-05-30,23:10:48,High,Open,35,Other
FIR05091,Vehicle Theft,Yelahanka,13.104457,77.593985,2025-04-17,06:56:11,Low,Closed,58,Other
FIR05092,Robbery,HSR Layout,12.91109,77.643633,2026-02-14,23:40:54,High,Closed,57,Female
FIR05093,Domestic Violence,Jayanagar,12.922777,77.594985,2025-07-19,01:25:54,Medium,Open,55,Female
FIR05094,Domestic Violence,Malleshwaram,13.00217,77.57309,2026-03-04,15:32:19,Medium,Closed,52,Female
FIR05095,Robbery,MG Road,12.977341,77.603447,2026-05-18,15:53:02,High,Under Investigation,34,Other
FIR05096,Theft,Hebbal,13.031989,77.600003,2026-02-07,16:52:58,Low,Closed,22,Other
FIR05097,Cyber Crime,Marathahalli,12.956434,77.697812,2026-03-11,14:46:37,Medium,Under Investigation,50,Male
FIR05098,Assault,Rajajinagar,12.991662,77.55642,2026-06-20,04:38:04,Medium,Under Investigation,35,Female
FIR05099,Cyber Crime,MG Road,12.970818,77.604665,2024-08-24,16:25:46,Medium,Under Investigation,57,Female
FIR05100,Cyber Crime,BTM Layout,12.91279,77.606593,2025-11-13,07:17:57,Medium,Under Investigation,60,Female
FIR05101,Domestic Violence,Jayanagar,12.929926,77.595954,2025-09-18,10:42:49,Medium,Open,21,Male
FIR05102,Murder,MG Road,12.980013,77.607277,2024-12-01,03:26:39,High,Under Investigation,61,Male
FIR05103,Robbery,Marathahalli,12.963623,77.701812,2025-08-11,09:13:44,High,Closed,38,Other
FIR05104,Vehicle Theft,Hebbal,13.032669,77.593698,2025-08-10,23:55:13,Low,Closed,41,Other
FIR05105,Assault,Yelahanka,13.102678,77.592822,2025-10-02,02:23:40,Medium,Open,23,Other
FIR05106,Murder,Electronic City,12.843233,77.68069,2024-12-20,02:18:17,High,Open,38,Male
FIR05107,Kidnapping,Koramangala,12.935388,77.6213,2026-02-19,22:42:33,High,Under Investigation,54,Male
FIR05108,Kidnapping,HSR Layout,12.906965,77.64571,2025-06-03,02:15:17,High,Under Investigation,48,Other
FIR05109,Fraud,Yelahanka,13.097919,77.594448,2025-11-02,13:06:20,Medium,Closed,53,Female
FIR05110,Robbery,MG Road,12.978594,77.603631,2026-02-08,13:36:49,High,Open,44,Female
FIR05111,Theft,Bellandur,12.929336,77.675562,2026-01-15,00:21:46,Low,Open,53,Female
FIR05112,Theft,Whitefield,12.974259,77.749645,2025-09-11,09:18:27,Low,Closed,41,Female
FIR05113,Fraud,Electronic City,12.839285,77.680224,2025-02-23,12:31:31,Medium,Open,54,Male
FIR05114,Domestic Violence,Yelahanka,13.104719,77.59327,2025-04-23,20:43:00,Medium,Open,30,Female
FIR05115,Cyber Crime,Yelahanka,13.101256,77.597347,2026-01-06,23:59:57,Medium,Closed,63,Male
FIR05116,Theft,Koramangala,12.934646,77.623512,2024-08-28,02:16:42,Low,Under Investigation,38,Male
FIR05117,Fraud,MG Road,12.977431,77.60737,2025-04-17,14:15:36,Medium,Closed,21,Other
FIR05118,Kidnapping,Hebbal,13.03132,77.599149,2024-12-01,05:40:17,High,Closed,62,Male
FIR05119,Theft,Hebbal,13.037764,77.59869,2025-02-04,06:45:56,Low,Open,67,Other
FIR05120,Domestic Violence,Whitefield,12.965224,77.753394,2026-02-27,09:53:09,Medium,Open,27,Male
FIR05121,Drug Offense,Jayanagar,12.922556,77.59479,2026-04-28,03:36:51,Medium,Under Investigation,18,Female
FIR05122,Vehicle Theft,HSR Layout,12.915568,77.648014,2024-08-12,06:14:26,Low,Closed,39,Other
FIR05123,Vehicle Theft,Indiranagar,12.974474,77.642944,2024-08-02,09:36:58,Low,Under Investigation,21,Male
FIR05124,Assault,Electronic City,12.837528,77.680076,2026-05-23,22:56:54,Medium,Closed,59,Other
FIR05125,Murder,Indiranagar,12.979122,77.641955,2025-04-22,09:15:16,High,Open,40,Male
FIR05126,Robbery,Whitefield,12.96564,77.750658,2025-11-14,07:05:03,High,Closed,50,Other
FIR05127,Drug Offense,Electronic City,12.838794,77.678847,2026-03-23,18:12:37,Medium,Open,56,Female
FIR05128,Robbery,Koramangala,12.930518,77.624022,2026-03-30,11:09:42,High,Closed,47,Other
FIR05129,Domestic Violence,Indiranagar,12.977794,77.638564,2026-06-17,08:36:14,Medium,Under Investigation,29,Male
FIR05130,Kidnapping,MG Road,12.975759,77.609514,2025-01-27,13:08:00,High,Open,29,Other
FIR05131,Domestic Violence,HSR Layout,12.915803,77.642907,2025-06-17,19:39:01,Medium,Closed,64,Male
FIR05132,Assault,Hebbal,13.035656,77.593585,2025-07-04,10:35:21,Medium,Open,38,Male
FIR05133,Kidnapping,MG Road,12.979431,77.602985,2024-12-23,13:52:19,High,Closed,56,Female
FIR05134,Murder,BTM Layout,12.921532,77.607258,2026-06-25,15:31:59,High,Under Investigation,34,Male
FIR05135,Assault,Indiranagar,12.982876,77.644854,2025-02-28,02:43:28,Medium,Open,46,Male
FIR05136,Theft,Whitefield,12.967334,77.746643,2026-02-08,23:01:41,Low,Under Investigation,18,Female
FIR05137,Domestic Violence,Bellandur,12.92464,77.672152,2025-06-29,15:23:32,Medium,Under Investigation,57,Other
FIR05138,Vehicle Theft,Whitefield,12.971144,77.752861,2025-01-08,09:28:11,Low,Closed,41,Other
FIR05139,Vehicle Theft,Banashankari,12.921578,77.569697,2024-11-17,05:33:47,Low,Closed,20,Female
FIR05140,Murder,MG Road,12.976343,77.604098,2025-06-27,01:59:26,High,Closed,57,Male
FIR05141,Fraud,Malleshwaram,13.005101,77.575032,2025-08-25,09:28:17,Medium,Open,62,Female
FIR05142,Assault,Banashankari,12.921773,77.568643,2026-05-08,11:53:42,Medium,Under Investigation,27,Female
FIR05143,Murder,Marathahalli,12.955327,77.697517,2026-01-14,21:03:43,High,Closed,28,Other
FIR05144,Robbery,MG Road,12.974925,77.608641,2025-01-10,07:15:43,High,Open,62,Female
FIR05145,Domestic Violence,BTM Layout,12.917466,77.610962,2026-06-18,09:22:47,Medium,Open,60,Female
FIR05146,Vehicle Theft,Hebbal,13.037202,77.597855,2025-01-12,18:55:09,Low,Under Investigation,25,Female
FIR05147,Cyber Crime,Rajajinagar,12.994933,77.558291,2025-01-20,18:37:45,Medium,Closed,48,Other
FIR05148,Assault,MG Road,12.977022,77.608521,2026-04-21,08:56:43,Medium,Open,69,Female
FIR05149,Theft,MG Road,12.972446,77.607948,2026-06-27,14:10:56,Low,Closed,29,Male
FIR05150,Domestic Violence,Electronic City,12.836395,77.67971,2025-08-13,22:09:12,Medium,Open,26,Male
FIR05151,Cyber Crime,Whitefield,12.974747,77.745267,2025-08-18,21:12:14,Medium,Closed,33,Male
FIR05152,Domestic Violence,Marathahalli,12.956326,77.695535,2026-05-02,00:28:35,Medium,Under Investigation,30,Other
FIR05153,Kidnapping,Electronic City,12.838515,77.681723,2026-03-19,19:23:34,High,Open,58,Other
FIR05154,Cyber Crime,Jayanagar,12.929944,77.589051,2025-01-03,21:17:25,Medium,Under Investigation,51,Male
FIR05155,Cyber Crime,Yelahanka,13.099422,77.594983,2026-04-16,00:45:05,Medium,Open,42,Other
FIR05156,Domestic Violence,Malleshwaram,12.999315,77.570181,2026-05-03,22:51:39,Medium,Closed,67,Female
FIR05157,Kidnapping,Jayanagar,12.927968,77.590013,2024-12-08,21:21:25,High,Closed,61,Female
FIR05158,Drug Offense,Yelahanka,13.105685,77.594201,2025-11-22,22:18:30,Medium,Closed,28,Male
FIR05159,Vehicle Theft,BTM Layout,12.920984,77.611192,2026-04-25,11:48:59,Low,Closed,68,Female
FIR05160,Cyber Crime,Bellandur,12.928015,77.673461,2024-08-20,20:12:48,Medium,Open,43,Male
FIR05161,Cyber Crime,Indiranagar,12.977076,77.639765,2024-07-28,05:47:39,Medium,Under Investigation,42,Female
FIR05162,Theft,Hebbal,13.032019,77.593651,2026-01-23,14:52:19,Low,Under Investigation,64,Female
FIR05163,Theft,BTM Layout,12.916453,77.606731,2026-05-29,12:15:54,Low,Closed,65,Other
FIR05164,Theft,Whitefield,12.973029,77.750755,2025-01-08,01:52:16,Low,Under Investigation,57,Female
FIR05165,Domestic Violence,Whitefield,12.966507,77.748561,2026-06-17,12:07:43,Medium,Open,35,Male
FIR05166,Murder,Koramangala,12.935992,77.628278,2025-04-27,02:04:54,High,Open,37,Other
FIR05167,Domestic Violence,Banashankari,12.913441,77.575543,2025-02-03,10:37:28,Medium,Under Investigation,51,Male
FIR05168,Theft,BTM Layout,12.91339,77.613538,2024-12-07,01:21:31,Low,Closed,37,Female
FIR05169,Robbery,Koramangala,12.939736,77.622456,2025-04-27,16:16:31,High,Open,38,Other
FIR05170,Robbery,Electronic City,12.836266,77.674401,2026-03-25,01:49:50,High,Closed,45,Other
FIR05171,Robbery,Malleshwaram,13.00167,77.565606,2026-03-04,14:09:09,High,Closed,57,Female
FIR05172,Vehicle Theft,Rajajinagar,12.989013,77.551892,2025-01-03,02:59:27,Low,Under Investigation,28,Other
FIR05173,Robbery,Yelahanka,13.100526,77.60109,2024-08-03,14:21:38,High,Under Investigation,25,Female
FIR05174,Fraud,Jayanagar,12.928,77.590754,2025-10-02,08:56:11,Medium,Closed,27,Female
FIR05175,Kidnapping,HSR Layout,12.911509,77.652284,2025-04-10,06:48:46,High,Open,46,Other
FIR05176,Murder,Electronic City,12.842916,77.680064,2025-08-11,12:32:02,High,Under Investigation,25,Female
FIR05177,Domestic Violence,Electronic City,12.838114,77.676003,2026-01-03,18:34:42,Medium,Under Investigation,64,Female
FIR05178,Domestic Violence,Malleshwaram,13.00183,77.575418,2025-12-15,17:46:44,Medium,Open,31,Other
FIR05179,Murder,Koramangala,12.935109,77.624355,2025-05-14,21:39:06,High,Closed,35,Female
FIR05180,Domestic Violence,Marathahalli,12.955928,77.693096,2025-10-06,08:42:04,Medium,Closed,27,Female
FIR05181,Robbery,Bellandur,12.931002,77.671258,2025-08-03,06:11:25,High,Closed,38,Other
FIR05182,Drug Offense,Koramangala,12.937906,77.623132,2025-08-09,06:08:23,Medium,Open,36,Other
FIR05183,Assault,Malleshwaram,13.004112,77.575565,2024-08-03,01:48:01,Medium,Closed,20,Female
FIR05184,Murder,Marathahalli,12.958006,77.692461,2026-05-12,16:17:25,High,Under Investigation,49,Other
FIR05185,Vehicle Theft,MG Road,12.972343,77.600122,2026-05-24,03:09:58,Low,Under Investigation,62,Other
FIR05186,Cyber Crime,MG Road,12.977837,77.603256,2026-06-22,03:01:46,Medium,Under Investigation,68,Other
FIR05187,Fraud,Banashankari,12.914363,77.571222,2024-12-25,03:44:49,Medium,Open,25,Other
FIR05188,Kidnapping,Hebbal,13.035571,77.601322,2025-11-05,17:27:34,High,Under Investigation,46,Male
FIR05189,Drug Offense,BTM Layout,12.91239,77.61242,2024-08-12,03:26:59,Medium,Under Investigation,38,Female
FIR05190,Cyber Crime,Bellandur,12.932727,77.677318,2024-11-30,08:42:40,Medium,Under Investigation,69,Male
FIR05191,Kidnapping,HSR Layout,12.912729,77.651829,2024-08-28,04:08:25,High,Open,47,Male
FIR05192,Theft,Hebbal,13.040264,77.593389,2025-08-27,11:31:09,Low,Closed,21,Other
FIR05193,Cyber Crime,Electronic City,12.842564,77.674342,2025-02-17,06:10:56,Medium,Closed,58,Other
FIR05194,Vehicle Theft,MG Road,12.970665,77.601411,2025-12-04,00:04:35,Low,Open,43,Other
FIR05195,Fraud,Indiranagar,12.979498,77.636993,2026-06-03,12:12:26,Medium,Open,44,Male
FIR05196,Cyber Crime,Bellandur,12.924098,77.67172,2024-09-18,03:41:38,Medium,Open,23,Female
FIR05197,Drug Offense,HSR Layout,12.908894,77.648146,2025-06-10,10:12:05,Medium,Under Investigation,37,Male
FIR05198,Theft,Indiranagar,12.982028,77.64233,2025-07-09,14:08:13,Low,Closed,42,Other
FIR05199,Fraud,Bellandur,12.929634,77.673261,2026-06-03,21:33:28,Medium,Closed,19,Other
FIR05200,Murder,BTM Layout,12.920517,77.60653,2024-08-07,16:21:24,High,Closed,64,Male
FIR05201,Assault,Bellandur,12.931869,77.677668,2025-02-20,14:04:38,Medium,Closed,46,Male
FIR05202,Murder,Jayanagar,12.922011,77.598282,2026-01-02,18:06:41,High,Under Investigation,31,Other
FIR05203,Cyber Crime,BTM Layout,12.917924,77.612735,2025-07-18,15:24:27,Medium,Under Investigation,46,Male
FIR05204,Robbery,Rajajinagar,12.992478,77.55697,2026-07-21,09:46:26,High,Closed,69,Female
FIR05205,Robbery,HSR Layout,12.916517,77.646659,2025-09-24,18:32:37,High,Closed,35,Female
FIR05206,Fraud,HSR Layout,12.912313,77.644433,2024-12-29,05:08:58,Medium,Open,62,Male
FIR05207,Vehicle Theft,Indiranagar,12.978022,77.640653,2025-08-19,06:30:36,Low,Under Investigation,31,Female
FIR05208,Fraud,MG Road,12.972936,77.607962,2025-08-18,14:19:30,Medium,Closed,51,Male
FIR05209,Murder,Banashankari,12.919298,77.575043,2025-07-23,13:36:32,High,Under Investigation,66,Female
FIR05210,Domestic Violence,MG Road,12.979292,77.609831,2024-09-16,22:58:54,Medium,Open,24,Male
FIR05211,Kidnapping,Whitefield,12.97291,77.748616,2026-07-03,01:24:02,High,Under Investigation,22,Other
FIR05212,Cyber Crime,Jayanagar,12.922374,77.592365,2024-12-21,20:02:03,Medium,Open,52,Female
FIR05213,Robbery,Banashankari,12.918268,77.57323,2025-09-20,21:35:29,High,Under Investigation,54,Other
FIR05214,Theft,Malleshwaram,13.001778,77.574065,2024-11-01,10:05:55,Low,Under Investigation,28,Female
FIR05215,Murder,Malleshwaram,13.004093,77.568332,2024-08-06,01:07:44,High,Closed,18,Other
FIR05216,Theft,Marathahalli,12.963504,77.695454,2026-04-17,05:47:17,Low,Open,21,Other
FIR05217,Drug Offense,Bellandur,12.930898,77.677003,2025-02-16,04:41:11,Medium,Closed,40,Female
FIR05218,Kidnapping,Banashankari,12.920515,77.576475,2026-01-15,20:46:34,High,Under Investigation,41,Female
FIR05219,Kidnapping,Jayanagar,12.925094,77.598066,2025-11-27,22:37:22,High,Open,56,Other
FIR05220,Cyber Crime,Malleshwaram,13.003209,77.574113,2024-07-24,12:40:17,Medium,Closed,34,Female
FIR05221,Vehicle Theft,Marathahalli,12.962933,77.700782,2026-03-22,15:17:52,Low,Closed,63,Male
FIR05222,Murder,Koramangala,12.93261,77.627263,2026-03-18,23:25:07,High,Under Investigation,49,Other
FIR05223,Assault,Indiranagar,12.978945,77.644675,2026-02-03,08:35:12,Medium,Under Investigation,55,Other
FIR05224,Robbery,Malleshwaram,12.999077,77.567447,2024-10-30,00:41:01,High,Under Investigation,20,Male
FIR05225,Fraud,Banashankari,12.916791,77.568906,2026-06-05,07:36:33,Medium,Closed,49,Male
FIR05226,Fraud,Whitefield,12.974622,77.754803,2025-06-30,02:16:45,Medium,Open,68,Other
FIR05227,Domestic Violence,HSR Layout,12.908917,77.646779,2026-03-28,10:30:12,Medium,Open,24,Male
FIR05228,Domestic Violence,Malleshwaram,13.005622,77.570379,2026-04-28,01:06:57,Medium,Closed,45,Male
FIR05229,Vehicle Theft,BTM Layout,12.916091,77.612778,2025-09-30,11:20:14,Low,Closed,50,Male
FIR05230,Theft,Yelahanka,13.100762,77.596317,2025-04-03,01:50:04,Low,Under Investigation,26,Male
FIR05231,Theft,Malleshwaram,13.00322,77.566349,2025-04-22,18:14:17,Low,Open,54,Other
FIR05232,Assault,Yelahanka,13.100039,77.598737,2025-04-27,08:23:26,Medium,Closed,47,Other
FIR05233,Fraud,HSR Layout,12.914019,77.64356,2025-09-18,06:31:20,Medium,Closed,22,Male
FIR05234,Robbery,MG Road,12.977119,77.602012,2025-05-05,10:11:08,High,Closed,52,Other
FIR05235,Assault,Malleshwaram,13.003028,77.573836,2025-01-25,03:27:02,Medium,Under Investigation,29,Female
FIR05236,Assault,BTM Layout,12.920907,77.612988,2024-09-04,10:19:47,Medium,Under Investigation,55,Male
FIR05237,Assault,Malleshwaram,13.000642,77.569784,2025-04-15,08:17:59,Medium,Open,36,Other
FIR05238,Kidnapping,Hebbal,13.034066,77.601504,2025-09-05,13:52:01,High,Under Investigation,27,Other
FIR05239,Kidnapping,Bellandur,12.9253,77.675348,2025-03-03,16:10:15,High,Closed,34,Male
FIR05240,Kidnapping,Rajajinagar,12.993825,77.55143,2024-07-30,17:53:10,High,Under Investigation,43,Female
FIR05241,Fraud,Whitefield,12.966602,77.747046,2025-08-20,21:03:52,Medium,Closed,26,Other
FIR05242,Murder,HSR Layout,12.913846,77.648046,2026-02-02,08:16:19,High,Open,67,Male
FIR05243,Robbery,Hebbal,13.033667,77.59882,2025-12-28,10:09:56,High,Closed,43,Other
FIR05244,Drug Offense,Marathahalli,12.963375,77.694089,2025-11-20,11:17:59,Medium,Closed,65,Female
FIR05245,Robbery,Electronic City,12.844599,77.67576,2025-07-29,12:19:22,High,Under Investigation,33,Other
FIR05246,Cyber Crime,Rajajinagar,12.989543,77.55561,2025-08-02,11:02:32,Medium,Under Investigation,45,Female
FIR05247,Domestic Violence,BTM Layout,12.913115,77.614285,2025-05-16,13:28:24,Medium,Open,60,Other
FIR05248,Kidnapping,Banashankari,12.919623,77.56978,2026-03-31,16:54:34,High,Closed,61,Male
FIR05249,Murder,MG Road,12.977898,77.608869,2026-04-19,05:22:37,High,Open,35,Female
FIR05250,Assault,Indiranagar,12.981701,77.64264,2025-02-07,00:17:03,Medium,Closed,57,Male
FIR05251,Vehicle Theft,Whitefield,12.965706,77.752576,2025-11-06,22:05:58,Low,Under Investigation,36,Other
FIR05252,Murder,Marathahalli,12.963675,77.696686,2024-11-04,09:34:57,High,Open,22,Male
FIR05253,Cyber Crime,Malleshwaram,13.006301,77.572482,2025-06-28,17:33:24,Medium,Closed,44,Female
FIR05254,Domestic Violence,BTM Layout,12.91873,77.61085,2026-04-27,09:54:05,Medium,Closed,48,Female
FIR05255,Domestic Violence,Banashankari,12.91975,77.570903,2026-01-28,06:54:44,Medium,Under Investigation,23,Male
FIR05256,Murder,Rajajinagar,12.991162,77.557537,2025-09-27,11:25:01,High,Closed,36,Male
FIR05257,Fraud,HSR Layout,12.912823,77.648996,2025-04-21,22:27:47,Medium,Under Investigation,69,Female
FIR05258,Murder,Hebbal,13.038056,77.600596,2025-03-05,14:20:08,High,Under Investigation,20,Female
FIR05259,Drug Offense,Banashankari,12.917114,77.578035,2026-04-30,17:50:57,Medium,Under Investigation,54,Other
FIR05260,Murder,Marathahalli,12.960885,77.70179,2024-12-17,05:50:52,High,Under Investigation,32,Female
FIR05261,Robbery,Malleshwaram,13.001227,77.56796,2025-07-14,05:42:07,High,Closed,58,Other
FIR05262,Drug Offense,Koramangala,12.937295,77.625451,2025-07-14,11:13:44,Medium,Open,38,Other
FIR05263,Vehicle Theft,Malleshwaram,13.002872,77.575175,2024-10-09,09:36:08,Low,Closed,49,Female
FIR05264,Murder,Hebbal,13.035403,77.600799,2024-12-11,23:55:01,High,Open,40,Other
FIR05265,Cyber Crime,Rajajinagar,12.98956,77.557934,2024-11-04,00:14:37,Medium,Open,59,Other
FIR05266,Fraud,Banashankari,12.922568,77.568887,2025-05-19,19:35:19,Medium,Closed,34,Male
FIR05267,Murder,Marathahalli,12.960905,77.695287,2026-07-12,21:13:16,High,Open,69,Other
FIR05268,Robbery,Yelahanka,13.105261,77.591817,2025-08-12,12:18:26,High,Open,41,Other
FIR05269,Theft,Banashankari,12.913433,77.569126,2024-10-08,14:36:32,Low,Under Investigation,57,Female
FIR05270,Domestic Violence,Electronic City,12.844664,77.676475,2025-03-17,20:30:42,Medium,Open,21,Female
FIR05271,Fraud,Malleshwaram,13.004567,77.570374,2024-07-27,21:10:49,Medium,Closed,51,Female
FIR05272,Theft,Indiranagar,12.977318,77.639335,2026-02-07,15:10:27,Low,Under Investigation,23,Female
FIR05273,Drug Offense,Indiranagar,12.973444,77.637844,2025-05-15,04:47:53,Medium,Closed,43,Female
FIR05274,Theft,Jayanagar,12.92378,77.598727,2025-02-13,00:04:37,Low,Open,69,Other
FIR05275,Drug Offense,Whitefield,12.972732,77.751093,2024-11-12,11:29:08,Medium,Closed,46,Female
FIR05276,Robbery,Malleshwaram,13.000821,77.57539,2025-09-06,02:25:35,High,Under Investigation,49,Male
FIR05277,Robbery,HSR Layout,12.913896,77.646181,2025-05-31,15:41:04,High,Closed,26,Other
FIR05278,Vehicle Theft,Hebbal,13.04066,77.595814,2025-10-19,02:25:02,Low,Closed,58,Other
FIR05279,Domestic Violence,Yelahanka,13.101214,77.596622,2025-04-10,01:47:41,Medium,Open,35,Male
FIR05280,Assault,Indiranagar,12.978038,77.641487,2024-08-22,10:41:18,Medium,Open,31,Female
FIR05281,Robbery,Whitefield,12.971687,77.75332,2025-05-14,23:46:41,High,Open,64,Female
FIR05282,Robbery,Whitefield,12.965455,77.754347,2024-11-30,17:53:27,High,Under Investigation,26,Female
FIR05283,Fraud,Banashankari,12.921571,77.571891,2025-11-17,07:50:15,Medium,Closed,70,Male
FIR05284,Vehicle Theft,Rajajinagar,12.988106,77.554828,2026-01-10,11:47:54,Low,Open,43,Male
FIR05285,Cyber Crime,Marathahalli,12.961902,77.700672,2025-09-24,16:28:46,Medium,Open,62,Female
FIR05286,Theft,Koramangala,12.937607,77.623397,2026-01-15,21:42:18,Low,Under Investigation,50,Female
FIR05287,Vehicle Theft,Rajajinagar,12.992416,77.556003,2025-07-21,23:03:17,Low,Open,26,Female
FIR05288,Theft,BTM Layout,12.917497,77.607624,2026-05-09,14:04:16,Low,Closed,28,Female
FIR05289,Fraud,Bellandur,12.929311,77.678593,2024-11-17,05:08:12,Medium,Closed,68,Male
FIR05290,Domestic Violence,Koramangala,12.933286,77.62824,2025-12-07,03:15:06,Medium,Open,68,Other
FIR05291,Vehicle Theft,Hebbal,13.034123,77.596021,2026-06-30,07:48:45,Low,Under Investigation,20,Male
FIR05292,Drug Offense,HSR Layout,12.910394,77.64948,2025-08-01,04:17:35,Medium,Open,55,Other
FIR05293,Drug Offense,BTM Layout,12.917321,77.61366,2025-06-16,06:42:27,Medium,Under Investigation,52,Female
FIR05294,Vehicle Theft,Koramangala,12.93305,77.626818,2025-05-21,18:30:54,Low,Closed,41,Other
FIR05295,Theft,Electronic City,12.840818,77.679309,2025-02-02,00:33:40,Low,Closed,24,Female
FIR05296,Assault,Koramangala,12.932232,77.626956,2025-12-13,17:56:48,Medium,Open,22,Female
FIR05297,Kidnapping,Electronic City,12.842839,77.67499,2025-03-07,23:09:23,High,Open,30,Male
FIR05298,Fraud,BTM Layout,12.921553,77.608913,2025-12-29,08:00:28,Medium,Under Investigation,28,Female
FIR05299,Drug Offense,MG Road,12.972687,77.605378,2025-03-24,23:02:11,Medium,Under Investigation,30,Male
FIR05300,Drug Offense,MG Road,12.971971,77.609623,2026-03-19,01:20:24,Medium,Closed,18,Female
FIR05301,Cyber Crime,Koramangala,12.931677,77.624768,2026-05-26,18:08:14,Medium,Closed,24,Female
FIR05302,Robbery,MG Road,12.977721,77.602769,2024-08-31,05:13:14,High,Closed,66,Female
FIR05303,Domestic Violence,Rajajinagar,12.994121,77.554741,2024-11-12,05:26:59,Medium,Under Investigation,18,Female
FIR05304,Theft,Electronic City,12.843381,77.674905,2025-03-01,17:45:49,Low,Under Investigation,45,Female
FIR05305,Vehicle Theft,Bellandur,12.928248,77.676726,2025-12-11,19:57:31,Low,Under Investigation,60,Female
FIR05306,Fraud,Jayanagar,12.926856,77.591117,2025-11-23,10:44:19,Medium,Closed,50,Other
FIR05307,Drug Offense,Yelahanka,13.103115,77.596912,2026-04-23,06:49:50,Medium,Closed,35,Female
FIR05308,Kidnapping,Electronic City,12.839463,77.674407,2024-08-12,11:28:53,High,Open,37,Other
FIR05309,Assault,Whitefield,12.972974,77.749253,2025-06-28,11:17:14,Medium,Closed,35,Other
FIR05310,Murder,Whitefield,12.964959,77.750513,2026-05-15,13:26:23,High,Closed,33,Male
FIR05311,Theft,Jayanagar,12.92212,77.590655,2025-06-04,15:02:38,Low,Under Investigation,19,Other
FIR05312,Vehicle Theft,Electronic City,12.838426,77.67619,2024-11-09,13:06:07,Low,Open,68,Male
FIR05313,Domestic Violence,Yelahanka,13.104184,77.595227,2025-01-27,22:19:14,Medium,Under Investigation,43,Other
FIR05314,Domestic Violence,Marathahalli,12.956366,77.692832,2025-04-12,12:18:03,Medium,Under Investigation,59,Other
FIR05315,Cyber Crime,Yelahanka,13.100461,77.595204,2026-07-13,03:59:22,Medium,Closed,56,Female
FIR05316,Kidnapping,Koramangala,12.931791,77.626434,2025-12-20,00:20:11,High,Open,20,Male
FIR05317,Theft,MG Road,12.974633,77.603477,2025-08-22,06:18:40,Low,Open,31,Female
FIR05318,Vehicle Theft,Marathahalli,12.962416,77.69343,2025-05-26,15:30:23,Low,Closed,24,Male
FIR05319,Drug Offense,Jayanagar,12.923034,77.591728,2025-05-08,00:36:44,Medium,Under Investigation,46,Female
FIR05320,Murder,Whitefield,12.967774,77.754308,2026-05-26,12:10:04,High,Under Investigation,69,Male
FIR05321,Domestic Violence,Marathahalli,12.955938,77.694202,2024-11-14,17:34:47,Medium,Under Investigation,64,Female
FIR05322,Murder,Koramangala,12.935329,77.625369,2025-01-04,09:21:51,High,Open,18,Female
FIR05323,Kidnapping,Rajajinagar,12.995263,77.553826,2024-07-27,08:02:12,High,Open,57,Male
FIR05324,Domestic Violence,Banashankari,12.921234,77.569965,2026-04-28,18:08:45,Medium,Closed,69,Female
FIR05325,Robbery,Koramangala,12.933041,77.627863,2024-10-12,02:57:34,High,Open,38,Other
FIR05326,Murder,BTM Layout,12.914245,77.606381,2026-01-12,03:59:56,High,Open,51,Male
FIR05327,Cyber Crime,Rajajinagar,12.986513,77.553746,2024-09-21,13:09:34,Medium,Open,28,Female
FIR05328,Domestic Violence,Banashankari,12.921908,77.572384,2026-05-30,06:29:25,Medium,Under Investigation,24,Male
FIR05329,Assault,HSR Layout,12.916476,77.651864,2025-08-12,10:41:07,Medium,Under Investigation,61,Male
FIR05330,Cyber Crime,Koramangala,12.934237,77.625641,2026-04-01,09:17:45,Medium,Under Investigation,33,Male
FIR05331,Theft,Jayanagar,12.928455,77.597812,2025-04-15,07:34:05,Low,Closed,43,Female
FIR05332,Robbery,Whitefield,12.968718,77.744988,2025-11-17,13:03:00,High,Open,44,Other
FIR05333,Domestic Violence,Banashankari,12.91455,77.57242,2025-10-25,22:17:19,Medium,Under Investigation,40,Male
FIR05334,Theft,Indiranagar,12.981633,77.639709,2024-08-09,07:03:59,Low,Closed,28,Female
FIR05335,Drug Offense,Yelahanka,13.101185,77.600686,2026-05-15,02:49:10,Medium,Under Investigation,31,Male
FIR05336,Domestic Violence,HSR Layout,12.91521,77.643828,2025-02-25,07:19:13,Medium,Closed,21,Other
FIR05337,Assault,Yelahanka,13.102895,77.592429,2026-02-06,22:50:20,Medium,Closed,31,Male
FIR05338,Kidnapping,Bellandur,12.931447,77.674325,2025-02-21,11:54:08,High,Closed,57,Other
FIR05339,Drug Offense,Yelahanka,13.105337,77.599653,2025-09-03,08:00:59,Medium,Closed,52,Other
FIR05340,Fraud,Yelahanka,13.100455,77.596071,2024-10-06,07:05:41,Medium,Open,56,Female
FIR05341,Robbery,Marathahalli,12.962255,77.70199,2025-12-20,07:48:52,High,Open,33,Other
FIR05342,Kidnapping,Whitefield,12.972321,77.746774,2024-11-06,06:40:02,High,Under Investigation,23,Female
FIR05343,Robbery,Hebbal,13.032935,77.597116,2026-01-11,11:00:57,High,Under Investigation,29,Other
FIR05344,Domestic Violence,Yelahanka,13.104653,77.596551,2026-07-16,21:18:58,Medium,Closed,66,Male
FIR05345,Cyber Crime,Electronic City,12.840376,77.676571,2025-12-24,17:42:00,Medium,Under Investigation,24,Male
FIR05346,Kidnapping,Indiranagar,12.975131,77.644765,2025-05-24,04:19:50,High,Closed,18,Other
FIR05347,Assault,MG Road,12.97934,77.602722,2025-11-28,11:11:15,Medium,Open,18,Other
FIR05348,Drug Offense,HSR Layout,12.907662,77.64803,2024-12-15,09:33:27,Medium,Under Investigation,30,Other
FIR05349,Murder,HSR Layout,12.907036,77.642564,2026-01-06,20:30:10,High,Open,34,Male
FIR05350,Robbery,Hebbal,13.035333,77.599472,2025-12-25,23:05:44,High,Closed,43,Other
FIR05351,Theft,Yelahanka,13.099711,77.597642,2024-12-23,00:28:04,Low,Closed,56,Other
FIR05352,Murder,BTM Layout,12.921124,77.609296,2024-07-25,16:32:14,High,Closed,57,Other
FIR05353,Theft,Banashankari,12.913503,77.569247,2025-12-23,03:50:16,Low,Closed,44,Other
FIR05354,Murder,MG Road,12.979935,77.600682,2025-06-30,06:55:06,High,Open,20,Male
FIR05355,Domestic Violence,Koramangala,12.939935,77.626014,2024-07-29,04:38:33,Medium,Open,24,Other
FIR05356,Domestic Violence,Rajajinagar,12.991768,77.556246,2025-07-22,00:42:22,Medium,Closed,69,Male
FIR05357,Murder,Koramangala,12.940184,77.620215,2024-11-09,06:54:12,High,Under Investigation,67,Female
FIR05358,Cyber Crime,Electronic City,12.837952,77.680157,2026-01-14,20:41:18,Medium,Open,42,Female
FIR05359,Vehicle Theft,Jayanagar,12.927718,77.596546,2026-06-14,08:43:07,Low,Open,28,Female
FIR05360,Theft,Koramangala,12.93139,77.625542,2024-12-21,15:36:19,Low,Under Investigation,23,Male
FIR05361,Drug Offense,Electronic City,12.837526,77.675407,2026-05-28,08:27:15,Medium,Under Investigation,30,Female
FIR05362,Vehicle Theft,MG Road,12.973691,77.600496,2024-10-12,10:46:34,Low,Closed,37,Other
FIR05363,Kidnapping,Marathahalli,12.963795,77.692624,2025-02-16,22:33:57,High,Closed,19,Male
FIR05364,Assault,Banashankari,12.920509,77.572976,2025-04-27,04:06:36,Medium,Open,56,Female
FIR05365,Drug Offense,Hebbal,13.032857,77.599234,2026-06-23,10:20:12,Medium,Open,37,Male
FIR05366,Murder,Bellandur,12.92845,77.67598,2025-05-05,01:51:22,High,Open,68,Male
FIR05367,Theft,Rajajinagar,12.993969,77.555545,2024-10-25,05:12:06,Low,Under Investigation,40,Other
FIR05368,Fraud,Koramangala,12.936403,77.624621,2025-09-09,07:10:52,Medium,Closed,55,Other
FIR05369,Domestic Violence,Jayanagar,12.923516,77.595205,2026-01-27,08:19:19,Medium,Under Investigation,38,Female
FIR05370,Vehicle Theft,MG Road,12.971481,77.601382,2025-08-22,05:23:37,Low,Under Investigation,61,Female
FIR05371,Assault,Bellandur,12.927678,77.677462,2024-12-29,09:00:36,Medium,Closed,30,Other
FIR05372,Fraud,MG Road,12.973963,77.600114,2025-03-05,22:19:11,Medium,Under Investigation,60,Female
FIR05373,Vehicle Theft,Bellandur,12.930652,77.672921,2025-10-28,19:58:22,Low,Closed,63,Male
FIR05374,Murder,Indiranagar,12.981748,77.641947,2026-06-26,10:01:50,High,Closed,51,Female
FIR05375,Cyber Crime,Marathahalli,12.960791,77.692561,2026-01-19,16:17:59,Medium,Open,19,Other
FIR05376,Theft,Electronic City,12.837079,77.68197,2025-03-22,01:46:09,Low,Under Investigation,19,Female
FIR05377,Assault,Whitefield,12.97181,77.747894,2024-07-31,07:56:48,Medium,Under Investigation,53,Other
FIR05378,Murder,Electronic City,12.841978,77.676441,2025-05-11,17:28:15,High,Closed,32,Male
FIR05379,Robbery,Electronic City,12.838875,77.680209,2025-01-17,21:05:04,High,Under Investigation,30,Other
FIR05380,Kidnapping,Rajajinagar,12.990151,77.553054,2025-10-11,07:42:26,High,Closed,50,Other
FIR05381,Fraud,BTM Layout,12.919995,77.605386,2025-02-05,21:04:51,Medium,Closed,57,Female
FIR05382,Cyber Crime,Koramangala,12.930213,77.621535,2025-03-06,17:10:03,Medium,Closed,40,Female
FIR05383,Robbery,Malleshwaram,13.006376,77.575379,2025-02-03,17:23:25,High,Closed,19,Female
FIR05384,Drug Offense,Hebbal,13.034016,77.596249,2025-06-03,19:11:44,Medium,Under Investigation,56,Female
FIR05385,Robbery,MG Road,12.970705,77.60502,2025-08-19,09:39:05,High,Open,66,Female
FIR05386,Cyber Crime,Hebbal,13.033568,77.5982,2025-01-03,21:37:45,Medium,Open,51,Other
FIR05387,Murder,Koramangala,12.936172,77.622467,2025-07-12,11:32:50,High,Open,26,Other
FIR05388,Domestic Violence,Jayanagar,12.928435,77.59441,2024-11-30,15:24:22,Medium,Under Investigation,56,Other
FIR05389,Assault,Bellandur,12.928071,77.672719,2025-06-27,23:31:06,Medium,Open,40,Male
FIR05390,Drug Offense,Bellandur,12.92756,77.675538,2024-12-15,10:57:16,Medium,Open,63,Male
FIR05391,Fraud,Malleshwaram,13.001733,77.573666,2025-02-17,01:32:05,Medium,Closed,26,Male
FIR05392,Assault,Banashankari,12.923363,77.578306,2024-12-04,02:06:42,Medium,Open,45,Other
FIR05393,Robbery,Malleshwaram,13.00388,77.573049,2026-01-24,00:04:19,High,Open,51,Male
FIR05394,Robbery,Rajajinagar,12.9929,77.550401,2025-04-11,07:57:17,High,Closed,43,Female
FIR05395,Murder,Yelahanka,13.104297,77.595159,2026-01-19,17:31:38,High,Under Investigation,39,Female
FIR05396,Theft,Electronic City,12.842584,77.678617,2025-06-21,02:01:06,Low,Open,36,Other
FIR05397,Theft,MG Road,12.978562,77.600624,2024-11-13,03:00:54,Low,Open,53,Male
FIR05398,Theft,BTM Layout,12.915053,77.615056,2024-12-26,08:43:23,Low,Open,65,Female
FIR05399,Assault,Malleshwaram,13.000732,77.574488,2024-12-08,12:44:31,Medium,Closed,22,Male
FIR05400,Fraud,Rajajinagar,12.993189,77.556557,2025-07-19,10:46:21,Medium,Open,59,Male
FIR05401,Kidnapping,Yelahanka,13.097437,77.592114,2024-12-06,21:21:01,High,Under Investigation,37,Male
FIR05402,Domestic Violence,Malleshwaram,12.999189,77.568514,2026-01-09,21:45:37,Medium,Under Investigation,23,Female
FIR05403,Robbery,Marathahalli,12.956054,77.696524,2025-10-20,12:25:57,High,Open,27,Other
FIR05404,Theft,Jayanagar,12.928346,77.590157,2024-12-30,07:36:10,Low,Under Investigation,26,Female
FIR05405,Robbery,Marathahalli,12.958982,77.697001,2025-05-27,08:08:00,High,Closed,68,Other
FIR05406,Fraud,Jayanagar,12.923628,77.591527,2026-01-28,16:32:27,Medium,Open,35,Female
FIR05407,Fraud,Hebbal,13.038143,77.601717,2026-03-09,11:49:26,Medium,Under Investigation,31,Male
FIR05408,Drug Offense,Koramangala,12.939481,77.625396,2025-03-13,16:35:39,Medium,Open,42,Male
FIR05409,Assault,Bellandur,12.925256,77.675852,2025-07-20,23:19:03,Medium,Closed,21,Other
FIR05410,Vehicle Theft,Yelahanka,13.10381,77.596576,2024-11-27,21:10:23,Low,Under Investigation,19,Male
FIR05411,Domestic Violence,Yelahanka,13.098358,77.598662,2025-09-15,08:26:37,Medium,Under Investigation,23,Other
FIR05412,Robbery,Marathahalli,12.962434,77.697857,2026-03-24,14:42:58,High,Closed,35,Male
FIR05413,Cyber Crime,Banashankari,12.921752,77.568885,2024-11-30,22:28:19,Medium,Closed,50,Male
FIR05414,Drug Offense,Indiranagar,12.976196,77.644308,2025-10-30,09:47:21,Medium,Closed,40,Other
FIR05415,Robbery,Hebbal,13.037083,77.593963,2025-09-09,16:25:10,High,Closed,20,Male
FIR05416,Fraud,Rajajinagar,12.995017,77.551981,2026-02-24,16:20:21,Medium,Open,38,Other
FIR05417,Drug Offense,Electronic City,12.837374,77.681912,2025-03-06,10:43:50,Medium,Open,37,Other
FIR05418,Robbery,Electronic City,12.841512,77.678125,2025-05-22,13:36:58,High,Open,67,Other
FIR05419,Fraud,HSR Layout,12.910945,77.646445,2025-08-25,15:28:55,Medium,Under Investigation,50,Other
FIR05420,Drug Offense,Koramangala,12.937861,77.620766,2025-06-27,16:50:14,Medium,Under Investigation,68,Female
FIR05421,Cyber Crime,Koramangala,12.932479,77.628866,2025-12-29,19:29:02,Medium,Under Investigation,21,Female
FIR05422,Drug Offense,Hebbal,13.038998,77.601573,2026-03-19,01:32:02,Medium,Open,49,Male
FIR05423,Drug Offense,Bellandur,12.932049,77.679005,2025-03-30,02:56:36,Medium,Open,41,Other
FIR05424,Theft,Marathahalli,12.957226,77.700345,2025-08-23,14:01:32,Low,Open,30,Other
FIR05425,Robbery,MG Road,12.972376,77.60077,2024-11-15,14:38:33,High,Open,31,Female
FIR05426,Drug Offense,Koramangala,12.938001,77.626942,2026-01-22,20:10:40,Medium,Under Investigation,55,Female
FIR05427,Fraud,Whitefield,12.970653,77.74628,2025-01-31,07:19:23,Medium,Closed,21,Other
FIR05428,Vehicle Theft,Koramangala,12.934187,77.624229,2024-11-04,11:14:06,Low,Closed,64,Male
FIR05429,Kidnapping,Indiranagar,12.982323,77.640425,2025-03-30,08:30:00,High,Open,50,Male
FIR05430,Theft,MG Road,12.973822,77.604003,2025-02-14,18:10:47,Low,Open,55,Other
FIR05431,Robbery,Marathahalli,12.959904,77.701746,2024-11-22,21:10:57,High,Under Investigation,28,Other
FIR05432,Assault,BTM Layout,12.921543,77.61084,2026-05-24,17:11:00,Medium,Open,40,Female
FIR05433,Cyber Crime,MG Road,12.973616,77.609632,2024-10-30,22:07:58,Medium,Open,43,Other
FIR05434,Murder,Whitefield,12.971139,77.750501,2026-04-24,10:02:47,High,Closed,68,Female
FIR05435,Kidnapping,Marathahalli,12.958604,77.699694,2025-06-02,05:39:06,High,Open,43,Other
FIR05436,Cyber Crime,Hebbal,13.035362,77.597306,2025-04-21,04:31:48,Medium,Closed,68,Male
FIR05437,Assault,Koramangala,12.934121,77.620627,2026-01-14,12:16:58,Medium,Closed,61,Female
FIR05438,Robbery,Rajajinagar,12.996495,77.551763,2025-03-18,15:45:05,High,Closed,31,Other
FIR05439,Fraud,HSR Layout,12.912193,77.651594,2025-12-31,04:58:32,Medium,Closed,18,Female
FIR05440,Murder,Malleshwaram,13.005722,77.571622,2026-07-11,11:42:48,High,Closed,41,Other
FIR05441,Robbery,BTM Layout,12.918989,77.610876,2024-12-28,04:56:30,High,Under Investigation,28,Other
FIR05442,Cyber Crime,HSR Layout,12.914546,77.647005,2025-02-11,20:30:42,Medium,Closed,33,Female
FIR05443,Fraud,Hebbal,13.030885,77.592297,2026-06-22,21:42:41,Medium,Closed,20,Other
FIR05444,Fraud,Indiranagar,12.980356,77.643504,2025-10-05,05:32:05,Medium,Open,52,Female
FIR05445,Murder,Jayanagar,12.929267,77.597506,2026-01-17,05:29:53,High,Open,18,Other
FIR05446,Robbery,Rajajinagar,12.991927,77.557291,2025-08-18,10:06:06,High,Open,70,Male
FIR05447,Kidnapping,Whitefield,12.974272,77.748477,2025-09-12,02:14:18,High,Under Investigation,30,Female
FIR05448,Theft,Whitefield,12.971753,77.752176,2024-11-28,15:03:39,Low,Open,61,Male
FIR05449,Murder,Koramangala,12.933065,77.619624,2025-02-09,01:16:09,High,Closed,45,Other
FIR05450,Cyber Crime,MG Road,12.974197,77.603953,2025-03-20,05:33:38,Medium,Closed,23,Male
FIR05451,Cyber Crime,Yelahanka,13.102306,77.600707,2025-11-09,20:33:58,Medium,Open,42,Other
FIR05452,Assault,MG Road,12.977672,77.606272,2025-10-10,06:49:17,Medium,Closed,61,Female
FIR05453,Vehicle Theft,Jayanagar,12.927483,77.591771,2025-10-11,12:20:42,Low,Closed,69,Male
FIR05454,Murder,Whitefield,12.972347,77.748938,2025-08-05,05:45:37,High,Closed,19,Female
FIR05455,Assault,Rajajinagar,12.995998,77.556437,2026-06-14,12:58:47,Medium,Under Investigation,61,Other
FIR05456,Fraud,Rajajinagar,12.98883,77.554618,2025-12-16,15:48:30,Medium,Under Investigation,68,Female
FIR05457,Robbery,Jayanagar,12.926934,77.59833,2025-07-19,09:11:01,High,Open,46,Other
FIR05458,Theft,Malleshwaram,13.003586,77.565957,2026-06-17,11:59:31,Low,Under Investigation,20,Female
FIR05459,Kidnapping,Banashankari,12.915773,77.571634,2025-04-22,15:46:38,High,Open,19,Male
FIR05460,Murder,BTM Layout,12.917447,77.614686,2025-11-07,23:47:36,High,Closed,28,Male
FIR05461,Theft,Electronic City,12.835976,77.678655,2024-09-07,20:45:43,Low,Open,66,Other
FIR05462,Kidnapping,BTM Layout,12.916688,77.607728,2025-01-08,15:30:07,High,Under Investigation,43,Other
FIR05463,Murder,MG Road,12.973944,77.601116,2026-07-21,20:24:26,High,Under Investigation,31,Other
FIR05464,Drug Offense,Marathahalli,12.956054,77.694399,2025-04-15,19:56:49,Medium,Under Investigation,36,Female
FIR05465,Drug Offense,MG Road,12.970641,77.603272,2026-05-15,13:01:41,Medium,Under Investigation,53,Other
FIR05466,Vehicle Theft,Banashankari,12.915596,77.576056,2024-12-06,22:06:55,Low,Closed,61,Male
FIR05467,Assault,MG Road,12.97278,77.608911,2024-09-26,21:54:49,Medium,Closed,65,Other
FIR05468,Cyber Crime,Banashankari,12.922255,77.571202,2024-09-16,10:52:39,Medium,Closed,47,Male
FIR05469,Fraud,BTM Layout,12.911666,77.605956,2024-08-22,10:58:30,Medium,Under Investigation,66,Male
FIR05470,Murder,Rajajinagar,12.994637,77.552629,2024-11-09,09:56:58,High,Closed,44,Other
FIR05471,Theft,Whitefield,12.972614,77.753195,2025-08-24,00:53:38,Low,Under Investigation,67,Female
FIR05472,Drug Offense,Indiranagar,12.977143,77.640229,2024-12-27,20:49:43,Medium,Under Investigation,31,Female
FIR05473,Domestic Violence,HSR Layout,12.907211,77.648714,2025-06-29,12:07:45,Medium,Closed,38,Female
FIR05474,Robbery,Rajajinagar,12.988989,77.553827,2025-03-11,03:46:21,High,Under Investigation,42,Male
FIR05475,Cyber Crime,MG Road,12.975858,77.606509,2026-02-12,12:25:51,Medium,Open,66,Female
FIR05476,Drug Offense,Malleshwaram,13.003922,77.567309,2025-07-14,14:34:26,Medium,Open,56,Other
FIR05477,Vehicle Theft,Rajajinagar,12.996164,77.55787,2025-07-14,08:14:47,Low,Open,52,Male
FIR05478,Fraud,Banashankari,12.919938,77.57132,2024-08-07,05:31:51,Medium,Open,21,Male
FIR05479,Fraud,Electronic City,12.837864,77.676398,2024-11-13,08:13:45,Medium,Under Investigation,25,Male
FIR05480,Robbery,Banashankari,12.917863,77.578447,2025-03-16,01:32:28,High,Open,58,Female
FIR05481,Cyber Crime,Malleshwaram,12.999526,77.57263,2025-03-19,12:10:18,Medium,Under Investigation,65,Other
FIR05482,Fraud,Bellandur,12.92512,77.672921,2025-11-01,22:08:35,Medium,Closed,31,Male
FIR05483,Assault,Jayanagar,12.927311,77.591223,2025-04-22,00:48:22,Medium,Open,56,Male
FIR05484,Robbery,Hebbal,13.032648,77.595511,2025-09-17,17:36:43,High,Under Investigation,23,Other
FIR05485,Theft,MG Road,12.977044,77.603425,2025-01-05,15:52:35,Low,Open,59,Other
FIR05486,Drug Offense,Yelahanka,13.098189,77.599952,2025-10-26,23:38:36,Medium,Closed,23,Female
FIR05487,Fraud,Rajajinagar,12.989637,77.559071,2026-03-20,11:10:49,Medium,Open,34,Male
FIR05488,Drug Offense,Jayanagar,12.925227,77.596606,2024-12-11,09:11:47,Medium,Open,29,Female
FIR05489,Fraud,Electronic City,12.841014,77.680933,2025-05-17,08:03:04,Medium,Open,47,Male
FIR05490,Drug Offense,HSR Layout,12.911375,77.646127,2025-07-28,14:49:00,Medium,Under Investigation,53,Male
FIR05491,Theft,HSR Layout,12.91103,77.645214,2026-04-29,11:39:24,Low,Closed,53,Female
FIR05492,Kidnapping,BTM Layout,12.915636,77.613834,2026-01-08,14:36:23,High,Closed,45,Male
FIR05493,Vehicle Theft,Indiranagar,12.982615,77.64024,2026-06-23,15:43:56,Low,Under Investigation,56,Female
FIR05494,Theft,Rajajinagar,12.994943,77.557245,2025-09-07,12:07:26,Low,Closed,64,Female
FIR05495,Vehicle Theft,HSR Layout,12.914806,77.644584,2026-01-10,00:04:34,Low,Open,60,Male
FIR05496,Domestic Violence,Koramangala,12.931442,77.623614,2024-11-16,14:08:50,Medium,Open,66,Female
FIR05497,Theft,Yelahanka,13.100547,77.593253,2025-08-19,05:54:02,Low,Under Investigation,65,Male
FIR05498,Theft,Hebbal,13.031863,77.598555,2025-12-04,11:42:34,Low,Under Investigation,18,Female
FIR05499,Theft,Banashankari,12.919502,77.569352,2025-04-07,05:33:16,Low,Open,46,Other
FIR05500,Drug Offense,Rajajinagar,12.989991,77.550832,2026-02-17,12:58:24,Medium,Open,65,Female
FIR05501,Assault,Koramangala,12.938017,77.619951,2025-02-14,15:39:09,Medium,Under Investigation,23,Male
FIR05502,Assault,BTM Layout,12.914262,77.605557,2024-10-10,14:03:54,Medium,Under Investigation,23,Other
FIR05503,Vehicle Theft,Indiranagar,12.983281,77.641215,2026-07-20,10:48:42,Low,Under Investigation,53,Female
FIR05504,Fraud,Whitefield,12.971992,77.746603,2025-06-16,17:08:30,Medium,Closed,23,Female
FIR05505,Kidnapping,Banashankari,12.914785,77.573581,2025-07-09,18:55:38,High,Closed,42,Female
FIR05506,Theft,Indiranagar,12.977969,77.642833,2025-04-05,09:24:20,Low,Open,40,Male
FIR05507,Kidnapping,Bellandur,12.932115,77.678939,2025-03-05,18:53:22,High,Closed,57,Other
FIR05508,Murder,Bellandur,12.924149,77.67582,2025-05-13,06:03:44,High,Open,44,Male
FIR05509,Cyber Crime,Banashankari,12.922885,77.576015,2026-06-06,16:13:38,Medium,Closed,63,Other
FIR05510,Drug Offense,Hebbal,13.03328,77.598547,2025-03-14,17:34:28,Medium,Closed,61,Male
FIR05511,Murder,Malleshwaram,13.000451,77.574036,2024-12-18,06:37:28,High,Under Investigation,29,Female
FIR05512,Kidnapping,Bellandur,12.923692,77.678888,2025-02-05,18:10:31,High,Under Investigation,61,Male
FIR05513,Drug Offense,Whitefield,12.968684,77.749365,2024-11-10,05:08:25,Medium,Closed,57,Male
FIR05514,Kidnapping,Electronic City,12.838308,77.678019,2025-06-08,18:12:02,High,Closed,34,Female
FIR05515,Vehicle Theft,Hebbal,13.036196,77.600834,2024-10-11,06:05:28,Low,Closed,49,Female
FIR05516,Murder,Hebbal,13.034051,77.600546,2026-03-01,16:33:58,High,Under Investigation,33,Female
FIR05517,Fraud,Banashankari,12.91511,77.57805,2024-11-01,00:26:35,Medium,Under Investigation,31,Male
FIR05518,Theft,MG Road,12.97873,77.606793,2025-01-31,05:21:33,Low,Closed,48,Male
FIR05519,Domestic Violence,Yelahanka,13.102954,77.594296,2024-11-03,03:19:09,Medium,Under Investigation,40,Female
FIR05520,Theft,Rajajinagar,12.988624,77.559202,2026-01-10,14:55:45,Low,Closed,65,Male
FIR05521,Kidnapping,Banashankari,12.917173,77.573414,2025-08-28,11:21:21,High,Open,42,Male
FIR05522,Cyber Crime,HSR Layout,12.915123,77.643109,2025-09-06,03:00:48,Medium,Under Investigation,69,Female
FIR05523,Drug Offense,Koramangala,12.931672,77.628541,2025-11-14,20:59:01,Medium,Under Investigation,19,Female
FIR05524,Domestic Violence,BTM Layout,12.915406,77.611809,2026-05-16,16:44:04,Medium,Under Investigation,64,Male
FIR05525,Murder,Yelahanka,13.095787,77.591888,2024-11-08,05:44:35,High,Closed,70,Female
FIR05526,Fraud,MG Road,12.977438,77.605713,2026-03-08,20:05:51,Medium,Under Investigation,19,Female
FIR05527,Robbery,BTM Layout,12.918159,77.609033,2025-09-25,00:29:15,High,Open,49,Other
FIR05528,Kidnapping,Banashankari,12.917316,77.576548,2024-12-05,12:13:59,High,Closed,22,Female
FIR05529,Murder,HSR Layout,12.911898,77.650537,2024-10-01,20:35:14,High,Open,46,Other
FIR05530,Fraud,Banashankari,12.919973,77.578465,2024-08-18,23:41:37,Medium,Open,58,Other
FIR05531,Theft,Banashankari,12.921715,77.571456,2025-11-13,10:11:20,Low,Open,43,Female
FIR05532,Domestic Violence,Marathahalli,12.961868,77.694684,2024-11-11,16:21:00,Medium,Open,43,Female
FIR05533,Kidnapping,Bellandur,12.92824,77.676853,2025-02-11,14:08:47,High,Closed,53,Female
FIR05534,Murder,Malleshwaram,13.001264,77.572974,2025-05-21,08:57:51,High,Open,25,Other
FIR05535,Theft,Whitefield,12.974104,77.748234,2026-02-21,10:05:57,Low,Open,68,Other
FIR05536,Assault,Koramangala,12.937433,77.621514,2025-08-23,19:15:10,Medium,Closed,63,Male
FIR05537,Fraud,MG Road,12.980074,77.608567,2026-01-14,18:25:07,Medium,Under Investigation,47,Other
FIR05538,Robbery,Marathahalli,12.958211,77.695087,2024-09-12,14:17:52,High,Closed,56,Male
FIR05539,Assault,Indiranagar,12.983246,77.644875,2026-03-06,00:58:34,Medium,Open,29,Male
FIR05540,Kidnapping,BTM Layout,12.915304,77.608249,2025-05-04,07:47:10,High,Closed,23,Male
FIR05541,Murder,Hebbal,13.035886,77.601157,2025-05-28,11:29:07,High,Under Investigation,64,Other
FIR05542,Fraud,Bellandur,12.931736,77.68063,2024-09-16,01:32:39,Medium,Open,65,Other
FIR05543,Cyber Crime,Whitefield,12.966896,77.746316,2025-04-30,18:14:17,Medium,Open,65,Male
FIR05544,Cyber Crime,Indiranagar,12.97386,77.641188,2025-02-19,17:31:45,Medium,Closed,30,Male
FIR05545,Vehicle Theft,Whitefield,12.972511,77.748652,2025-02-11,22:55:46,Low,Under Investigation,33,Other
FIR05546,Murder,Marathahalli,12.954283,77.700313,2025-04-23,01:30:01,High,Open,44,Male
FIR05547,Domestic Violence,Indiranagar,12.978504,77.644286,2024-11-26,01:52:08,Medium,Open,21,Other
FIR05548,Cyber Crime,BTM Layout,12.917646,77.613406,2025-08-03,10:14:04,Medium,Closed,26,Female
FIR05549,Domestic Violence,Indiranagar,12.982974,77.637329,2026-05-14,12:35:02,Medium,Closed,55,Female
FIR05550,Fraud,Indiranagar,12.976935,77.644389,2024-10-27,15:10:21,Medium,Closed,46,Female
FIR05551,Robbery,Yelahanka,13.105047,77.598944,2024-12-30,13:54:11,High,Under Investigation,28,Other
FIR05552,Cyber Crime,HSR Layout,12.909176,77.642772,2025-12-09,17:19:43,Medium,Closed,60,Male
FIR05553,Domestic Violence,MG Road,12.975188,77.607803,2025-05-08,05:50:45,Medium,Under Investigation,33,Female
FIR05554,Kidnapping,Whitefield,12.966224,77.751007,2025-06-29,12:34:13,High,Open,60,Female
FIR05555,Assault,Jayanagar,12.928837,77.591153,2025-03-21,05:06:16,Medium,Open,58,Male
FIR05556,Drug Offense,Electronic City,12.842821,77.676977,2025-03-15,21:27:21,Medium,Under Investigation,25,Other
FIR05557,Assault,Rajajinagar,12.992091,77.558613,2025-07-05,19:58:41,Medium,Open,28,Other
FIR05558,Murder,Jayanagar,12.926038,77.596667,2025-11-15,00:33:02,High,Closed,34,Male
FIR05559,Kidnapping,Koramangala,12.931804,77.622143,2026-05-14,00:03:39,High,Closed,53,Other
FIR05560,Domestic Violence,Yelahanka,13.095749,77.60019,2025-01-14,15:55:12,Medium,Open,25,Other
FIR05561,Theft,MG Road,12.974805,77.602137,2024-10-07,19:52:41,Low,Closed,57,Male
FIR05562,Fraud,Malleshwaram,13.008179,77.572353,2025-12-25,02:13:52,Medium,Open,29,Female
FIR05563,Assault,Whitefield,12.967897,77.749362,2025-07-05,08:10:54,Medium,Under Investigation,65,Male
FIR05564,Domestic Violence,Hebbal,13.03703,77.600544,2026-03-15,04:24:40,Medium,Under Investigation,30,Female
FIR05565,Assault,Koramangala,12.937971,77.621809,2026-05-07,07:03:37,Medium,Closed,27,Female
FIR05566,Theft,Electronic City,12.844079,77.675238,2024-08-20,21:45:03,Low,Open,32,Other
FIR05567,Fraud,Jayanagar,12.929818,77.59067,2024-12-19,14:33:29,Medium,Closed,64,Female
FIR05568,Fraud,Bellandur,12.927062,77.674896,2025-12-30,07:14:29,Medium,Open,52,Other
FIR05569,Murder,Electronic City,12.840758,77.677696,2025-08-15,15:12:16,High,Closed,53,Male
FIR05570,Vehicle Theft,Yelahanka,13.103259,77.596263,2026-03-20,22:59:23,Low,Closed,37,Other
FIR05571,Drug Offense,Koramangala,12.939232,77.623366,2024-09-06,09:43:59,Medium,Under Investigation,60,Male
FIR05572,Theft,Electronic City,12.843391,77.677649,2025-04-13,00:44:44,Low,Closed,63,Other
FIR05573,Vehicle Theft,BTM Layout,12.91969,77.606608,2025-10-22,06:40:13,Low,Under Investigation,52,Female
FIR05574,Domestic Violence,Yelahanka,13.103923,77.591671,2025-07-20,07:28:22,Medium,Under Investigation,23,Female
FIR05575,Fraud,Marathahalli,12.955738,77.695672,2025-02-14,04:07:59,Medium,Open,30,Female
FIR05576,Assault,Indiranagar,12.978554,77.643252,2026-02-05,11:20:48,Medium,Closed,57,Female
FIR05577,Theft,Yelahanka,13.099158,77.599813,2024-08-21,12:11:53,Low,Open,41,Female
FIR05578,Domestic Violence,Jayanagar,12.923614,77.592307,2026-04-05,14:15:53,Medium,Open,46,Male
FIR05579,Theft,Hebbal,13.032776,77.592731,2026-07-05,13:13:56,Low,Under Investigation,31,Male
FIR05580,Theft,Jayanagar,12.923081,77.598434,2024-10-20,14:56:31,Low,Under Investigation,22,Male
FIR05581,Domestic Violence,Indiranagar,12.980221,77.643954,2026-03-19,07:26:08,Medium,Closed,63,Female
FIR05582,Drug Offense,Whitefield,12.970761,77.750212,2024-08-10,12:59:47,Medium,Closed,35,Female
FIR05583,Theft,Rajajinagar,12.994902,77.549727,2026-05-15,00:58:31,Low,Closed,22,Other
FIR05584,Robbery,Electronic City,12.843074,77.680508,2026-06-27,03:33:46,High,Closed,41,Male
FIR05585,Assault,Marathahalli,12.955873,77.701148,2025-05-20,07:23:04,Medium,Open,67,Other
FIR05586,Cyber Crime,Koramangala,12.93512,77.628565,2025-09-07,12:20:47,Medium,Under Investigation,47,Female
FIR05587,Domestic Violence,Jayanagar,12.924122,77.590286,2025-10-09,15:54:22,Medium,Under Investigation,42,Female
FIR05588,Assault,Indiranagar,12.974976,77.636368,2025-09-13,03:51:20,Medium,Under Investigation,41,Male
FIR05589,Kidnapping,Indiranagar,12.983038,77.639344,2026-01-31,21:18:11,High,Open,70,Female
FIR05590,Murder,Banashankari,12.923261,77.57272,2024-11-10,10:25:32,High,Under Investigation,27,Female
FIR05591,Drug Offense,Whitefield,12.968164,77.748392,2026-03-27,19:39:09,Medium,Open,52,Female
FIR05592,Domestic Violence,Bellandur,12.93044,77.673911,2024-11-14,18:07:28,Medium,Closed,68,Female
FIR05593,Kidnapping,Electronic City,12.835261,77.676393,2024-12-19,19:56:26,High,Closed,23,Male
FIR05594,Assault,Malleshwaram,13.000128,77.571135,2024-11-08,15:59:27,Medium,Under Investigation,60,Other
FIR05595,Robbery,Marathahalli,12.958409,77.699867,2024-08-23,04:34:50,High,Closed,37,Other
FIR05596,Cyber Crime,Hebbal,13.036531,77.599749,2025-04-08,16:58:26,Medium,Open,45,Other
FIR05597,Drug Offense,Jayanagar,12.925644,77.591133,2025-12-17,00:24:18,Medium,Under Investigation,19,Other
FIR05598,Robbery,Yelahanka,13.104238,77.591731,2025-06-30,11:53:20,High,Under Investigation,65,Other
FIR05599,Domestic Violence,Jayanagar,12.920865,77.59332,2025-04-19,02:04:14,Medium,Closed,68,Other
FIR05600,Assault,BTM Layout,12.916586,77.607519,2025-01-05,16:53:09,Medium,Open,54,Other
FIR05601,Theft,HSR Layout,12.909886,77.649483,2026-01-04,06:02:42,Low,Closed,67,Other
FIR05602,Fraud,Malleshwaram,13.005278,77.575523,2024-10-26,12:55:49,Medium,Under Investigation,53,Male
FIR05603,Kidnapping,HSR Layout,12.910383,77.645812,2025-01-26,23:40:50,High,Closed,26,Other
FIR05604,Kidnapping,Electronic City,12.837233,77.673236,2026-05-29,01:31:40,High,Closed,42,Other
FIR05605,Murder,Rajajinagar,12.993915,77.557834,2024-08-21,23:15:19,High,Closed,36,Female
FIR05606,Theft,Malleshwaram,13.00838,77.57156,2025-12-03,08:11:08,Low,Open,20,Other
FIR05607,Vehicle Theft,Indiranagar,12.978519,77.640346,2026-05-08,14:08:49,Low,Open,28,Male
FIR05608,Theft,Marathahalli,12.958514,77.699442,2024-09-30,19:48:04,Low,Open,61,Male
FIR05609,Assault,HSR Layout,12.910076,77.647284,2025-04-19,10:07:45,Medium,Closed,66,Other
FIR05610,Kidnapping,HSR Layout,12.908843,77.647563,2026-01-23,06:14:16,High,Open,42,Other
FIR05611,Theft,Rajajinagar,12.989926,77.557884,2024-08-02,08:24:34,Low,Under Investigation,68,Female
FIR05612,Theft,Yelahanka,13.101319,77.593652,2026-02-05,01:10:53,Low,Open,37,Female
FIR05613,Domestic Violence,Bellandur,12.923453,77.679259,2025-06-06,12:31:25,Medium,Closed,52,Male
FIR05614,Vehicle Theft,Jayanagar,12.920768,77.593747,2025-09-10,23:05:54,Low,Open,24,Other
FIR05615,Vehicle Theft,Bellandur,12.929853,77.67854,2025-01-06,07:49:07,Low,Under Investigation,41,Female
FIR05616,Theft,BTM Layout,12.91697,77.610852,2026-07-23,04:43:47,Low,Open,32,Female
FIR05617,Kidnapping,Marathahalli,12.956476,77.700315,2024-08-30,13:50:56,High,Under Investigation,38,Male
FIR05618,Assault,MG Road,12.974515,77.609189,2025-02-17,02:54:03,Medium,Open,33,Other
FIR05619,Kidnapping,MG Road,12.974425,77.607496,2025-01-02,06:59:47,High,Open,22,Other
FIR05620,Drug Offense,Bellandur,12.924547,77.679783,2026-05-22,18:07:36,Medium,Closed,41,Female
FIR05621,Robbery,Rajajinagar,12.99181,77.551434,2026-02-05,00:05:48,High,Closed,31,Female
FIR05622,Assault,BTM Layout,12.91307,77.60613,2025-11-27,15:37:07,Medium,Under Investigation,59,Female
FIR05623,Theft,Marathahalli,12.95845,77.694991,2026-03-24,04:36:14,Low,Under Investigation,37,Male
FIR05624,Fraud,HSR Layout,12.909174,77.644193,2025-05-23,16:50:15,Medium,Under Investigation,68,Other
FIR05625,Assault,Bellandur,12.928043,77.673891,2025-02-22,16:47:31,Medium,Under Investigation,55,Female
FIR05626,Assault,Rajajinagar,12.995238,77.550813,2025-04-11,14:49:59,Medium,Under Investigation,28,Other
FIR05627,Murder,Koramangala,12.938258,77.628813,2025-02-10,18:55:05,High,Closed,70,Female
FIR05628,Domestic Violence,Jayanagar,12.921031,77.589958,2024-08-02,17:29:31,Medium,Open,46,Male
FIR05629,Theft,BTM Layout,12.913974,77.611816,2024-09-19,01:47:30,Low,Open,18,Male
FIR05630,Domestic Violence,BTM Layout,12.912743,77.614035,2025-08-18,14:19:59,Medium,Under Investigation,22,Female
FIR05631,Assault,Hebbal,13.033948,77.601335,2025-10-17,04:55:47,Medium,Closed,67,Male
FIR05632,Assault,Hebbal,13.034159,77.596209,2024-11-24,15:23:03,Medium,Under Investigation,59,Female
FIR05633,Drug Offense,Indiranagar,12.973691,77.638301,2026-01-15,00:51:54,Medium,Under Investigation,20,Female
FIR05634,Cyber Crime,MG Road,12.979834,77.600158,2025-09-06,21:03:43,Medium,Open,24,Other
FIR05635,Robbery,Rajajinagar,12.991786,77.554478,2025-07-18,02:52:57,High,Closed,32,Male
FIR05636,Theft,Yelahanka,13.098993,77.592813,2025-10-08,12:27:19,Low,Closed,53,Other
FIR05637,Murder,Hebbal,13.037222,77.598237,2025-12-23,08:18:29,High,Closed,30,Male
FIR05638,Domestic Violence,Jayanagar,12.929856,77.59703,2025-02-21,20:10:57,Medium,Under Investigation,22,Other
FIR05639,Vehicle Theft,Yelahanka,13.101064,77.601063,2026-06-14,06:30:10,Low,Open,28,Female
FIR05640,Murder,Bellandur,12.93098,77.677074,2025-01-11,19:31:08,High,Under Investigation,46,Male
FIR05641,Assault,Marathahalli,12.961163,77.699762,2025-04-08,01:33:41,Medium,Closed,39,Other
FIR05642,Murder,Bellandur,12.928922,77.677481,2025-08-29,17:23:53,High,Under Investigation,44,Other
FIR05643,Domestic Violence,Yelahanka,13.102799,77.599697,2025-06-08,20:36:07,Medium,Closed,29,Other
FIR05644,Assault,Malleshwaram,13.000326,77.566639,2025-02-23,16:38:50,Medium,Open,47,Other
FIR05645,Vehicle Theft,HSR Layout,12.914456,77.647749,2025-12-15,09:08:20,Low,Under Investigation,37,Female
FIR05646,Fraud,Yelahanka,13.101613,77.593071,2024-11-25,21:42:33,Medium,Under Investigation,65,Female
FIR05647,Domestic Violence,Marathahalli,12.958448,77.699484,2026-02-14,02:49:37,Medium,Under Investigation,24,Other
FIR05648,Assault,Marathahalli,12.960868,77.698205,2025-02-22,15:11:34,Medium,Open,33,Male
FIR05649,Murder,Bellandur,12.932036,77.676586,2026-03-09,12:30:52,High,Under Investigation,29,Other
FIR05650,Murder,MG Road,12.980074,77.607777,2025-04-17,16:43:09,High,Open,66,Male
FIR05651,Robbery,MG Road,12.977218,77.609571,2024-11-28,15:43:35,High,Open,35,Male
FIR05652,Vehicle Theft,Whitefield,12.972127,77.748496,2025-11-01,10:12:23,Low,Open,25,Other
FIR05653,Drug Offense,Hebbal,13.039461,77.593946,2025-05-14,13:47:28,Medium,Under Investigation,68,Other
FIR05654,Kidnapping,MG Road,12.980522,77.600958,2025-03-21,08:29:15,High,Open,21,Female
FIR05655,Vehicle Theft,HSR Layout,12.910453,77.650893,2026-07-02,07:39:27,Low,Closed,50,Male
FIR05656,Domestic Violence,Bellandur,12.929759,77.678054,2024-11-10,10:26:52,Medium,Open,21,Other
FIR05657,Kidnapping,Bellandur,12.924636,77.678929,2025-04-18,16:42:10,High,Open,30,Female
FIR05658,Murder,BTM Layout,12.919231,77.612299,2024-10-07,13:27:34,High,Under Investigation,49,Other
FIR05659,Murder,Hebbal,13.036582,77.596438,2026-04-07,02:57:24,High,Closed,41,Male
FIR05660,Robbery,Yelahanka,13.096804,77.592797,2025-02-08,11:16:14,High,Open,52,Male
FIR05661,Theft,Koramangala,12.93982,77.626981,2024-08-27,07:51:25,Low,Closed,36,Female
FIR05662,Fraud,Malleshwaram,13.002355,77.572385,2025-12-09,06:02:57,Medium,Under Investigation,59,Female
FIR05663,Robbery,Jayanagar,12.927146,77.592592,2025-06-20,16:05:09,High,Closed,19,Male
FIR05664,Murder,Whitefield,12.966343,77.750879,2025-08-23,10:57:40,High,Open,41,Female
FIR05665,Cyber Crime,Bellandur,12.931717,77.676923,2025-04-25,08:28:51,Medium,Under Investigation,38,Female
FIR05666,Domestic Violence,Whitefield,12.964914,77.745475,2025-06-07,22:38:34,Medium,Under Investigation,31,Male
FIR05667,Cyber Crime,Jayanagar,12.924482,77.594018,2025-05-30,18:06:55,Medium,Open,62,Other
FIR05668,Assault,Koramangala,12.939339,77.62579,2025-03-15,10:37:28,Medium,Open,46,Male
FIR05669,Kidnapping,Malleshwaram,13.00212,77.569496,2024-11-10,04:05:58,High,Open,59,Female
FIR05670,Fraud,MG Road,12.971475,77.603478,2025-08-15,19:34:23,Medium,Closed,31,Female
FIR05671,Domestic Violence,Yelahanka,13.10137,77.593267,2025-05-11,00:01:44,Medium,Open,50,Male
FIR05672,Domestic Violence,Indiranagar,12.982431,77.645795,2024-08-20,16:46:48,Medium,Under Investigation,47,Female
FIR05673,Drug Offense,Banashankari,12.918105,77.573707,2026-07-15,04:58:00,Medium,Under Investigation,41,Male
FIR05674,Theft,Koramangala,12.93789,77.622296,2026-06-20,15:18:11,Low,Under Investigation,70,Male
FIR05675,Drug Offense,Koramangala,12.931897,77.626,2025-04-13,13:08:50,Medium,Open,55,Female
FIR05676,Domestic Violence,Banashankari,12.914505,77.572372,2024-08-01,09:33:06,Medium,Under Investigation,57,Other
FIR05677,Drug Offense,Electronic City,12.839813,77.673879,2025-08-11,16:08:11,Medium,Open,40,Female
FIR05678,Drug Offense,Electronic City,12.840071,77.676325,2025-07-04,05:36:36,Medium,Closed,35,Male
FIR05679,Domestic Violence,Malleshwaram,13.001052,77.568718,2026-06-23,14:23:16,Medium,Open,64,Female
FIR05680,Fraud,Banashankari,12.916327,77.57247,2025-07-02,10:40:10,Medium,Under Investigation,55,Other
FIR05681,Theft,BTM Layout,12.913306,77.612643,2024-09-13,15:32:52,Low,Under Investigation,61,Other
FIR05682,Vehicle Theft,Rajajinagar,12.987596,77.550915,2026-01-30,06:19:42,Low,Closed,59,Female
FIR05683,Robbery,Bellandur,12.928092,77.67136,2025-02-10,22:04:39,High,Under Investigation,48,Female
FIR05684,Drug Offense,BTM Layout,12.913462,77.612845,2026-05-26,00:11:45,Medium,Open,54,Male
FIR05685,Theft,Bellandur,12.929821,77.673273,2025-07-02,16:07:44,Low,Closed,41,Female
FIR05686,Murder,Koramangala,12.934225,77.619568,2026-06-06,18:17:37,High,Under Investigation,52,Other
FIR05687,Assault,BTM Layout,12.913714,77.606982,2025-10-26,11:18:29,Medium,Under Investigation,63,Male
FIR05688,Cyber Crime,Marathahalli,12.962543,77.696245,2024-12-05,09:20:02,Medium,Open,41,Male
FIR05689,Kidnapping,Indiranagar,12.982297,77.637609,2025-01-31,23:11:24,High,Closed,62,Other
FIR05690,Vehicle Theft,Marathahalli,12.9623,77.692756,2026-01-21,04:59:41,Low,Under Investigation,21,Female
FIR05691,Theft,Jayanagar,12.92861,77.590093,2025-06-09,01:51:59,Low,Open,57,Female
FIR05692,Murder,Rajajinagar,12.993537,77.554971,2024-08-16,06:43:26,High,Under Investigation,19,Male
FIR05693,Robbery,Koramangala,12.935627,77.629406,2025-03-27,10:21:19,High,Open,69,Other
FIR05694,Domestic Violence,HSR Layout,12.914994,77.64812,2025-07-30,17:20:58,Medium,Under Investigation,69,Female
FIR05695,Kidnapping,Banashankari,12.922948,77.571906,2026-03-30,03:26:42,High,Closed,70,Female
FIR05696,Assault,Hebbal,13.040544,77.601228,2025-04-17,03:33:13,Medium,Open,36,Other
FIR05697,Fraud,Electronic City,12.836086,77.681522,2025-05-10,10:28:14,Medium,Under Investigation,55,Other
FIR05698,Theft,Malleshwaram,12.999261,77.573022,2025-12-08,09:47:52,Low,Closed,66,Female
FIR05699,Fraud,Bellandur,12.92579,77.675167,2025-12-08,12:25:36,Medium,Closed,19,Other
FIR05700,Kidnapping,Hebbal,13.03367,77.595933,2025-09-28,01:29:02,High,Under Investigation,25,Other
FIR05701,Fraud,Marathahalli,12.955248,77.694323,2025-03-15,21:08:24,Medium,Open,21,Female
FIR05702,Drug Offense,Whitefield,12.966497,77.749757,2024-08-01,19:23:02,Medium,Open,33,Female
FIR05703,Drug Offense,Koramangala,12.933996,77.627008,2026-07-15,08:56:59,Medium,Closed,31,Other
FIR05704,Domestic Violence,Banashankari,12.914792,77.571912,2026-06-24,03:41:58,Medium,Closed,53,Male
FIR05705,Fraud,Marathahalli,12.963034,77.694945,2025-01-21,17:57:10,Medium,Closed,46,Female
FIR05706,Murder,Koramangala,12.939102,77.626972,2025-08-23,01:28:09,High,Open,29,Female
FIR05707,Murder,HSR Layout,12.91124,77.649677,2024-12-31,12:54:30,High,Closed,32,Other
FIR05708,Domestic Violence,Koramangala,12.930539,77.623494,2024-08-06,00:51:08,Medium,Under Investigation,54,Male
FIR05709,Theft,BTM Layout,12.92102,77.614336,2025-01-06,20:23:41,Low,Open,32,Male
FIR05710,Fraud,Hebbal,13.035308,77.597937,2026-01-13,04:18:53,Medium,Closed,63,Other
FIR05711,Domestic Violence,Banashankari,12.916163,77.578019,2026-04-24,14:42:04,Medium,Under Investigation,34,Other
FIR05712,Fraud,Electronic City,12.844532,77.678566,2025-10-07,05:24:55,Medium,Open,40,Other
FIR05713,Murder,Bellandur,12.92369,77.679787,2026-06-10,14:27:56,High,Under Investigation,65,Male
FIR05714,Vehicle Theft,Koramangala,12.93667,77.627013,2025-04-09,23:53:06,Low,Under Investigation,39,Other
FIR05715,Murder,Electronic City,12.841205,77.678253,2024-11-07,06:35:14,High,Under Investigation,20,Female
FIR05716,Kidnapping,Jayanagar,12.926257,77.589747,2026-02-22,03:36:01,High,Closed,42,Other
FIR05717,Robbery,Malleshwaram,13.008452,77.568732,2025-05-29,22:24:49,High,Closed,62,Female
FIR05718,Cyber Crime,Banashankari,12.923232,77.572806,2024-12-30,21:34:11,Medium,Under Investigation,30,Male
FIR05719,Murder,Rajajinagar,12.995325,77.558426,2024-12-04,07:59:25,High,Open,37,Male
FIR05720,Robbery,Malleshwaram,13.004977,77.565837,2026-03-07,22:29:22,High,Under Investigation,41,Male
FIR05721,Vehicle Theft,MG Road,12.973069,77.606935,2026-03-18,22:33:58,Low,Under Investigation,62,Other
FIR05722,Vehicle Theft,Hebbal,13.039206,77.596251,2026-04-14,13:35:08,Low,Closed,53,Other
FIR05723,Cyber Crime,Bellandur,12.929455,77.680115,2024-08-21,04:18:35,Medium,Under Investigation,52,Other
FIR05724,Fraud,Hebbal,13.036267,77.594551,2026-05-15,09:12:14,Medium,Open,29,Female
FIR05725,Cyber Crime,Electronic City,12.841385,77.679636,2024-12-12,03:01:12,Medium,Under Investigation,64,Other
FIR05726,Theft,Yelahanka,13.101211,77.59602,2025-08-21,15:44:51,Low,Under Investigation,67,Other
FIR05727,Theft,Malleshwaram,13.003306,77.572094,2024-11-13,04:40:18,Low,Open,67,Male
FIR05728,Murder,Bellandur,12.930611,77.675196,2025-10-24,11:17:00,High,Closed,20,Male
FIR05729,Fraud,Jayanagar,12.921171,77.589624,2025-04-27,04:50:49,Medium,Closed,67,Male
FIR05730,Domestic Violence,Whitefield,12.968499,77.750997,2025-04-28,20:37:39,Medium,Under Investigation,33,Other
FIR05731,Assault,Indiranagar,12.983379,77.64255,2026-05-10,06:11:11,Medium,Closed,62,Other
FIR05732,Domestic Violence,Marathahalli,12.95751,77.695888,2025-03-06,16:10:36,Medium,Under Investigation,66,Male
FIR05733,Drug Offense,Malleshwaram,12.999046,77.569461,2025-04-18,20:31:01,Medium,Open,32,Male
FIR05734,Drug Offense,Marathahalli,12.955119,77.695889,2025-10-29,09:48:35,Medium,Open,23,Female
FIR05735,Assault,BTM Layout,12.921599,77.605289,2024-12-23,14:56:18,Medium,Open,39,Female
FIR05736,Robbery,Electronic City,12.843192,77.677376,2025-04-02,05:52:51,High,Under Investigation,54,Other
FIR05737,Vehicle Theft,Whitefield,12.974597,77.754892,2025-08-11,02:40:13,Low,Closed,46,Other
FIR05738,Fraud,Jayanagar,12.925883,77.594231,2024-12-27,13:25:27,Medium,Open,38,Male
FIR05739,Theft,Banashankari,12.92257,77.576681,2025-05-04,17:36:24,Low,Under Investigation,43,Other
FIR05740,Theft,Bellandur,12.932756,77.68111,2024-12-11,16:55:26,Low,Closed,45,Other
FIR05741,Robbery,Banashankari,12.916753,77.576445,2024-09-14,20:32:01,High,Open,53,Female
FIR05742,Vehicle Theft,Bellandur,12.93107,77.671688,2026-03-04,18:45:21,Low,Open,27,Male
FIR05743,Murder,Whitefield,12.974041,77.748661,2026-07-03,02:05:32,High,Open,35,Other
FIR05744,Vehicle Theft,Electronic City,12.837816,77.678826,2025-05-15,11:21:50,Low,Closed,27,Female
FIR05745,Assault,Malleshwaram,13.000032,77.57383,2025-10-17,13:41:51,Medium,Closed,41,Male
FIR05746,Drug Offense,Koramangala,12.936568,77.628277,2025-01-08,05:19:47,Medium,Under Investigation,45,Other
FIR05747,Theft,BTM Layout,12.914386,77.606769,2024-10-01,12:46:46,Low,Under Investigation,41,Male
FIR05748,Theft,Jayanagar,12.922594,77.594489,2024-10-22,15:57:41,Low,Open,51,Other
FIR05749,Assault,Rajajinagar,12.993327,77.553865,2026-01-27,10:47:45,Medium,Closed,60,Female
FIR05750,Vehicle Theft,BTM Layout,12.914066,77.61342,2025-12-14,20:51:21,Low,Closed,24,Female
FIR05751,Kidnapping,Indiranagar,12.979723,77.645454,2025-09-06,00:25:04,High,Under Investigation,39,Other
FIR05752,Vehicle Theft,Bellandur,12.932355,77.675395,2026-04-06,08:34:06,Low,Under Investigation,32,Male
FIR05753,Assault,MG Road,12.979664,77.608163,2024-10-16,12:38:06,Medium,Closed,50,Male
FIR05754,Domestic Violence,Electronic City,12.835475,77.675397,2024-12-14,06:17:38,Medium,Open,22,Other
FIR05755,Robbery,Electronic City,12.836096,77.675197,2025-08-18,07:55:41,High,Under Investigation,68,Other
FIR05756,Murder,Koramangala,12.932233,77.620799,2025-11-03,17:01:30,High,Open,24,Female
FIR05757,Domestic Violence,Malleshwaram,13.001902,77.572374,2024-12-30,15:42:48,Medium,Under Investigation,49,Male
FIR05758,Assault,Electronic City,12.835753,77.677323,2024-10-02,09:22:42,Medium,Open,21,Other
FIR05759,Robbery,Whitefield,12.973554,77.747326,2025-05-09,17:08:57,High,Open,35,Female
FIR05760,Assault,Malleshwaram,13.005748,77.566114,2026-04-19,05:08:59,Medium,Closed,35,Other
FIR05761,Assault,Banashankari,12.921675,77.56922,2024-12-03,00:40:51,Medium,Under Investigation,31,Female
FIR05762,Murder,Banashankari,12.922686,77.574892,2024-11-21,16:36:33,High,Under Investigation,21,Female
FIR05763,Robbery,Electronic City,12.84228,77.676978,2026-05-12,10:41:26,High,Under Investigation,63,Male
FIR05764,Kidnapping,HSR Layout,12.91401,77.644299,2025-11-28,21:38:57,High,Closed,32,Other
FIR05765,Cyber Crime,Hebbal,13.038826,77.59259,2025-09-10,14:33:38,Medium,Under Investigation,66,Female
FIR05766,Drug Offense,Jayanagar,12.929696,77.591723,2025-11-01,03:25:22,Medium,Closed,69,Female
FIR05767,Domestic Violence,MG Road,12.979714,77.607512,2025-01-19,17:49:08,Medium,Open,50,Female
FIR05768,Drug Offense,Malleshwaram,13.003143,77.57228,2024-11-09,09:52:29,Medium,Open,21,Male
FIR05769,Cyber Crime,Hebbal,13.034959,77.592363,2025-11-12,10:53:44,Medium,Under Investigation,64,Female
FIR05770,Domestic Violence,Indiranagar,12.981623,77.642632,2025-01-20,19:15:52,Medium,Closed,29,Other
FIR05771,Robbery,Yelahanka,13.097544,77.600302,2025-01-20,08:32:26,High,Open,56,Male
FIR05772,Cyber Crime,Rajajinagar,12.994513,77.555505,2025-06-13,09:12:33,Medium,Closed,19,Other
FIR05773,Robbery,HSR Layout,12.909427,77.645204,2026-06-19,01:09:52,High,Open,60,Male
FIR05774,Kidnapping,Rajajinagar,12.987371,77.558933,2026-03-23,13:28:56,High,Open,52,Male
FIR05775,Murder,Yelahanka,13.105327,77.599077,2025-06-26,06:38:44,High,Closed,50,Female
FIR05776,Theft,BTM Layout,12.921362,77.612814,2026-06-30,03:53:15,Low,Closed,58,Female
FIR05777,Robbery,Hebbal,13.040038,77.601601,2026-07-03,21:51:07,High,Under Investigation,18,Male
FIR05778,Domestic Violence,Hebbal,13.030982,77.597715,2026-07-16,15:29:37,Medium,Closed,50,Female
FIR05779,Fraud,Electronic City,12.842722,77.674287,2025-01-04,02:35:41,Medium,Under Investigation,67,Male
FIR05780,Vehicle Theft,Marathahalli,12.958713,77.692584,2026-03-19,01:48:19,Low,Closed,29,Other
FIR05781,Murder,Electronic City,12.844398,77.675076,2025-05-12,11:27:46,High,Open,23,Female
FIR05782,Murder,Indiranagar,12.978565,77.638314,2025-02-01,22:47:15,High,Under Investigation,37,Other
FIR05783,Robbery,Whitefield,12.967502,77.75048,2026-01-22,08:59:52,High,Closed,55,Male
FIR05784,Vehicle Theft,Marathahalli,12.96287,77.692811,2024-08-26,04:35:49,Low,Under Investigation,60,Other
FIR05785,Murder,Whitefield,12.973759,77.750797,2025-04-17,14:33:52,High,Open,33,Male
FIR05786,Robbery,Malleshwaram,13.006509,77.567133,2024-10-19,04:42:28,High,Open,33,Male
FIR05787,Murder,Yelahanka,13.101838,77.592274,2025-10-18,16:29:23,High,Closed,40,Other
FIR05788,Fraud,Koramangala,12.930763,77.623357,2025-11-08,16:35:34,Medium,Under Investigation,55,Female
FIR05789,Domestic Violence,Bellandur,12.925317,77.680869,2026-05-16,16:15:50,Medium,Under Investigation,57,Male
FIR05790,Cyber Crime,Hebbal,13.038217,77.600741,2025-10-15,15:08:24,Medium,Under Investigation,22,Female
FIR05791,Fraud,MG Road,12.975529,77.607627,2025-12-14,08:13:21,Medium,Under Investigation,61,Other
FIR05792,Murder,Bellandur,12.930593,77.677937,2026-07-08,13:33:12,High,Closed,26,Female
FIR05793,Assault,Malleshwaram,12.999694,77.574634,2026-03-13,15:36:22,Medium,Under Investigation,45,Male
FIR05794,Kidnapping,Bellandur,12.924014,77.672436,2026-06-09,02:23:42,High,Closed,34,Other
FIR05795,Murder,Electronic City,12.843175,77.675167,2026-02-11,06:20:24,High,Closed,43,Female
FIR05796,Fraud,Indiranagar,12.973818,77.638094,2024-08-14,19:54:12,Medium,Open,27,Female
FIR05797,Theft,Bellandur,12.926451,77.671736,2026-05-03,02:15:13,Low,Closed,54,Other
FIR05798,Robbery,Indiranagar,12.982539,77.638764,2026-04-03,08:08:52,High,Closed,56,Female
FIR05799,Kidnapping,Indiranagar,12.976541,77.643596,2025-10-15,01:44:46,High,Open,60,Female
FIR05800,Drug Offense,Electronic City,12.840459,77.672063,2024-09-13,00:26:06,Medium,Under Investigation,23,Other
FIR05801,Murder,Koramangala,12.933766,77.621304,2026-04-30,15:11:08,High,Under Investigation,24,Female
FIR05802,Robbery,Electronic City,12.840013,77.678068,2025-06-03,21:44:30,High,Closed,36,Male
FIR05803,Vehicle Theft,BTM Layout,12.916486,77.614693,2026-03-27,13:48:16,Low,Open,64,Other
FIR05804,Kidnapping,Koramangala,12.939862,77.627867,2024-09-29,19:26:44,High,Under Investigation,40,Other
FIR05805,Fraud,Jayanagar,12.9253,77.597928,2025-12-30,22:53:45,Medium,Under Investigation,56,Male
FIR05806,Fraud,Whitefield,12.967851,77.754761,2025-10-11,11:18:53,Medium,Open,33,Other
FIR05807,Murder,BTM Layout,12.911745,77.610183,2025-10-06,23:47:08,High,Under Investigation,49,Other
FIR05808,Fraud,Koramangala,12.931163,77.622672,2025-11-01,20:26:56,Medium,Closed,18,Other
FIR05809,Cyber Crime,Electronic City,12.843732,77.680276,2024-12-02,09:17:56,Medium,Open,28,Female
FIR05810,Assault,Indiranagar,12.976078,77.645635,2024-08-21,22:46:10,Medium,Under Investigation,22,Female
FIR05811,Cyber Crime,Marathahalli,12.956654,77.698088,2025-08-23,06:01:51,Medium,Closed,29,Male
FIR05812,Kidnapping,Rajajinagar,12.994319,77.559263,2024-09-16,04:55:19,High,Under Investigation,57,Female
FIR05813,Robbery,HSR Layout,12.909263,77.647061,2026-01-22,05:46:58,High,Closed,57,Other
FIR05814,Assault,Whitefield,12.964916,77.745775,2024-12-06,21:53:12,Medium,Under Investigation,34,Other
FIR05815,Kidnapping,Rajajinagar,12.992083,77.557475,2025-06-24,15:46:25,High,Closed,58,Male
FIR05816,Kidnapping,Malleshwaram,12.999133,77.572049,2025-03-19,10:20:05,High,Under Investigation,52,Other
FIR05817,Domestic Violence,Indiranagar,12.976428,77.639018,2024-07-23,14:17:05,Medium,Under Investigation,59,Other
FIR05818,Drug Offense,MG Road,12.97346,77.608798,2026-04-23,00:31:46,Medium,Under Investigation,46,Other
FIR05819,Fraud,Bellandur,12.926349,77.671885,2025-04-01,00:43:03,Medium,Under Investigation,47,Other
FIR05820,Theft,Malleshwaram,13.006491,77.568324,2026-04-24,09:06:08,Low,Open,31,Other
FIR05821,Kidnapping,Rajajinagar,12.986809,77.557965,2025-06-26,06:28:55,High,Under Investigation,64,Other
FIR05822,Domestic Violence,HSR Layout,12.910763,77.651811,2025-03-05,08:02:16,Medium,Closed,70,Other
FIR05823,Cyber Crime,Malleshwaram,13.008007,77.566445,2026-05-02,10:17:39,Medium,Open,33,Female
FIR05824,Fraud,MG Road,12.976147,77.60664,2025-10-11,12:09:36,Medium,Under Investigation,20,Other
FIR05825,Cyber Crime,Electronic City,12.841054,77.67881,2026-02-23,01:37:32,Medium,Under Investigation,44,Male
FIR05826,Kidnapping,HSR Layout,12.908632,77.646873,2025-03-31,12:15:41,High,Open,55,Other
FIR05827,Theft,HSR Layout,12.912494,77.649555,2026-03-24,01:00:07,Low,Under Investigation,36,Female
FIR05828,Vehicle Theft,Malleshwaram,13.001749,77.566839,2026-01-15,17:14:14,Low,Under Investigation,35,Female
FIR05829,Cyber Crime,Whitefield,12.973491,77.750758,2026-05-27,00:24:21,Medium,Under Investigation,50,Male
FIR05830,Murder,Marathahalli,12.958415,77.702137,2024-08-30,14:02:14,High,Open,56,Female
FIR05831,Robbery,Whitefield,12.969665,77.745331,2026-03-24,23:38:47,High,Open,39,Female
FIR05832,Fraud,Bellandur,12.924838,77.677376,2024-10-02,20:51:55,Medium,Under Investigation,35,Female
FIR05833,Fraud,MG Road,12.970755,77.60305,2024-09-30,06:21:19,Medium,Closed,45,Female
FIR05834,Domestic Violence,Indiranagar,12.982803,77.637248,2025-12-21,23:14:59,Medium,Under Investigation,58,Other
FIR05835,Murder,Banashankari,12.921846,77.576469,2025-11-30,05:41:50,High,Under Investigation,18,Female
FIR05836,Cyber Crime,BTM Layout,12.921416,77.611983,2025-01-08,02:26:48,Medium,Closed,25,Male
FIR05837,Robbery,Malleshwaram,13.007394,77.572591,2025-07-01,18:28:29,High,Open,52,Other
FIR05838,Domestic Violence,Hebbal,13.039337,77.600964,2025-07-11,04:45:19,Medium,Closed,42,Male
FIR05839,Fraud,Whitefield,12.968897,77.745897,2025-01-22,08:06:43,Medium,Under Investigation,64,Male
FIR05840,Kidnapping,Whitefield,12.968338,77.748968,2025-03-06,03:11:08,High,Open,65,Male
FIR05841,Domestic Violence,Electronic City,12.844655,77.680973,2025-06-20,19:14:43,Medium,Closed,39,Other
FIR05842,Vehicle Theft,Bellandur,12.930926,77.680494,2026-04-13,16:29:52,Low,Open,31,Male
FIR05843,Murder,Malleshwaram,13.005508,77.57171,2024-12-13,14:00:35,High,Under Investigation,48,Male
FIR05844,Domestic Violence,Bellandur,12.926453,77.671678,2026-06-24,14:30:53,Medium,Under Investigation,49,Other
FIR05845,Murder,Malleshwaram,13.006553,77.574196,2026-04-11,09:32:14,High,Under Investigation,43,Male
FIR05846,Theft,MG Road,12.975242,77.609018,2026-01-07,15:31:26,Low,Open,62,Other
FIR05847,Vehicle Theft,MG Road,12.971518,77.605551,2024-11-25,09:50:15,Low,Open,19,Female
FIR05848,Murder,Hebbal,13.038517,77.598216,2025-06-28,03:51:36,High,Closed,58,Male
FIR05849,Theft,Banashankari,12.914796,77.570204,2024-12-09,18:15:31,Low,Open,49,Other
FIR05850,Theft,HSR Layout,12.906754,77.642423,2026-01-26,06:00:30,Low,Under Investigation,28,Female
FIR05851,Cyber Crime,HSR Layout,12.9104,77.644459,2025-01-09,10:33:28,Medium,Under Investigation,41,Female
FIR05852,Domestic Violence,Jayanagar,12.926363,77.591404,2025-11-23,16:16:52,Medium,Open,51,Female
FIR05853,Assault,BTM Layout,12.918363,77.609387,2026-03-01,06:15:44,Medium,Open,27,Male
FIR05854,Fraud,Hebbal,13.033853,77.60085,2025-04-16,00:57:43,Medium,Open,34,Other
FIR05855,Fraud,Hebbal,13.031813,77.600542,2026-01-21,02:47:45,Medium,Open,60,Other
FIR05856,Murder,Banashankari,12.913987,77.573076,2026-06-02,22:28:19,High,Open,52,Female
FIR05857,Drug Offense,Malleshwaram,13.002658,77.575433,2025-07-08,07:57:56,Medium,Open,43,Male
FIR05858,Cyber Crime,Banashankari,12.92244,77.575315,2026-05-04,02:24:59,Medium,Under Investigation,38,Other
FIR05859,Drug Offense,Rajajinagar,12.993968,77.558321,2024-09-06,05:00:38,Medium,Open,52,Female
FIR05860,Theft,Indiranagar,12.981795,77.639088,2024-10-28,07:20:16,Low,Closed,65,Other
FIR05861,Murder,Banashankari,12.91592,77.57485,2025-01-09,12:19:07,High,Open,43,Female
FIR05862,Murder,Whitefield,12.972057,77.753127,2024-09-19,19:18:45,High,Closed,66,Male
FIR05863,Assault,Rajajinagar,12.995549,77.557273,2026-03-24,11:10:18,Medium,Closed,70,Male
FIR05864,Domestic Violence,Banashankari,12.913634,77.577187,2025-07-08,10:56:26,Medium,Under Investigation,35,Other
FIR05865,Murder,Yelahanka,13.104474,77.598352,2024-10-21,12:19:20,High,Under Investigation,37,Other
FIR05866,Drug Offense,Marathahalli,12.956483,77.696627,2025-08-10,22:52:40,Medium,Open,70,Other
FIR05867,Theft,Electronic City,12.843017,77.674568,2025-01-28,05:52:35,Low,Closed,19,Male
FIR05868,Assault,Whitefield,12.972976,77.754004,2026-06-23,20:37:35,Medium,Under Investigation,47,Male
FIR05869,Theft,Banashankari,12.917587,77.576695,2026-01-28,23:37:25,Low,Open,50,Other
FIR05870,Theft,Rajajinagar,12.99073,77.55181,2025-10-31,03:00:50,Low,Open,21,Male
FIR05871,Drug Offense,Malleshwaram,12.999213,77.566724,2026-03-07,15:43:22,Medium,Closed,46,Male
FIR05872,Kidnapping,HSR Layout,12.916322,77.646732,2025-05-18,11:25:32,High,Closed,63,Other
FIR05873,Vehicle Theft,HSR Layout,12.90751,77.648324,2025-05-18,23:22:33,Low,Under Investigation,40,Female
FIR05874,Assault,Yelahanka,13.098802,77.597277,2025-05-17,21:25:21,Medium,Closed,35,Male
FIR05875,Drug Offense,Jayanagar,12.929138,77.59632,2026-02-28,03:40:02,Medium,Closed,18,Other
FIR05876,Fraud,Marathahalli,12.963239,77.69821,2026-07-17,05:49:49,Medium,Open,51,Other
FIR05877,Drug Offense,BTM Layout,12.91557,77.608913,2026-05-16,01:46:53,Medium,Closed,35,Female
FIR05878,Theft,Indiranagar,12.979644,77.638658,2025-12-13,11:26:19,Low,Closed,50,Other
FIR05879,Assault,BTM Layout,12.913583,77.613937,2025-11-08,19:36:38,Medium,Open,54,Female
FIR05880,Vehicle Theft,Banashankari,12.917339,77.57781,2026-05-06,00:52:14,Low,Under Investigation,31,Other
FIR05881,Cyber Crime,Whitefield,12.972371,77.74711,2025-09-16,18:39:10,Medium,Open,18,Female
FIR05882,Murder,Marathahalli,12.955799,77.692829,2025-04-05,17:16:47,High,Under Investigation,49,Male
FIR05883,Vehicle Theft,Hebbal,13.036381,77.601315,2025-05-13,17:00:29,Low,Open,61,Male
FIR05884,Robbery,Banashankari,12.916593,77.574457,2024-12-19,22:38:45,High,Closed,59,Other
FIR05885,Murder,Indiranagar,12.982528,77.642645,2024-09-16,05:57:25,High,Under Investigation,37,Male
FIR05886,Murder,Indiranagar,12.978812,77.636111,2025-12-29,14:21:12,High,Closed,32,Male
FIR05887,Kidnapping,Banashankari,12.918398,77.570238,2024-10-07,19:15:54,High,Open,21,Other
FIR05888,Drug Offense,BTM Layout,12.920318,77.61337,2026-03-30,13:55:13,Medium,Open,60,Other
FIR05889,Fraud,HSR Layout,12.909312,77.646538,2026-01-27,08:26:42,Medium,Under Investigation,41,Male
FIR05890,Robbery,Bellandur,12.930207,77.674941,2024-11-10,03:56:48,High,Closed,54,Male
FIR05891,Assault,Malleshwaram,12.998791,77.569123,2025-10-03,02:14:51,Medium,Open,45,Other
FIR05892,Vehicle Theft,Indiranagar,12.980779,77.642691,2025-06-18,05:09:29,Low,Under Investigation,58,Male
FIR05893,Vehicle Theft,Rajajinagar,12.994991,77.55862,2024-08-13,08:51:54,Low,Closed,18,Other
FIR05894,Assault,Yelahanka,13.100136,77.592533,2024-12-08,18:00:00,Medium,Open,61,Other
FIR05895,Theft,Hebbal,13.032352,77.594482,2026-04-09,20:59:45,Low,Under Investigation,64,Other
FIR05896,Assault,Bellandur,12.932842,77.675683,2025-01-28,17:07:32,Medium,Open,56,Other
FIR05897,Fraud,MG Road,12.974918,77.604427,2026-01-11,16:49:20,Medium,Open,35,Other
FIR05898,Assault,Electronic City,12.836211,77.672513,2026-01-26,01:11:40,Medium,Closed,50,Female
FIR05899,Cyber Crime,HSR Layout,12.908693,77.647146,2025-08-23,22:15:24,Medium,Under Investigation,39,Male
FIR05900,Theft,Marathahalli,12.962545,77.696764,2026-01-15,20:23:00,Low,Under Investigation,65,Male
FIR05901,Kidnapping,Jayanagar,12.920688,77.59194,2025-12-30,21:14:46,High,Under Investigation,58,Male
FIR05902,Theft,Malleshwaram,12.998576,77.573319,2025-08-28,05:32:45,Low,Closed,60,Female
FIR05903,Domestic Violence,Bellandur,12.926565,77.673535,2026-02-25,22:45:31,Medium,Under Investigation,53,Other
FIR05904,Vehicle Theft,Marathahalli,12.959421,77.697323,2025-01-17,04:11:44,Low,Closed,59,Other
FIR05905,Robbery,Banashankari,12.917807,77.577534,2025-01-29,08:42:53,High,Under Investigation,33,Female
FIR05906,Cyber Crime,BTM Layout,12.920478,77.607425,2024-08-26,02:55:32,Medium,Closed,57,Other
FIR05907,Domestic Violence,BTM Layout,12.912585,77.608986,2026-02-27,00:51:15,Medium,Closed,34,Other
FIR05908,Fraud,Koramangala,12.93767,77.620651,2025-07-04,04:27:52,Medium,Open,18,Male
FIR05909,Drug Offense,Koramangala,12.931318,77.625765,2025-02-13,11:11:37,Medium,Open,40,Female
FIR05910,Drug Offense,Electronic City,12.839768,77.678225,2024-12-15,01:04:58,Medium,Under Investigation,45,Male
FIR05911,Cyber Crime,Jayanagar,12.926811,77.590043,2025-05-12,11:40:38,Medium,Open,20,Male
FIR05912,Drug Offense,MG Road,12.974596,77.600789,2025-01-14,22:49:25,Medium,Open,35,Male
FIR05913,Theft,Banashankari,12.919536,77.571526,2024-07-24,22:07:08,Low,Closed,30,Other
FIR05914,Murder,Yelahanka,13.100874,77.598679,2025-10-07,03:17:59,High,Under Investigation,36,Other
FIR05915,Domestic Violence,Jayanagar,12.921493,77.596683,2026-03-01,22:00:38,Medium,Under Investigation,23,Female
FIR05916,Fraud,Indiranagar,12.979437,77.645771,2025-09-22,00:10:53,Medium,Closed,43,Female
FIR05917,Drug Offense,Indiranagar,12.981217,77.641555,2025-03-19,06:17:35,Medium,Under Investigation,68,Male
FIR05918,Assault,BTM Layout,12.916573,77.6072,2026-02-07,08:36:12,Medium,Closed,39,Female
FIR05919,Kidnapping,BTM Layout,12.918116,77.605481,2024-08-03,04:22:52,High,Closed,55,Male
FIR05920,Fraud,Jayanagar,12.929943,77.596613,2025-02-05,16:16:25,Medium,Closed,35,Female
FIR05921,Assault,Malleshwaram,13.008218,77.570302,2024-12-20,23:15:17,Medium,Closed,41,Male
FIR05922,Theft,HSR Layout,12.916062,77.64563,2025-09-10,11:22:24,Low,Under Investigation,51,Female
FIR05923,Murder,Marathahalli,12.95918,77.695981,2024-09-04,22:40:30,High,Open,54,Female
FIR05924,Vehicle Theft,Jayanagar,12.928268,77.593744,2025-12-16,12:57:34,Low,Open,47,Male
FIR05925,Kidnapping,Bellandur,12.932878,77.678802,2026-03-30,02:30:04,High,Closed,25,Female
FIR05926,Drug Offense,Marathahalli,12.960611,77.696701,2025-07-08,21:45:29,Medium,Closed,65,Male
FIR05927,Murder,Jayanagar,12.928598,77.589239,2025-10-06,16:48:39,High,Closed,24,Female
FIR05928,Domestic Violence,Whitefield,12.968526,77.752595,2026-05-17,17:04:50,Medium,Under Investigation,70,Female
FIR05929,Robbery,Malleshwaram,12.998644,77.572797,2026-01-29,06:18:09,High,Open,42,Female
FIR05930,Fraud,Jayanagar,12.929909,77.596113,2025-08-04,09:23:56,Medium,Under Investigation,48,Other
FIR05931,Kidnapping,BTM Layout,12.921387,77.612631,2025-01-30,03:31:30,High,Under Investigation,58,Male
FIR05932,Murder,Yelahanka,13.095916,77.600936,2026-07-23,07:40:19,High,Closed,49,Female
FIR05933,Fraud,MG Road,12.976804,77.602729,2025-06-08,10:09:39,Medium,Open,32,Other
FIR05934,Cyber Crime,Rajajinagar,12.995531,77.550108,2025-04-27,21:05:30,Medium,Open,50,Male
FIR05935,Murder,Rajajinagar,12.992672,77.557268,2024-12-31,16:47:50,High,Closed,44,Other
FIR05936,Kidnapping,BTM Layout,12.919672,77.612399,2025-06-22,04:38:35,High,Under Investigation,64,Male
FIR05937,Vehicle Theft,Whitefield,12.971634,77.752507,2026-04-24,10:33:40,Low,Open,26,Male
FIR05938,Murder,Hebbal,13.039218,77.597749,2026-05-27,05:03:39,High,Under Investigation,60,Male
FIR05939,Vehicle Theft,Yelahanka,13.103844,77.597168,2025-03-03,21:14:06,Low,Under Investigation,70,Male
FIR05940,Kidnapping,Electronic City,12.84148,77.681342,2026-01-02,14:58:16,High,Open,65,Other
FIR05941,Robbery,Whitefield,12.96941,77.751531,2026-06-08,06:54:14,High,Open,26,Female
FIR05942,Domestic Violence,Yelahanka,13.101214,77.601023,2024-09-12,16:04:26,Medium,Under Investigation,31,Male
FIR05943,Cyber Crime,HSR Layout,12.90722,77.647205,2024-08-22,05:47:45,Medium,Closed,38,Other
FIR05944,Domestic Violence,Electronic City,12.8356,77.674014,2025-10-25,16:03:05,Medium,Under Investigation,42,Other
FIR05945,Drug Offense,Jayanagar,12.922484,77.59863,2025-08-10,13:37:20,Medium,Under Investigation,60,Other
FIR05946,Robbery,Jayanagar,12.928219,77.593766,2026-05-23,01:04:22,High,Closed,67,Female
FIR05947,Theft,Yelahanka,13.10519,77.597098,2025-08-28,03:06:03,Low,Open,61,Male
FIR05948,Murder,Jayanagar,12.92196,77.593577,2026-01-22,13:26:35,High,Open,36,Other
FIR05949,Vehicle Theft,Marathahalli,12.956866,77.697985,2025-05-02,07:30:01,Low,Under Investigation,26,Other
FIR05950,Cyber Crime,Indiranagar,12.9782,77.642985,2025-06-03,17:12:45,Medium,Open,21,Male
FIR05951,Theft,Electronic City,12.841159,77.674342,2025-07-09,19:39:59,Low,Open,55,Other
FIR05952,Kidnapping,Yelahanka,13.096346,77.597533,2026-04-09,15:31:13,High,Open,37,Other
FIR05953,Vehicle Theft,Electronic City,12.840204,77.6728,2025-01-19,14:16:06,Low,Closed,22,Other
FIR05954,Robbery,MG Road,12.972329,77.605408,2025-09-03,06:22:05,High,Under Investigation,50,Female
FIR05955,Fraud,Bellandur,12.92415,77.679483,2026-05-06,23:13:59,Medium,Open,27,Other
FIR05956,Drug Offense,HSR Layout,12.908474,77.64874,2024-11-25,10:20:01,Medium,Closed,47,Other
FIR05957,Theft,Koramangala,12.935494,77.628914,2026-03-18,20:23:02,Low,Open,39,Male
FIR05958,Assault,Rajajinagar,12.992523,77.555405,2024-11-24,18:01:32,Medium,Closed,25,Female
FIR05959,Vehicle Theft,MG Road,12.97338,77.603975,2026-04-19,03:58:16,Low,Open,21,Male
FIR05960,Assault,MG Road,12.972026,77.604134,2025-01-16,11:15:57,Medium,Under Investigation,62,Female
FIR05961,Murder,Yelahanka,13.102488,77.59753,2026-07-08,17:27:24,High,Under Investigation,69,Other
FIR05962,Cyber Crime,Jayanagar,12.921058,77.589425,2026-06-01,07:34:01,Medium,Open,67,Male
FIR05963,Kidnapping,Whitefield,12.968169,77.751092,2025-12-06,19:08:08,High,Under Investigation,54,Other
FIR05964,Fraud,Banashankari,12.918901,77.573537,2026-02-01,18:10:33,Medium,Closed,46,Other
FIR05965,Drug Offense,Whitefield,12.965077,77.753449,2025-07-31,02:50:59,Medium,Closed,64,Female
FIR05966,Murder,Whitefield,12.968841,77.746627,2026-03-01,04:16:45,High,Closed,28,Male
FIR05967,Robbery,Rajajinagar,12.989278,77.555256,2025-09-23,06:03:05,High,Closed,34,Other
FIR05968,Drug Offense,Hebbal,13.03269,77.594751,2025-08-16,07:35:47,Medium,Under Investigation,22,Female
FIR05969,Robbery,Rajajinagar,12.993703,77.55092,2025-11-29,18:36:11,High,Under Investigation,39,Male
FIR05970,Domestic Violence,HSR Layout,12.911416,77.649254,2025-08-18,12:29:38,Medium,Under Investigation,24,Other
FIR05971,Robbery,Koramangala,12.935958,77.625916,2026-07-13,04:41:19,High,Open,21,Other
FIR05972,Theft,MG Road,12.977394,77.6007,2024-11-14,14:07:58,Low,Under Investigation,35,Female
FIR05973,Fraud,MG Road,12.976243,77.606637,2026-07-09,17:21:56,Medium,Under Investigation,40,Male
FIR05974,Robbery,Bellandur,12.931861,77.679154,2025-11-16,01:51:40,High,Under Investigation,70,Other
FIR05975,Kidnapping,Rajajinagar,12.995524,77.552376,2026-05-07,20:43:27,High,Under Investigation,46,Female
FIR05976,Domestic Violence,MG Road,12.980535,77.605519,2024-10-07,02:44:11,Medium,Under Investigation,44,Female
FIR05977,Fraud,MG Road,12.979989,77.608223,2025-08-25,08:02:21,Medium,Closed,30,Female
FIR05978,Theft,BTM Layout,12.921338,77.609174,2024-11-02,15:17:11,Low,Open,64,Female
FIR05979,Cyber Crime,Marathahalli,12.956942,77.697029,2025-07-24,19:53:09,Medium,Closed,61,Female
FIR05980,Robbery,Jayanagar,12.925153,77.594058,2026-04-11,03:05:35,High,Open,64,Male
FIR05981,Cyber Crime,Electronic City,12.837532,77.678046,2025-01-31,11:31:14,Medium,Open,19,Male
FIR05982,Fraud,Marathahalli,12.960636,77.701421,2026-06-01,11:58:39,Medium,Open,22,Other
FIR05983,Murder,MG Road,12.973393,77.607226,2025-08-20,06:47:54,High,Under Investigation,35,Male
FIR05984,Robbery,BTM Layout,12.917975,77.610266,2025-06-13,08:19:24,High,Open,19,Other
FIR05985,Assault,Yelahanka,13.101654,77.598039,2024-07-23,02:54:03,Medium,Open,22,Male
FIR05986,Robbery,Banashankari,12.914493,77.569826,2024-12-26,00:27:53,High,Closed,64,Male
FIR05987,Kidnapping,HSR Layout,12.915269,77.651247,2025-06-09,11:56:28,High,Closed,21,Other
FIR05988,Assault,Banashankari,12.914497,77.57239,2026-04-11,00:50:51,Medium,Closed,69,Other
FIR05989,Kidnapping,Indiranagar,12.98249,77.638659,2026-02-02,23:01:57,High,Open,37,Male
FIR05990,Drug Offense,BTM Layout,12.91804,77.60963,2026-01-12,22:14:28,Medium,Open,43,Other
FIR05991,Theft,Hebbal,13.038379,77.601748,2024-08-27,23:38:35,Low,Closed,48,Other
FIR05992,Theft,Malleshwaram,13.000362,77.574176,2024-08-07,18:59:23,Low,Open,45,Male
FIR05993,Fraud,Hebbal,13.039427,77.599416,2024-10-03,15:47:18,Medium,Under Investigation,46,Male
FIR05994,Kidnapping,Bellandur,12.928494,77.676436,2025-01-29,07:43:42,High,Under Investigation,20,Other
FIR05995,Vehicle Theft,MG Road,12.971854,77.602002,2025-04-03,09:24:47,Low,Open,63,Female
FIR05996,Domestic Violence,Koramangala,12.93126,77.629141,2026-06-16,10:47:49,Medium,Under Investigation,54,Other
FIR05997,Kidnapping,Koramangala,12.936521,77.620239,2024-11-14,05:45:37,High,Open,40,Male
FIR05998,Fraud,Jayanagar,12.925312,77.593377,2025-10-24,23:42:00,Medium,Under Investigation,34,Other
FIR05999,Assault,Malleshwaram,12.998597,77.567119,2025-11-19,06:20:12,Medium,Closed,18,Male
FIR06000,Cyber Crime,BTM Layout,12.914813,77.610156,2024-08-24,10:04:43,Medium,Under Investigation,36,Female
FIR06001,Kidnapping,BTM Layout,12.915234,77.605211,2024-09-20,04:26:12,High,Open,34,Female
FIR06002,Theft,Indiranagar,12.983241,77.638555,2024-12-21,00:28:27,Low,Open,56,Other
FIR06003,Fraud,Whitefield,12.966443,77.753454,2026-01-17,01:06:12,Medium,Open,34,Other
FIR06004,Theft,Marathahalli,12.958097,77.696575,2025-07-12,07:37:26,Low,Under Investigation,26,Female
FIR06005,Murder,Electronic City,12.842039,77.672559,2025-03-19,02:24:03,High,Closed,49,Female
FIR06006,Cyber Crime,Marathahalli,12.956857,77.696658,2025-10-03,12:51:38,Medium,Open,58,Female
FIR06007,Robbery,Electronic City,12.838574,77.675619,2025-05-07,06:02:46,High,Under Investigation,58,Male
FIR06008,Assault,Malleshwaram,13.000875,77.573993,2025-11-30,06:42:31,Medium,Under Investigation,24,Male
FIR06009,Theft,Marathahalli,12.957276,77.69609,2024-11-11,18:53:59,Low,Closed,29,Female
FIR06010,Fraud,Indiranagar,12.977931,77.639611,2026-06-21,19:48:15,Medium,Closed,35,Male
FIR06011,Vehicle Theft,Bellandur,12.929301,77.674543,2026-02-08,07:24:23,Low,Open,26,Other
FIR06012,Murder,Whitefield,12.972903,77.748218,2024-08-26,13:39:27,High,Open,58,Female
FIR06013,Cyber Crime,HSR Layout,12.913695,77.650666,2025-05-24,08:56:03,Medium,Under Investigation,70,Male
FIR06014,Murder,BTM Layout,12.918043,77.605166,2025-04-01,09:18:05,High,Under Investigation,69,Female
FIR06015,Drug Offense,HSR Layout,12.915613,77.643218,2024-12-14,16:58:50,Medium,Closed,21,Other
FIR06016,Vehicle Theft,Yelahanka,13.103114,77.599152,2025-12-08,17:10:51,Low,Closed,40,Male
FIR06017,Robbery,Bellandur,12.928869,77.675399,2025-12-06,19:14:24,High,Under Investigation,59,Male
FIR06018,Drug Offense,Yelahanka,13.097932,77.599578,2026-03-29,02:18:30,Medium,Open,45,Male
FIR06019,Theft,Jayanagar,12.923656,77.593941,2024-08-09,04:29:24,Low,Closed,48,Male
FIR06020,Kidnapping,MG Road,12.977581,77.602938,2024-07-26,11:36:22,High,Under Investigation,66,Female
FIR06021,Domestic Violence,Malleshwaram,13.002972,77.57028,2025-08-08,15:30:19,Medium,Under Investigation,58,Female
FIR06022,Vehicle Theft,MG Road,12.979972,77.607714,2024-11-23,00:16:05,Low,Open,64,Female
FIR06023,Vehicle Theft,HSR Layout,12.915186,77.642442,2024-08-23,02:11:46,Low,Closed,39,Male
FIR06024,Kidnapping,Rajajinagar,12.988354,77.549913,2026-01-22,03:54:48,High,Under Investigation,42,Female
FIR06025,Murder,Bellandur,12.931577,77.679896,2024-09-05,23:12:00,High,Open,66,Male
FIR06026,Kidnapping,Bellandur,12.927263,77.67498,2025-10-13,02:27:01,High,Closed,64,Other
FIR06027,Cyber Crime,Jayanagar,12.925198,77.590038,2026-07-21,12:03:45,Medium,Open,18,Female
FIR06028,Cyber Crime,Koramangala,12.939448,77.626762,2025-01-14,20:55:36,Medium,Closed,61,Female
FIR06029,Kidnapping,Indiranagar,12.979261,77.638648,2025-11-06,23:32:28,High,Open,54,Male
FIR06030,Fraud,HSR Layout,12.913109,77.647383,2025-07-25,11:55:07,Medium,Closed,40,Female
FIR06031,Murder,Jayanagar,12.92117,77.590732,2026-04-07,09:20:23,High,Open,35,Male
FIR06032,Murder,BTM Layout,12.917889,77.612916,2026-05-05,00:33:54,High,Under Investigation,41,Other
FIR06033,Assault,Bellandur,12.927904,77.679444,2025-06-19,10:50:52,Medium,Open,35,Male
FIR06034,Murder,Banashankari,12.916918,77.569793,2026-04-18,03:00:44,High,Closed,64,Male
FIR06035,Cyber Crime,Rajajinagar,12.991006,77.554798,2024-10-24,09:00:55,Medium,Closed,18,Other
FIR06036,Assault,Rajajinagar,12.988004,77.554691,2025-01-31,20:34:59,Medium,Open,48,Other
FIR06037,Robbery,Yelahanka,13.101187,77.600577,2024-11-25,07:31:33,High,Open,52,Other
FIR06038,Cyber Crime,Malleshwaram,13.005545,77.573344,2025-08-09,02:57:46,Medium,Closed,68,Female
FIR06039,Theft,Malleshwaram,12.999472,77.568415,2025-03-28,21:39:53,Low,Under Investigation,31,Male
FIR06040,Vehicle Theft,Banashankari,12.918236,77.573837,2026-02-11,17:21:30,Low,Under Investigation,65,Female
FIR06041,Theft,Malleshwaram,13.006504,77.56921,2025-12-16,15:55:59,Low,Under Investigation,34,Other
FIR06042,Drug Offense,Banashankari,12.920516,77.57666,2024-09-03,10:14:36,Medium,Closed,56,Other
FIR06043,Assault,Yelahanka,13.09647,77.594178,2026-01-16,09:24:20,Medium,Closed,68,Male
FIR06044,Theft,Bellandur,12.923603,77.681107,2026-05-22,14:07:43,Low,Closed,22,Other
FIR06045,Drug Offense,Indiranagar,12.982192,77.637572,2025-01-11,16:18:45,Medium,Closed,33,Male
FIR06046,Kidnapping,HSR Layout,12.906983,77.648126,2026-02-11,06:13:50,High,Under Investigation,25,Female
FIR06047,Fraud,Jayanagar,12.927707,77.5897,2024-11-02,03:09:54,Medium,Open,35,Other
FIR06048,Domestic Violence,Koramangala,12.932779,77.622229,2025-05-09,15:22:44,Medium,Open,37,Male
FIR06049,Robbery,Marathahalli,12.958289,77.701289,2025-11-20,15:58:23,High,Open,53,Female
FIR06050,Kidnapping,Yelahanka,13.103114,77.59666,2026-01-16,09:41:45,High,Open,30,Female
FIR06051,Kidnapping,Yelahanka,13.099783,77.600751,2026-05-09,15:43:23,High,Closed,20,Female
FIR06052,Cyber Crime,Bellandur,12.926793,77.677416,2026-07-04,02:01:44,Medium,Open,44,Male
FIR06053,Assault,Marathahalli,12.956357,77.697209,2026-02-03,22:15:31,Medium,Open,27,Male
FIR06054,Robbery,Bellandur,12.923322,77.673749,2024-08-01,01:54:26,High,Closed,39,Female
FIR06055,Robbery,BTM Layout,12.915774,77.607109,2026-02-08,06:59:20,High,Under Investigation,29,Male
FIR06056,Drug Offense,Marathahalli,12.959979,77.696735,2026-06-03,04:51:55,Medium,Under Investigation,47,Male
FIR06057,Robbery,Yelahanka,13.10344,77.591769,2025-07-09,10:11:29,High,Under Investigation,19,Female
FIR06058,Vehicle Theft,Malleshwaram,13.000647,77.568716,2025-12-29,18:12:16,Low,Open,57,Other
FIR06059,Kidnapping,Koramangala,12.938068,77.62464,2024-11-22,08:49:07,High,Closed,27,Female
FIR06060,Domestic Violence,Koramangala,12.93869,77.621202,2025-03-19,16:27:17,Medium,Open,49,Other
FIR06061,Fraud,Malleshwaram,13.002304,77.574011,2024-09-01,07:50:24,Medium,Open,66,Male
FIR06062,Robbery,Bellandur,12.932302,77.680645,2026-07-18,03:00:04,High,Under Investigation,59,Male
FIR06063,Cyber Crime,Rajajinagar,12.989508,77.553986,2026-03-11,07:27:21,Medium,Open,57,Other
FIR06064,Fraud,MG Road,12.975523,77.605218,2025-03-06,03:18:54,Medium,Closed,23,Male
FIR06065,Robbery,Banashankari,12.922454,77.576565,2024-10-28,23:51:25,High,Under Investigation,62,Female
FIR06066,Drug Offense,Banashankari,12.920736,77.569257,2025-03-23,00:18:00,Medium,Open,25,Female
FIR06067,Theft,Malleshwaram,13.003485,77.572525,2025-03-11,21:07:16,Low,Under Investigation,44,Male
FIR06068,Murder,Bellandur,12.928702,77.675365,2025-08-01,07:35:09,High,Closed,40,Other
FIR06069,Fraud,Rajajinagar,12.992641,77.556694,2024-08-12,23:24:44,Medium,Open,65,Other
FIR06070,Assault,Banashankari,12.917209,77.572786,2026-04-15,17:41:15,Medium,Under Investigation,42,Male
FIR06071,Drug Offense,Indiranagar,12.978391,77.644382,2024-08-10,15:55:49,Medium,Open,36,Other
FIR06072,Cyber Crime,Marathahalli,12.963286,77.701791,2025-11-23,04:08:02,Medium,Closed,24,Female
FIR06073,Robbery,Indiranagar,12.979911,77.639761,2025-08-11,20:51:55,High,Under Investigation,22,Male
FIR06074,Kidnapping,Indiranagar,12.98085,77.644995,2025-03-02,00:32:57,High,Open,40,Male
FIR06075,Theft,Marathahalli,12.957332,77.693567,2025-06-22,06:53:11,Low,Open,66,Male
FIR06076,Drug Offense,Yelahanka,13.096886,77.600256,2026-05-16,08:03:59,Medium,Under Investigation,65,Female
FIR06077,Murder,Yelahanka,13.098356,77.593112,2025-09-12,05:23:41,High,Open,40,Male
FIR06078,Fraud,Electronic City,12.836176,77.674477,2024-09-29,03:00:25,Medium,Open,22,Other
FIR06079,Vehicle Theft,Marathahalli,12.955369,77.695882,2026-02-14,12:54:31,Low,Open,53,Male
FIR06080,Vehicle Theft,Marathahalli,12.963233,77.697385,2025-09-28,23:35:40,Low,Open,67,Other
FIR06081,Vehicle Theft,Electronic City,12.842383,77.673984,2026-03-12,11:32:57,Low,Under Investigation,49,Female
FIR06082,Murder,Koramangala,12.934887,77.624094,2025-10-21,17:06:37,High,Closed,67,Other
FIR06083,Theft,MG Road,12.972455,77.60983,2024-07-31,21:21:10,Low,Open,50,Female
FIR06084,Drug Offense,Malleshwaram,13.003856,77.570739,2025-07-20,22:26:22,Medium,Closed,56,Male
FIR06085,Fraud,Bellandur,12.932241,77.675472,2026-03-08,00:18:12,Medium,Under Investigation,20,Male
FIR06086,Kidnapping,BTM Layout,12.917966,77.614104,2025-02-07,14:06:57,High,Open,44,Male
FIR06087,Kidnapping,Bellandur,12.924471,77.6751,2025-11-04,16:51:17,High,Closed,22,Other
FIR06088,Vehicle Theft,Marathahalli,12.954427,77.701927,2025-02-24,00:18:06,Low,Closed,28,Other
FIR06089,Fraud,Koramangala,12.93104,77.623108,2025-05-20,14:26:23,Medium,Closed,68,Female
FIR06090,Assault,Hebbal,13.036067,77.592804,2025-07-03,16:52:26,Medium,Closed,66,Other
FIR06091,Vehicle Theft,Banashankari,12.919275,77.569252,2026-02-10,08:44:37,Low,Closed,38,Male
FIR06092,Murder,Marathahalli,12.960958,77.699553,2025-09-03,17:48:58,High,Open,47,Female
FIR06093,Cyber Crime,Koramangala,12.932154,77.623795,2024-12-13,23:03:36,Medium,Under Investigation,46,Male
FIR06094,Kidnapping,Marathahalli,12.962365,77.696342,2026-02-02,19:13:34,High,Closed,64,Female
FIR06095,Vehicle Theft,Malleshwaram,13.002656,77.568694,2024-09-12,08:01:15,Low,Closed,27,Male
FIR06096,Theft,BTM Layout,12.911806,77.610798,2024-08-01,08:23:31,Low,Under Investigation,66,Female
FIR06097,Fraud,Malleshwaram,13.00837,77.568239,2024-11-05,10:44:25,Medium,Closed,63,Other
FIR06098,Theft,Hebbal,13.037978,77.592236,2024-11-29,13:37:24,Low,Closed,69,Other
FIR06099,Cyber Crime,Hebbal,13.040648,77.596978,2025-12-08,20:33:28,Medium,Closed,33,Female
FIR06100,Robbery,Hebbal,13.03196,77.595076,2025-05-19,18:53:29,High,Open,36,Male
FIR06101,Domestic Violence,Yelahanka,13.099504,77.599701,2025-10-22,10:19:35,Medium,Closed,61,Female
FIR06102,Cyber Crime,Indiranagar,12.981567,77.63644,2024-10-22,07:17:33,Medium,Under Investigation,63,Female
FIR06103,Drug Offense,MG Road,12.970908,77.600055,2025-02-16,07:49:52,Medium,Under Investigation,21,Male
FIR06104,Theft,Bellandur,12.932378,77.672249,2025-12-07,14:31:34,Low,Closed,47,Other
FIR06105,Drug Offense,BTM Layout,12.918254,77.614602,2025-02-23,03:40:59,Medium,Under Investigation,67,Male
FIR06106,Murder,Malleshwaram,13.003614,77.5723,2024-08-29,23:15:38,High,Closed,51,Male
FIR06107,Kidnapping,Bellandur,12.924489,77.677303,2026-02-13,03:21:28,High,Open,56,Other
FIR06108,Robbery,Whitefield,12.974516,77.745981,2025-09-01,12:57:43,High,Under Investigation,54,Female
FIR06109,Theft,Bellandur,12.927335,77.678841,2026-03-10,10:29:59,Low,Closed,60,Other
FIR06110,Domestic Violence,Yelahanka,13.10254,77.596745,2025-08-31,11:13:41,Medium,Open,32,Female
FIR06111,Vehicle Theft,Hebbal,13.032345,77.600316,2026-02-20,07:10:30,Low,Open,42,Other
FIR06112,Kidnapping,Whitefield,12.965969,77.754738,2026-04-23,15:34:16,High,Open,56,Male
FIR06113,Theft,Bellandur,12.931683,77.680597,2025-10-14,21:06:50,Low,Closed,22,Male
FIR06114,Robbery,HSR Layout,12.909864,77.646506,2025-11-13,06:12:21,High,Open,26,Other
FIR06115,Domestic Violence,Rajajinagar,12.995677,77.556923,2024-12-28,06:04:09,Medium,Open,52,Other
FIR06116,Kidnapping,Indiranagar,12.981468,77.645005,2025-03-04,10:30:53,High,Open,19,Other
FIR06117,Cyber Crime,Hebbal,13.031994,77.598624,2024-12-28,12:46:44,Medium,Open,63,Male
FIR06118,Robbery,Jayanagar,12.920906,77.591331,2025-06-01,02:16:54,High,Closed,48,Male
FIR06119,Vehicle Theft,MG Road,12.980214,77.603953,2026-07-22,23:17:54,Low,Under Investigation,63,Other
FIR06120,Vehicle Theft,MG Road,12.976708,77.603304,2026-03-16,03:52:23,Low,Closed,23,Male
FIR06121,Murder,Marathahalli,12.959428,77.700929,2025-05-15,23:45:34,High,Open,44,Male
FIR06122,Murder,Rajajinagar,12.992578,77.556672,2025-12-26,06:43:19,High,Open,26,Female
FIR06123,Vehicle Theft,Bellandur,12.928013,77.671216,2025-07-18,23:36:48,Low,Open,27,Other
FIR06124,Drug Offense,Electronic City,12.841455,77.674454,2026-02-13,19:25:20,Medium,Open,50,Male
FIR06125,Cyber Crime,Marathahalli,12.962628,77.699885,2024-11-15,07:57:20,Medium,Open,54,Male
FIR06126,Robbery,Marathahalli,12.961969,77.693443,2025-04-11,10:47:54,High,Open,42,Male
FIR06127,Assault,Marathahalli,12.959199,77.700425,2025-07-14,19:32:32,Medium,Closed,42,Male
FIR06128,Kidnapping,Bellandur,12.930855,77.672761,2025-12-03,04:24:03,High,Open,67,Other
FIR06129,Robbery,Malleshwaram,13.006411,77.566834,2025-02-24,23:22:20,High,Under Investigation,28,Female
FIR06130,Assault,Marathahalli,12.955777,77.701288,2025-05-07,13:32:44,Medium,Open,38,Male
FIR06131,Fraud,Banashankari,12.917894,77.570698,2025-08-19,08:56:38,Medium,Under Investigation,22,Male
FIR06132,Murder,BTM Layout,12.914512,77.608162,2025-10-02,17:20:28,High,Closed,62,Other
FIR06133,Kidnapping,Banashankari,12.921911,77.572979,2024-07-29,15:58:05,High,Closed,28,Other
FIR06134,Cyber Crime,Bellandur,12.92997,77.680982,2025-03-31,02:34:44,Medium,Closed,36,Male
FIR06135,Robbery,Malleshwaram,12.999112,77.566889,2026-01-06,01:13:19,High,Open,55,Female
FIR06136,Murder,Electronic City,12.836638,77.681832,2025-05-15,00:47:27,High,Open,62,Other
FIR06137,Drug Offense,BTM Layout,12.918013,77.605565,2026-07-22,12:45:52,Medium,Open,51,Other
FIR06138,Theft,HSR Layout,12.907665,77.648045,2025-08-13,13:01:13,Low,Closed,26,Male
FIR06139,Assault,Koramangala,12.936022,77.623875,2024-09-22,10:58:44,Medium,Closed,36,Female
FIR06140,Murder,Jayanagar,12.923107,77.593028,2025-07-02,21:09:10,High,Open,62,Female
FIR06141,Vehicle Theft,Marathahalli,12.963392,77.698766,2026-07-19,09:25:03,Low,Under Investigation,34,Other
FIR06142,Assault,Koramangala,12.935902,77.628339,2024-08-06,04:16:47,Medium,Open,45,Other
FIR06143,Cyber Crime,Banashankari,12.914859,77.570991,2025-03-26,11:57:42,Medium,Under Investigation,55,Female
FIR06144,Fraud,Rajajinagar,12.992546,77.553803,2025-11-25,02:19:12,Medium,Open,36,Other
FIR06145,Kidnapping,Indiranagar,12.975877,77.637558,2025-02-08,16:10:34,High,Closed,63,Male
FIR06146,Robbery,Jayanagar,12.928666,77.594633,2026-06-04,15:10:58,High,Under Investigation,31,Female
FIR06147,Fraud,Malleshwaram,13.005257,77.568807,2026-02-17,15:35:33,Medium,Open,37,Female
FIR06148,Kidnapping,Jayanagar,12.928528,77.588869,2025-09-30,20:01:37,High,Closed,21,Other
FIR06149,Assault,Malleshwaram,13.007599,77.574451,2025-05-11,04:18:20,Medium,Closed,51,Female
FIR06150,Drug Offense,Electronic City,12.84043,77.672402,2025-06-13,14:23:06,Medium,Open,30,Other
FIR06151,Fraud,Rajajinagar,12.993373,77.551214,2025-02-24,02:59:47,Medium,Open,62,Male
FIR06152,Fraud,MG Road,12.975119,77.608665,2026-06-08,03:26:19,Medium,Closed,28,Male
FIR06153,Domestic Violence,Koramangala,12.933725,77.625207,2025-09-19,01:37:54,Medium,Open,68,Male
FIR06154,Robbery,Electronic City,12.841183,77.674936,2025-09-05,02:00:10,High,Under Investigation,32,Female
FIR06155,Drug Offense,Yelahanka,13.100922,77.600786,2025-07-27,21:21:22,Medium,Under Investigation,53,Other
FIR06156,Murder,Marathahalli,12.954551,77.694073,2025-04-19,13:33:03,High,Under Investigation,70,Male
FIR06157,Robbery,BTM Layout,12.91764,77.609875,2025-11-18,21:25:26,High,Under Investigation,35,Male
FIR06158,Cyber Crime,MG Road,12.976391,77.60931,2025-06-06,10:03:13,Medium,Closed,56,Female
FIR06159,Assault,Malleshwaram,12.999098,77.566116,2024-09-12,20:56:14,Medium,Closed,44,Male
FIR06160,Vehicle Theft,Whitefield,12.967085,77.748683,2025-09-28,04:20:09,Low,Under Investigation,56,Female
FIR06161,Murder,Indiranagar,12.976174,77.643519,2026-02-08,04:14:23,High,Open,70,Female
FIR06162,Fraud,HSR Layout,12.909947,77.644861,2024-12-26,01:42:40,Medium,Open,38,Other
FIR06163,Drug Offense,Jayanagar,12.927184,77.595481,2025-10-02,05:32:49,Medium,Under Investigation,39,Other
FIR06164,Drug Offense,HSR Layout,12.912012,77.644961,2026-04-24,10:08:24,Medium,Under Investigation,49,Male
FIR06165,Kidnapping,BTM Layout,12.915606,77.611556,2026-07-06,21:18:33,High,Under Investigation,49,Other
FIR06166,Domestic Violence,Bellandur,12.927239,77.675432,2025-06-11,15:33:04,Medium,Open,66,Female
FIR06167,Drug Offense,Malleshwaram,13.001951,77.570694,2025-04-19,20:21:22,Medium,Closed,19,Other
FIR06168,Assault,BTM Layout,12.915615,77.614751,2025-03-05,23:27:17,Medium,Under Investigation,55,Other
FIR06169,Theft,Malleshwaram,13.003107,77.572727,2025-07-28,20:33:51,Low,Closed,20,Other
FIR06170,Theft,MG Road,12.97292,77.608247,2025-04-21,01:27:27,Low,Closed,35,Male
FIR06171,Vehicle Theft,Electronic City,12.843942,77.677935,2026-04-13,20:00:23,Low,Under Investigation,31,Female
FIR06172,Drug Offense,Jayanagar,12.925837,77.596629,2024-11-22,20:34:51,Medium,Closed,39,Male
FIR06173,Fraud,Malleshwaram,13.007414,77.567452,2025-04-09,22:11:24,Medium,Open,27,Other
FIR06174,Cyber Crime,Banashankari,12.916679,77.569807,2025-04-11,22:38:26,Medium,Under Investigation,35,Other
FIR06175,Assault,Electronic City,12.837728,77.676098,2025-08-08,10:21:07,Medium,Under Investigation,21,Other
FIR06176,Vehicle Theft,Jayanagar,12.926972,77.591556,2025-12-30,14:21:12,Low,Open,62,Other
FIR06177,Domestic Violence,Marathahalli,12.956389,77.697658,2025-07-08,11:53:16,Medium,Under Investigation,60,Female
FIR06178,Murder,Marathahalli,12.959946,77.69925,2024-12-30,13:31:44,High,Open,22,Other
FIR06179,Robbery,Whitefield,12.970553,77.745693,2025-12-19,23:36:39,High,Open,53,Other
FIR06180,Drug Offense,Bellandur,12.932673,77.679971,2024-09-25,15:07:40,Medium,Under Investigation,66,Male
FIR06181,Cyber Crime,Indiranagar,12.979414,77.644879,2024-11-01,23:28:21,Medium,Open,43,Male
FIR06182,Drug Offense,Yelahanka,13.103068,77.598938,2025-02-19,12:05:44,Medium,Open,43,Other
FIR06183,Drug Offense,Jayanagar,12.924336,77.594662,2026-01-04,19:54:56,Medium,Under Investigation,34,Other
FIR06184,Assault,BTM Layout,12.913298,77.611167,2025-12-20,16:25:10,Medium,Under Investigation,65,Other
FIR06185,Theft,Bellandur,12.931657,77.671245,2026-03-10,07:49:49,Low,Under Investigation,54,Other
FIR06186,Fraud,Hebbal,13.035944,77.600398,2024-10-11,05:39:23,Medium,Under Investigation,47,Other
FIR06187,Cyber Crime,Yelahanka,13.095893,77.598124,2025-02-16,07:37:25,Medium,Under Investigation,65,Female
FIR06188,Assault,MG Road,12.977055,77.604672,2025-04-09,11:42:38,Medium,Open,18,Male
FIR06189,Assault,Bellandur,12.925012,77.672886,2024-12-05,12:21:05,Medium,Under Investigation,18,Other
FIR06190,Kidnapping,Koramangala,12.939708,77.623291,2024-09-12,17:43:49,High,Closed,19,Other
FIR06191,Fraud,Banashankari,12.915409,77.576934,2025-02-19,14:41:50,Medium,Open,67,Male
FIR06192,Kidnapping,Marathahalli,12.96277,77.697929,2024-09-21,16:55:08,High,Open,68,Female
FIR06193,Cyber Crime,Rajajinagar,12.994373,77.553951,2025-01-17,03:58:53,Medium,Closed,57,Other
FIR06194,Robbery,Malleshwaram,12.999637,77.571153,2025-05-01,14:56:33,High,Under Investigation,27,Male
FIR06195,Theft,Whitefield,12.972324,77.753467,2025-09-24,13:32:09,Low,Under Investigation,48,Female
FIR06196,Assault,Malleshwaram,13.008226,77.570483,2025-08-21,10:29:11,Medium,Under Investigation,69,Male
FIR06197,Drug Offense,Bellandur,12.924126,77.6777,2026-01-07,09:01:34,Medium,Open,65,Other
FIR06198,Theft,Rajajinagar,12.993977,77.556528,2025-03-21,16:24:18,Low,Open,23,Female
FIR06199,Drug Offense,Marathahalli,12.955813,77.697385,2025-09-01,22:24:11,Medium,Open,47,Male
FIR06200,Vehicle Theft,Electronic City,12.842907,77.67299,2024-09-04,15:20:52,Low,Under Investigation,45,Female
FIR06201,Drug Offense,Bellandur,12.930328,77.674486,2025-05-06,06:59:33,Medium,Open,66,Other
FIR06202,Fraud,BTM Layout,12.916951,77.610329,2025-01-26,14:48:04,Medium,Closed,63,Female
FIR06203,Assault,HSR Layout,12.908679,77.647563,2024-11-12,02:26:49,Medium,Closed,35,Female
FIR06204,Murder,Whitefield,12.970335,77.745399,2024-09-25,17:08:37,High,Closed,70,Male
FIR06205,Robbery,BTM Layout,12.912044,77.614688,2025-08-14,20:24:28,High,Open,25,Other
FIR06206,Fraud,HSR Layout,12.907422,77.652112,2026-03-02,05:54:06,Medium,Closed,24,Female
FIR06207,Kidnapping,Koramangala,12.939774,77.626697,2025-08-26,08:36:17,High,Closed,24,Other
FIR06208,Assault,MG Road,12.971502,77.609179,2025-02-06,11:26:53,Medium,Under Investigation,56,Female
FIR06209,Robbery,HSR Layout,12.907206,77.647886,2026-06-04,14:40:32,High,Open,61,Male
FIR06210,Robbery,MG Road,12.970893,77.602358,2025-04-17,00:57:43,High,Closed,42,Other
FIR06211,Vehicle Theft,MG Road,12.976954,77.603449,2024-08-26,19:41:17,Low,Closed,50,Other
FIR06212,Robbery,Marathahalli,12.957397,77.692706,2024-11-01,13:24:50,High,Under Investigation,18,Male
FIR06213,Drug Offense,Malleshwaram,12.999098,77.569205,2026-03-19,12:32:51,Medium,Closed,37,Other
FIR06214,Cyber Crime,Rajajinagar,12.991364,77.556531,2025-06-22,03:50:45,Medium,Closed,65,Female
FIR06215,Vehicle Theft,MG Road,12.97195,77.605819,2025-10-28,04:57:55,Low,Open,56,Male
FIR06216,Robbery,Hebbal,13.038007,77.595673,2025-11-25,16:49:50,High,Under Investigation,18,Male
FIR06217,Drug Offense,Malleshwaram,13.005356,77.571613,2024-09-16,05:10:26,Medium,Under Investigation,40,Male
FIR06218,Assault,Bellandur,12.931779,77.672383,2024-11-15,04:48:51,Medium,Closed,53,Male
FIR06219,Robbery,MG Road,12.97475,77.608373,2024-07-25,23:32:18,High,Under Investigation,18,Other
FIR06220,Domestic Violence,Rajajinagar,12.993458,77.557707,2025-06-16,00:51:14,Medium,Under Investigation,45,Female
FIR06221,Cyber Crime,Marathahalli,12.963045,77.698351,2025-09-01,02:13:54,Medium,Closed,58,Other
FIR06222,Robbery,Jayanagar,12.920652,77.589983,2025-03-17,23:39:56,High,Open,36,Female
FIR06223,Fraud,Whitefield,12.973705,77.745597,2026-02-04,01:20:28,Medium,Closed,48,Other
FIR06224,Theft,HSR Layout,12.912708,77.650389,2026-01-18,14:29:51,Low,Under Investigation,26,Other
FIR06225,Assault,Malleshwaram,13.006711,77.57132,2025-10-28,13:13:29,Medium,Under Investigation,35,Other
FIR06226,Assault,Electronic City,12.838351,77.67374,2025-10-08,06:15:52,Medium,Open,45,Other
FIR06227,Assault,Electronic City,12.836896,77.677187,2025-03-23,20:37:56,Medium,Under Investigation,56,Other
FIR06228,Cyber Crime,Koramangala,12.938303,77.62125,2025-12-05,07:32:38,Medium,Under Investigation,50,Other
FIR06229,Murder,BTM Layout,12.913443,77.606655,2025-03-10,16:09:24,High,Closed,63,Other
FIR06230,Cyber Crime,Hebbal,13.034771,77.597756,2025-06-12,14:04:51,Medium,Open,63,Female
FIR06231,Theft,Malleshwaram,13.002607,77.568647,2025-02-10,01:18:29,Low,Under Investigation,33,Other
FIR06232,Vehicle Theft,Koramangala,12.933224,77.6205,2026-04-01,16:14:30,Low,Open,50,Female
FIR06233,Assault,Indiranagar,12.978393,77.637046,2024-09-21,13:47:57,Medium,Open,67,Female
FIR06234,Robbery,Marathahalli,12.957744,77.698607,2025-05-13,19:05:29,High,Open,40,Female
FIR06235,Vehicle Theft,Hebbal,13.03595,77.601153,2025-10-28,13:07:41,Low,Open,20,Other
FIR06236,Drug Offense,Whitefield,12.974744,77.747596,2025-05-10,18:50:52,Medium,Closed,43,Other
FIR06237,Theft,Malleshwaram,13.000501,77.571995,2025-05-12,02:25:40,Low,Closed,62,Male
FIR06238,Theft,Jayanagar,12.922148,77.595252,2026-03-01,18:51:48,Low,Closed,65,Female
FIR06239,Cyber Crime,Malleshwaram,13.006349,77.572287,2024-10-06,12:31:15,Medium,Open,65,Female
FIR06240,Robbery,HSR Layout,12.91335,77.643761,2025-02-09,02:38:23,High,Under Investigation,69,Female
FIR06241,Robbery,Rajajinagar,12.994808,77.559226,2026-04-30,02:27:39,High,Under Investigation,57,Male
FIR06242,Assault,Koramangala,12.930843,77.625928,2024-12-05,21:25:14,Medium,Under Investigation,29,Male
FIR06243,Robbery,Malleshwaram,13.001237,77.567548,2025-12-07,02:31:21,High,Closed,35,Male
FIR06244,Fraud,Yelahanka,13.099412,77.593816,2024-08-24,01:25:12,Medium,Under Investigation,28,Female
FIR06245,Murder,HSR Layout,12.907627,77.642833,2025-01-12,03:16:26,High,Open,70,Male
FIR06246,Murder,Hebbal,13.036648,77.595276,2025-09-18,18:53:54,High,Under Investigation,54,Female
FIR06247,Robbery,MG Road,12.977973,77.602725,2026-03-29,19:28:27,High,Closed,48,Female
FIR06248,Fraud,HSR Layout,12.912684,77.645119,2026-01-31,03:40:01,Medium,Open,38,Other
FIR06249,Kidnapping,Yelahanka,13.096741,77.597994,2026-04-07,02:06:38,High,Under Investigation,29,Female
FIR06250,Fraud,Banashankari,12.914119,77.577705,2026-02-01,10:18:56,Medium,Under Investigation,54,Female
FIR06251,Domestic Violence,Hebbal,13.039898,77.59303,2025-11-23,12:42:52,Medium,Under Investigation,18,Female
